<?xml version="1.0" encoding="utf-16"?>
<Level width ="2">
<Camera x="0" y="2" minWidth="20" maxWidth="30">
<Birds>
<Bird type="BirdBlue"/>
<Bird type="BirdRed"/>
<Bird type="BirdYellow"/>
<Bird type="BirdBlue"/>
<Bird type="BirdBlue"/>
<Bird type="BirdBlue"/>
<Bird type="BirdRed"/>
</Birds>
<Slingshot x="-8" y="-2.5">
<GameObjects>
<Block type="RectTiny" material="ice" x="-1.1" y="-3.49" rotation="0" />
<Block type="RectTiny" material="ice" x="-0.4" y="-3.49" rotation="0" />
<Pig type="BasicSmall" material="" x="0.1" y="-3.375" rotation="0" />
<Pig type="BasicSmall" material="" x="0.7" y="-3.375" rotation="0" />
<Block type="RectTiny" material="ice" x="1.2" y="-3.49" rotation="0" />
<Block type="RectTiny" material="ice" x="1.8" y="-3.49" rotation="0" />
<Pig type="BasicSmall" material="" x="2.3" y="-3.375" rotation="0" />
<Pig type="BasicSmall" material="" x="3.0" y="-3.375" rotation="0" />
<Block type="RectTiny" material="ice" x="3.5" y="-3.49" rotation="0" />
<Block type="RectTiny" material="ice" x="4.1" y="-3.49" rotation="0" />
<Block type="RectFat" material="wood" x="-1.1" y="-2.9050000000000007" rotation="90" />
<Block type="RectFat" material="wood" x="-0.4" y="-2.9050000000000007" rotation="90" />
<Block type="RectFat" material="ice" x="1.2" y="-2.9050000000000007" rotation="90" />
<Block type="RectFat" material="wood" x="1.8" y="-2.9050000000000007" rotation="90" />
<Block type="RectFat" material="ice" x="3.4" y="-2.9050000000000007" rotation="90" />
<Block type="RectFat" material="wood" x="4.1" y="-2.9050000000000007" rotation="90" />
<Block type="SquareHole" material="ice" x="-0.8" y="-2.010000000000001" rotation="0" />
<Block type="SquareHole" material="ice" x="1.5" y="-2.010000000000001" rotation="0" />
<Block type="SquareHole" material="ice" x="3.8" y="-2.010000000000001" rotation="0" />
<Block type="SquareHole" material="ice" x="-0.8" y="-1.1200000000000012" rotation="0" />
<Block type="SquareHole" material="wood" x="1.5" y="-1.1200000000000012" rotation="0" />
<Block type="SquareHole" material="ice" x="3.8" y="-1.1200000000000012" rotation="0" />
<Block type="RectBig" material="wood" x="0.2" y="-0.5400000000000013" rotation="0" />
<Block type="RectBig" material="wood" x="2.8" y="-0.5400000000000013" rotation="0" />
<Block type="RectBig" material="stone" x="0.2" y="-0.2700000000000013" rotation="0" />
<Block type="RectBig" material="stone" x="2.8" y="-0.2700000000000013" rotation="0" />
<Block type="CircleSmall" material="ice" x="-0.5" y="0.1149999999999987" rotation="0" />
<Block type="RectFat" material="stone" x="0.4" y="0.10499999999999869" rotation="0" />
<Block type="RectFat" material="stone" x="1.5" y="0.10499999999999869" rotation="0" />
<Block type="RectFat" material="stone" x="2.6" y="0.10499999999999869" rotation="0" />
<Block type="CircleSmall" material="stone" x="3.5" y="0.1149999999999987" rotation="0" />
<Block type="RectSmall" material="stone" x="0.4" y="0.47999999999999865" rotation="0" />
<Block type="RectSmall" material="stone" x="1.5" y="0.47999999999999865" rotation="0" />
<Block type="RectSmall" material="stone" x="2.6" y="0.47999999999999865" rotation="0" />
<Block type="Circle" material="wood" x="0.4" y="1.0399999999999987" rotation="0" />
<Block type="CircleSmall" material="stone" x="1.2" y="0.8649999999999987" rotation="0" />
<Block type="CircleSmall" material="ice" x="1.8" y="0.8649999999999987" rotation="0" />
<Block type="Triangle" material="stone" x="2.9" y="1.0499999999999987" rotation="90" />
</GameObjects>
</Level>
