<?xml version="1.0" encoding="utf-16"?>
<Level width ="2">
<Camera x="0" y="2" minWidth="20" maxWidth="30">
<Birds>
<Bird type="BirdBlue"/>
<Bird type="BirdRed"/>
<Bird type="BirdYellow"/>
<Bird type="BirdBlue"/>
<Bird type="BirdBlue"/>
<Bird type="BirdBlue"/>
<Bird type="BirdRed"/>
</Birds>
<Slingshot x="-8" y="-2.5">
<GameObjects>
<Block type="SquareSmall" material="ice" x="-0.8" y="-3.3850000000000002" rotation="0" />
<Block type="SquareSmall" material="stone" x="0.2" y="-3.3850000000000002" rotation="0" />
<Block type="SquareSmall" material="ice" x="1.1" y="-3.3850000000000002" rotation="0" />
<Block type="SquareSmall" material="ice" x="1.7" y="-3.3850000000000002" rotation="0" />
<Block type="SquareSmall" material="ice" x="2.6" y="-3.3850000000000002" rotation="0" />
<Block type="SquareSmall" material="ice" x="3.6" y="-3.3850000000000002" rotation="0" />
<Block type="RectBig" material="stone" x="-0.5" y="-3.0100000000000007" rotation="0" />
<Block type="RectBig" material="wood" x="1.6" y="-3.0100000000000007" rotation="0" />
<Block type="RectBig" material="stone" x="3.7" y="-3.0100000000000007" rotation="0" />
<Pig type="BasicSmall" material="" x="-1.2" y="-2.625000000000001" rotation="0" />
<Block type="RectTiny" material="wood" x="-0.2" y="-2.635000000000001" rotation="90" />
<Block type="RectFat" material="stone" x="1.6" y="-2.635000000000001" rotation="0" />
<Block type="RectTiny" material="ice" x="3.4" y="-2.635000000000001" rotation="90" />
<Pig type="BasicSmall" material="" x="4.4" y="-2.625000000000001" rotation="0" />
<Block type="RectMedium" material="wood" x="0.5" y="-2.2600000000000016" rotation="0" />
<Block type="RectMedium" material="ice" x="2.7" y="-2.2600000000000016" rotation="0" />
<Block type="CircleSmall" material="ice" x="-0.1" y="-1.8750000000000016" rotation="0" />
<Block type="RectSmall" material="wood" x="0.7" y="-1.9900000000000018" rotation="0" />
<Block type="RectSmall" material="wood" x="1.6" y="-1.9900000000000018" rotation="0" />
<Block type="RectSmall" material="ice" x="2.5" y="-1.9900000000000018" rotation="0" />
<Block type="CircleSmall" material="wood" x="3.3" y="-1.8750000000000016" rotation="0" />
<Block type="SquareHole" material="ice" x="0.7" y="-1.4100000000000017" rotation="0" />
<Block type="SquareHole" material="ice" x="1.6" y="-1.4100000000000017" rotation="0" />
<Block type="SquareHole" material="ice" x="2.5" y="-1.4100000000000017" rotation="0" />
<Block type="RectSmall" material="ice" x="0.7" y="-0.5150000000000017" rotation="90" />
<Block type="RectSmall" material="ice" x="1.3" y="-0.5150000000000017" rotation="90" />
<Block type="RectSmall" material="ice" x="1.9" y="-0.5150000000000017" rotation="90" />
<Block type="RectSmall" material="wood" x="2.5" y="-0.5150000000000017" rotation="90" />
<Block type="RectFat" material="ice" x="1.0" y="0.17499999999999832" rotation="0" />
<Block type="RectFat" material="ice" x="2.2" y="0.17499999999999832" rotation="0" />
<Block type="SquareTiny" material="ice" x="1.1" y="0.5499999999999984" rotation="0" />
<Block type="SquareTiny" material="ice" x="2.1" y="0.5499999999999984" rotation="0" />
<Block type="CircleSmall" material="wood" x="2.5" y="0.6649999999999984" rotation="0" />
<Block type="TriangleHole" material="ice" x="1.1" y="1.1199999999999983" rotation="0" />
</GameObjects>
</Level>
