<?xml version="1.0" encoding="utf-16"?>
<Level width ="2">
<Camera x="0" y="2" minWidth="20" maxWidth="30">
<Birds>
<Bird type="BirdBlue"/>
<Bird type="BirdRed"/>
<Bird type="BirdYellow"/>
<Bird type="BirdBlue"/>
<Bird type="BirdBlue"/>
<Bird type="BirdBlue"/>
<Bird type="BirdRed"/>
</Birds>
<Slingshot x="-8" y="-2.5">
<GameObjects>
<Block type="RectTiny" material="stone" x="0.0" y="-3.49" rotation="0" />
<Block type="RectTiny" material="stone" x="0.7" y="-3.49" rotation="0" />
<Block type="RectTiny" material="stone" x="1.7" y="-3.49" rotation="0" />
<Block type="RectTiny" material="stone" x="2.4" y="-3.49" rotation="0" />
<Block type="RectSmall" material="ice" x="0.0" y="-2.9050000000000007" rotation="90" />
<Block type="RectSmall" material="ice" x="0.6" y="-2.9050000000000007" rotation="90" />
<Block type="RectSmall" material="ice" x="0.9" y="-2.9050000000000007" rotation="90" />
<Block type="RectSmall" material="ice" x="1.5" y="-2.9050000000000007" rotation="90" />
<Block type="RectSmall" material="ice" x="1.8" y="-2.9050000000000007" rotation="90" />
<Block type="RectSmall" material="ice" x="2.4" y="-2.9050000000000007" rotation="90" />
<Block type="RectTiny" material="ice" x="0.0" y="-2.215000000000001" rotation="90" />
<Block type="RectTiny" material="ice" x="0.6" y="-2.215000000000001" rotation="90" />
<Block type="RectTiny" material="ice" x="0.9" y="-2.215000000000001" rotation="90" />
<Block type="RectTiny" material="ice" x="1.5" y="-2.215000000000001" rotation="90" />
<Block type="RectTiny" material="ice" x="1.8" y="-2.215000000000001" rotation="90" />
<Block type="RectTiny" material="ice" x="2.4" y="-2.215000000000001" rotation="90" />
<Block type="SquareHole" material="stone" x="0.3" y="-1.5300000000000014" rotation="0" />
<Block type="SquareHole" material="stone" x="1.2" y="-1.5300000000000014" rotation="0" />
<Block type="SquareHole" material="stone" x="2.1" y="-1.5300000000000014" rotation="0" />
<Block type="SquareHole" material="stone" x="0.3" y="-0.6400000000000015" rotation="0" />
<Block type="SquareHole" material="stone" x="1.2" y="-0.6400000000000015" rotation="0" />
<Block type="SquareHole" material="stone" x="2.1" y="-0.6400000000000015" rotation="0" />
<Block type="CircleSmall" material="wood" x="0.0" y="0.054999999999998536" rotation="0" />
<Block type="RectMedium" material="stone" x="1.2" y="-0.06000000000000147" rotation="0" />
<Block type="CircleSmall" material="stone" x="2.4" y="0.054999999999998536" rotation="0" />
<Block type="RectMedium" material="stone" x="1.2" y="0.20999999999999852" rotation="0" />
<Block type="RectMedium" material="stone" x="1.2" y="0.4799999999999985" rotation="0" />
<Pig type="BasicSmall" material="" x="0.6" y="0.8649999999999985" rotation="0" />
<Pig type="BasicSmall" material="" x="1.2" y="0.8649999999999985" rotation="0" />
<Pig type="BasicSmall" material="" x="1.8" y="0.8649999999999985" rotation="0" />
</GameObjects>
</Level>
