<?xml version="1.0" encoding="utf-16"?>
<Level width ="2">
<Camera x="0" y="2" minWidth="20" maxWidth="30">
<Birds>
<Bird type="BirdBlue"/>
<Bird type="BirdRed"/>
<Bird type="BirdYellow"/>
<Bird type="BirdBlue"/>
<Bird type="BirdBlue"/>
<Bird type="BirdBlue"/>
<Bird type="BirdRed"/>
</Birds>
<Slingshot x="-8" y="-2.5">
<GameObjects>
<Block type="SquareHole" material="stone" x="0.0" y="-3.18" rotation="0" />
<Pig type="BasicSmall" material="" x="0.7" y="-3.375" rotation="0" />
<Block type="SquareHole" material="wood" x="1.4" y="-3.18" rotation="0" />
<Pig type="BasicSmall" material="" x="2.1" y="-3.375" rotation="0" />
<Block type="SquareHole" material="stone" x="2.8" y="-3.18" rotation="0" />
<Block type="RectMedium" material="wood" x="0.4" y="-2.6000000000000005" rotation="0" />
<Block type="RectMedium" material="stone" x="2.2" y="-2.6000000000000005" rotation="0" />
<Block type="TriangleHole" material="wood" x="-0.2" y="-2.0300000000000007" rotation="0" />
<Block type="RectBig" material="stone" x="1.3" y="-2.330000000000001" rotation="0" />
<Block type="Triangle" material="stone" x="2.8" y="-2.0300000000000007" rotation="0" />
<Block type="SquareSmall" material="ice" x="0.6" y="-1.9550000000000012" rotation="0" />
<Pig type="BasicSmall" material="" x="1.3" y="-1.945000000000001" rotation="0" />
<Block type="SquareSmall" material="stone" x="2.0" y="-1.9550000000000012" rotation="0" />
<Block type="RectFat" material="stone" x="0.6" y="-1.265000000000001" rotation="90" />
<Block type="RectFat" material="wood" x="2.0" y="-1.265000000000001" rotation="90" />
<Block type="RectFat" material="stone" x="0.6" y="-0.365000000000001" rotation="90" />
<Block type="RectFat" material="wood" x="2.0" y="-0.365000000000001" rotation="90" />
<Block type="RectMedium" material="stone" x="1.3" y="0.21999999999999897" rotation="0" />
<Block type="SquareTiny" material="wood" x="0.7" y="0.48999999999999894" rotation="0" />
<Block type="SquareTiny" material="wood" x="1.3" y="0.48999999999999894" rotation="0" />
<Block type="SquareTiny" material="wood" x="1.9" y="0.48999999999999894" rotation="0" />
<Pig type="BasicSmall" material="" x="0.7" y="0.874999999999999" rotation="0" />
<Block type="CircleSmall" material="ice" x="1.3" y="0.874999999999999" rotation="0" />
<Block type="CircleSmall" material="wood" x="1.9" y="0.874999999999999" rotation="0" />
</GameObjects>
</Level>
