<?xml version="1.0" encoding="utf-16"?>
<Level width ="2">
<Camera x="0" y="2" minWidth="20" maxWidth="30">
<Birds>
<Bird type="BirdBlue"/>
<Bird type="BirdRed"/>
<Bird type="BirdYellow"/>
<Bird type="BirdBlue"/>
<Bird type="BirdBlue"/>
<Bird type="BirdBlue"/>
<Bird type="BirdRed"/>
</Birds>
<Slingshot x="-8" y="-2.5">
<GameObjects>
<Platform type="Platform" material="" x="0.1" y="-3.29" rotation="0" />
<Platform type="Platform" material="" x="0.7" y="-3.29" rotation="0" />
<Platform type="Platform" material="" x="1.3" y="-3.29" rotation="0" />
<Platform type="Platform" material="" x="1.9" y="-3.29" rotation="0" />
<Platform type="Platform" material="" x="2.5" y="-3.29" rotation="0" />
<Block type="RectFat" material="wood" x="0.2" y="-2.7150000000000003" rotation="0" />
<Block type="RectFat" material="wood" x="1.2" y="-2.7150000000000003" rotation="0" />
<Block type="RectFat" material="ice" x="2.2" y="-2.7150000000000003" rotation="0" />
<Block type="RectFat" material="stone" x="0.2" y="-2.2350000000000008" rotation="0" />
<Block type="RectFat" material="wood" x="1.2" y="-2.2350000000000008" rotation="0" />
<Block type="RectFat" material="wood" x="2.2" y="-2.2350000000000008" rotation="0" />
<Block type="SquareHole" material="wood" x="0.2" y="-1.550000000000001" rotation="0" />
<Block type="SquareHole" material="ice" x="1.2" y="-1.550000000000001" rotation="0" />
<Block type="SquareHole" material="wood" x="2.2" y="-1.550000000000001" rotation="0" />
<Block type="RectFat" material="wood" x="0.6" y="-0.865000000000001" rotation="0" />
<Block type="RectFat" material="wood" x="1.8" y="-0.865000000000001" rotation="0" />
<Block type="SquareTiny" material="stone" x="0.2" y="-0.49000000000000105" rotation="0" />
<Block type="SquareTiny" material="stone" x="0.9" y="-0.49000000000000105" rotation="0" />
<Block type="SquareTiny" material="ice" x="1.5" y="-0.49000000000000105" rotation="0" />
<Block type="SquareTiny" material="wood" x="2.2" y="-0.49000000000000105" rotation="0" />
<Block type="SquareHole" material="ice" x="0.6" y="0.08999999999999893" rotation="0" />
<Block type="SquareHole" material="ice" x="1.8" y="0.08999999999999893" rotation="0" />
<Pig type="BasicSmall" material="" x="0.6" y="0.7849999999999989" rotation="0" />
<Pig type="BasicSmall" material="" x="1.6" y="0.7849999999999989" rotation="0" />
<Pig type="BasicSmall" material="" x="2.2" y="0.7849999999999989" rotation="0" />
</GameObjects>
</Level>
