<?xml version="1.0" encoding="utf-16"?>
<Level width ="2">
<Camera x="0" y="2" minWidth="20" maxWidth="30">
<Birds>
<Bird type="BirdBlue"/>
<Bird type="BirdRed"/>
<Bird type="BirdYellow"/>
<Bird type="BirdBlue"/>
<Bird type="BirdBlue"/>
<Bird type="BirdBlue"/>
<Bird type="BirdRed"/>
</Birds>
<Slingshot x="-8" y="-2.5">
<GameObjects>
<Block type="RectTiny" material="stone" x="-1.4" y="-3.49" rotation="0" />
<Block type="RectTiny" material="ice" x="-0.8" y="-3.49" rotation="0" />
<Block type="RectTiny" material="ice" x="-0.1" y="-3.49" rotation="0" />
<Block type="RectTiny" material="ice" x="0.5" y="-3.49" rotation="0" />
<Block type="RectTiny" material="ice" x="1.2" y="-3.49" rotation="0" />
<Block type="RectTiny" material="ice" x="1.8" y="-3.49" rotation="0" />
<Block type="RectTiny" material="ice" x="2.5" y="-3.49" rotation="0" />
<Block type="RectTiny" material="ice" x="3.1" y="-3.49" rotation="0" />
<Block type="RectTiny" material="ice" x="3.8" y="-3.49" rotation="0" />
<Block type="RectTiny" material="ice" x="4.4" y="-3.49" rotation="0" />
<Block type="RectTiny" material="stone" x="-1.4" y="-3.2200000000000006" rotation="0" />
<Block type="RectTiny" material="wood" x="-0.8" y="-3.2200000000000006" rotation="0" />
<Block type="RectTiny" material="wood" x="-0.1" y="-3.2200000000000006" rotation="0" />
<Block type="RectTiny" material="wood" x="0.5" y="-3.2200000000000006" rotation="0" />
<Block type="RectTiny" material="wood" x="1.2" y="-3.2200000000000006" rotation="0" />
<Block type="RectTiny" material="wood" x="1.8" y="-3.2200000000000006" rotation="0" />
<Block type="RectTiny" material="wood" x="2.5" y="-3.2200000000000006" rotation="0" />
<Block type="RectTiny" material="wood" x="3.1" y="-3.2200000000000006" rotation="0" />
<Block type="RectTiny" material="wood" x="3.8" y="-3.2200000000000006" rotation="0" />
<Block type="RectTiny" material="wood" x="4.4" y="-3.2200000000000006" rotation="0" />
<Block type="SquareSmall" material="stone" x="-1.4" y="-2.845000000000001" rotation="0" />
<Block type="SquareSmall" material="wood" x="-0.8" y="-2.845000000000001" rotation="0" />
<Block type="SquareSmall" material="wood" x="-0.1" y="-2.845000000000001" rotation="0" />
<Block type="SquareSmall" material="wood" x="0.5" y="-2.845000000000001" rotation="0" />
<Block type="SquareSmall" material="wood" x="1.2" y="-2.845000000000001" rotation="0" />
<Block type="SquareSmall" material="wood" x="1.8" y="-2.845000000000001" rotation="0" />
<Block type="SquareSmall" material="wood" x="2.5" y="-2.845000000000001" rotation="0" />
<Block type="SquareSmall" material="wood" x="3.1" y="-2.845000000000001" rotation="0" />
<Block type="SquareSmall" material="wood" x="3.8" y="-2.845000000000001" rotation="0" />
<Block type="SquareSmall" material="wood" x="4.4" y="-2.845000000000001" rotation="0" />
<Block type="SquareSmall" material="stone" x="-1.4" y="-2.3650000000000015" rotation="0" />
<Block type="SquareSmall" material="ice" x="-0.8" y="-2.3650000000000015" rotation="0" />
<Block type="SquareSmall" material="ice" x="-0.1" y="-2.3650000000000015" rotation="0" />
<Block type="SquareSmall" material="ice" x="0.5" y="-2.3650000000000015" rotation="0" />
<Block type="SquareSmall" material="ice" x="1.2" y="-2.3650000000000015" rotation="0" />
<Block type="SquareSmall" material="ice" x="1.8" y="-2.3650000000000015" rotation="0" />
<Block type="SquareSmall" material="ice" x="2.5" y="-2.3650000000000015" rotation="0" />
<Block type="SquareSmall" material="ice" x="3.1" y="-2.3650000000000015" rotation="0" />
<Block type="SquareSmall" material="ice" x="3.8" y="-2.3650000000000015" rotation="0" />
<Block type="SquareSmall" material="ice" x="4.4" y="-2.3650000000000015" rotation="0" />
<Block type="SquareSmall" material="stone" x="-1.4" y="-1.8850000000000016" rotation="0" />
<Block type="SquareSmall" material="ice" x="-0.8" y="-1.8850000000000016" rotation="0" />
<Block type="SquareSmall" material="ice" x="-0.1" y="-1.8850000000000016" rotation="0" />
<Block type="SquareSmall" material="ice" x="0.5" y="-1.8850000000000016" rotation="0" />
<Block type="SquareSmall" material="ice" x="1.2" y="-1.8850000000000016" rotation="0" />
<Block type="SquareSmall" material="ice" x="1.8" y="-1.8850000000000016" rotation="0" />
<Block type="SquareSmall" material="ice" x="2.5" y="-1.8850000000000016" rotation="0" />
<Block type="SquareSmall" material="ice" x="3.1" y="-1.8850000000000016" rotation="0" />
<Block type="SquareSmall" material="ice" x="3.8" y="-1.8850000000000016" rotation="0" />
<Block type="SquareSmall" material="ice" x="4.4" y="-1.8850000000000016" rotation="0" />
<Block type="RectTiny" material="stone" x="-1.4" y="-1.5100000000000013" rotation="0" />
<Block type="RectTiny" material="wood" x="-0.8" y="-1.5100000000000013" rotation="0" />
<Block type="RectTiny" material="wood" x="-0.1" y="-1.5100000000000013" rotation="0" />
<Block type="RectTiny" material="wood" x="0.5" y="-1.5100000000000013" rotation="0" />
<Block type="RectTiny" material="wood" x="1.2" y="-1.5100000000000013" rotation="0" />
<Block type="RectTiny" material="wood" x="1.8" y="-1.5100000000000013" rotation="0" />
<Block type="RectTiny" material="wood" x="2.5" y="-1.5100000000000013" rotation="0" />
<Block type="RectTiny" material="wood" x="3.1" y="-1.5100000000000013" rotation="0" />
<Block type="RectTiny" material="wood" x="3.8" y="-1.5100000000000013" rotation="0" />
<Block type="RectTiny" material="wood" x="4.4" y="-1.5100000000000013" rotation="0" />
<Block type="RectTiny" material="ice" x="-1.4" y="-1.240000000000001" rotation="0" />
<Block type="RectTiny" material="ice" x="-0.8" y="-1.240000000000001" rotation="0" />
<Block type="RectTiny" material="ice" x="-0.1" y="-1.240000000000001" rotation="0" />
<Block type="RectTiny" material="ice" x="0.5" y="-1.240000000000001" rotation="0" />
<Block type="RectTiny" material="ice" x="1.2" y="-1.240000000000001" rotation="0" />
<Block type="RectTiny" material="ice" x="1.8" y="-1.240000000000001" rotation="0" />
<Block type="RectTiny" material="ice" x="2.5" y="-1.240000000000001" rotation="0" />
<Block type="RectTiny" material="ice" x="3.1" y="-1.240000000000001" rotation="0" />
<Block type="RectTiny" material="ice" x="3.8" y="-1.240000000000001" rotation="0" />
<Block type="RectTiny" material="ice" x="4.4" y="-1.240000000000001" rotation="0" />
<Block type="RectTiny" material="stone" x="-1.4" y="-0.9700000000000009" rotation="0" />
<Block type="RectTiny" material="ice" x="-0.8" y="-0.9700000000000009" rotation="0" />
<Block type="RectTiny" material="ice" x="-0.1" y="-0.9700000000000009" rotation="0" />
<Block type="RectTiny" material="ice" x="0.5" y="-0.9700000000000009" rotation="0" />
<Block type="RectTiny" material="ice" x="1.2" y="-0.9700000000000009" rotation="0" />
<Block type="RectTiny" material="ice" x="1.8" y="-0.9700000000000009" rotation="0" />
<Block type="RectTiny" material="ice" x="2.5" y="-0.9700000000000009" rotation="0" />
<Block type="RectTiny" material="ice" x="3.1" y="-0.9700000000000009" rotation="0" />
<Block type="RectTiny" material="ice" x="3.8" y="-0.9700000000000009" rotation="0" />
<Block type="RectTiny" material="ice" x="4.4" y="-0.9700000000000009" rotation="0" />
<Block type="RectTiny" material="stone" x="-1.4" y="-0.7000000000000008" rotation="0" />
<Block type="RectTiny" material="stone" x="-0.8" y="-0.7000000000000008" rotation="0" />
<Block type="RectTiny" material="stone" x="-0.1" y="-0.7000000000000008" rotation="0" />
<Block type="RectTiny" material="stone" x="0.5" y="-0.7000000000000008" rotation="0" />
<Block type="RectTiny" material="stone" x="1.2" y="-0.7000000000000008" rotation="0" />
<Block type="RectTiny" material="stone" x="1.8" y="-0.7000000000000008" rotation="0" />
<Block type="RectTiny" material="stone" x="2.5" y="-0.7000000000000008" rotation="0" />
<Block type="RectTiny" material="stone" x="3.1" y="-0.7000000000000008" rotation="0" />
<Block type="RectTiny" material="stone" x="3.8" y="-0.7000000000000008" rotation="0" />
<Block type="RectTiny" material="stone" x="4.4" y="-0.7000000000000008" rotation="0" />
<Block type="SquareSmall" material="stone" x="-1.4" y="-0.3250000000000009" rotation="0" />
<Block type="SquareSmall" material="stone" x="-0.8" y="-0.3250000000000009" rotation="0" />
<Block type="SquareSmall" material="stone" x="-0.1" y="-0.3250000000000009" rotation="0" />
<Block type="SquareSmall" material="stone" x="0.5" y="-0.3250000000000009" rotation="0" />
<Block type="SquareSmall" material="stone" x="1.2" y="-0.3250000000000009" rotation="0" />
<Block type="SquareSmall" material="stone" x="1.8" y="-0.3250000000000009" rotation="0" />
<Block type="SquareSmall" material="stone" x="2.5" y="-0.3250000000000009" rotation="0" />
<Block type="SquareSmall" material="stone" x="3.1" y="-0.3250000000000009" rotation="0" />
<Block type="SquareSmall" material="stone" x="3.8" y="-0.3250000000000009" rotation="0" />
<Block type="SquareSmall" material="stone" x="4.4" y="-0.3250000000000009" rotation="0" />
<Block type="RectTiny" material="wood" x="-1.4" y="0.0499999999999991" rotation="0" />
<Block type="RectTiny" material="wood" x="-0.8" y="0.0499999999999991" rotation="0" />
<Block type="RectTiny" material="wood" x="-0.1" y="0.0499999999999991" rotation="0" />
<Block type="RectTiny" material="wood" x="0.5" y="0.0499999999999991" rotation="0" />
<Block type="RectTiny" material="wood" x="1.2" y="0.0499999999999991" rotation="0" />
<Block type="RectTiny" material="wood" x="1.8" y="0.0499999999999991" rotation="0" />
<Block type="RectTiny" material="wood" x="2.5" y="0.0499999999999991" rotation="0" />
<Block type="RectTiny" material="wood" x="3.1" y="0.0499999999999991" rotation="0" />
<Block type="RectTiny" material="wood" x="3.8" y="0.0499999999999991" rotation="0" />
<Block type="RectTiny" material="wood" x="4.4" y="0.0499999999999991" rotation="0" />
<Block type="SquareSmall" material="ice" x="-1.4" y="0.4249999999999991" rotation="0" />
<Block type="RectTiny" material="ice" x="-0.8" y="0.4249999999999991" rotation="90" />
<Block type="RectTiny" material="ice" x="-0.1" y="0.4249999999999991" rotation="90" />
<Block type="RectTiny" material="ice" x="0.5" y="0.4249999999999991" rotation="90" />
<Block type="RectTiny" material="ice" x="1.2" y="0.4249999999999991" rotation="90" />
<Block type="SquareSmall" material="ice" x="1.8" y="0.4249999999999991" rotation="0" />
<Block type="RectTiny" material="ice" x="2.5" y="0.4249999999999991" rotation="90" />
<Block type="RectTiny" material="ice" x="3.1" y="0.4249999999999991" rotation="90" />
<Block type="RectTiny" material="ice" x="3.8" y="0.4249999999999991" rotation="90" />
<Block type="RectTiny" material="ice" x="4.4" y="0.4249999999999991" rotation="90" />
<Block type="RectSmall" material="stone" x="-1.1" y="0.7999999999999992" rotation="0" />
<Block type="RectSmall" material="stone" x="0.2" y="0.7999999999999992" rotation="0" />
<Block type="RectSmall" material="stone" x="1.5" y="0.7999999999999992" rotation="0" />
<Block type="RectSmall" material="stone" x="2.8" y="0.7999999999999992" rotation="0" />
<Block type="RectSmall" material="stone" x="4.1" y="0.7999999999999992" rotation="0" />
<Pig type="BasicSmall" material="" x="-1.1" y="1.1849999999999992" rotation="0" />
<Block type="Circle" material="stone" x="0.2" y="1.3599999999999992" rotation="0" />
<Block type="TriangleHole" material="wood" x="1.8" y="1.3699999999999992" rotation="0" />
<Block type="TriangleHole" material="ice" x="3.1" y="1.3699999999999992" rotation="0" />
<Block type="CircleSmall" material="stone" x="3.8" y="1.1849999999999992" rotation="0" />
<Pig type="BasicSmall" material="" x="4.4" y="1.1849999999999992" rotation="0" />
</GameObjects>
</Level>
