<?xml version="1.0" encoding="utf-16"?>
<Level width ="2">
<Camera x="0" y="2" minWidth="20" maxWidth="30">
<Birds>
<Bird type="BirdBlue"/>
<Bird type="BirdRed"/>
<Bird type="BirdYellow"/>
<Bird type="BirdBlue"/>
<Bird type="BirdBlue"/>
<Bird type="BirdBlue"/>
<Bird type="BirdRed"/>
</Birds>
<Slingshot x="-8" y="-2.5">
<GameObjects>
<Block type="RectFat" material="ice" x="-1.8" y="-3.1750000000000003" rotation="90" />
<Block type="RectFat" material="ice" x="-1.1" y="-3.1750000000000003" rotation="90" />
<Block type="RectFat" material="ice" x="-0.3" y="-3.1750000000000003" rotation="90" />
<Block type="RectFat" material="ice" x="0.2" y="-3.1750000000000003" rotation="90" />
<Block type="RectFat" material="ice" x="0.9" y="-3.1750000000000003" rotation="90" />
<Block type="RectFat" material="ice" x="1.4" y="-3.1750000000000003" rotation="90" />
<Block type="RectFat" material="ice" x="2.0" y="-3.1750000000000003" rotation="90" />
<Block type="RectFat" material="ice" x="2.5" y="-3.1750000000000003" rotation="90" />
<Block type="RectFat" material="ice" x="3.2" y="-3.1750000000000003" rotation="90" />
<Block type="RectFat" material="ice" x="3.7" y="-3.1750000000000003" rotation="90" />
<Block type="RectFat" material="ice" x="4.5" y="-3.1750000000000003" rotation="90" />
<Block type="RectFat" material="ice" x="5.2" y="-3.1750000000000003" rotation="90" />
<Block type="SquareTiny" material="ice" x="-1.8" y="-2.5900000000000007" rotation="0" />
<Block type="SquareTiny" material="ice" x="-1.2" y="-2.5900000000000007" rotation="0" />
<Block type="SquareTiny" material="ice" x="-0.9" y="-2.5900000000000007" rotation="0" />
<Block type="SquareTiny" material="ice" x="-0.3" y="-2.5900000000000007" rotation="0" />
<Block type="RectTiny" material="ice" x="0.2" y="-2.5900000000000007" rotation="0" />
<Block type="SquareTiny" material="ice" x="0.9" y="-2.5900000000000007" rotation="0" />
<Block type="RectTiny" material="ice" x="1.4" y="-2.5900000000000007" rotation="0" />
<Block type="SquareTiny" material="ice" x="2.0" y="-2.5900000000000007" rotation="0" />
<Block type="SquareTiny" material="ice" x="2.5" y="-2.5900000000000007" rotation="0" />
<Block type="SquareTiny" material="ice" x="3.2" y="-2.5900000000000007" rotation="0" />
<Block type="SquareTiny" material="ice" x="3.7" y="-2.5900000000000007" rotation="0" />
<Block type="SquareTiny" material="ice" x="4.3" y="-2.5900000000000007" rotation="0" />
<Block type="SquareTiny" material="ice" x="4.6" y="-2.5900000000000007" rotation="0" />
<Block type="RectTiny" material="ice" x="5.2" y="-2.5900000000000007" rotation="0" />
<Block type="SquareHole" material="stone" x="-1.5" y="-2.010000000000001" rotation="0" />
<Block type="SquareHole" material="stone" x="-0.6" y="-2.010000000000001" rotation="0" />
<Block type="SquareHole" material="stone" x="0.6" y="-2.010000000000001" rotation="0" />
<Block type="SquareHole" material="stone" x="1.7" y="-2.010000000000001" rotation="0" />
<Block type="SquareHole" material="stone" x="2.8" y="-2.010000000000001" rotation="0" />
<Block type="SquareHole" material="stone" x="4.0" y="-2.010000000000001" rotation="0" />
<Block type="SquareHole" material="stone" x="4.9" y="-2.010000000000001" rotation="0" />
<Block type="RectFat" material="stone" x="-1.5" y="-1.115000000000001" rotation="90" />
<Block type="RectFat" material="stone" x="-0.6" y="-1.115000000000001" rotation="90" />
<Block type="RectFat" material="stone" x="0.3" y="-1.115000000000001" rotation="90" />
<Block type="RectFat" material="stone" x="0.8" y="-1.115000000000001" rotation="90" />
<Block type="RectFat" material="stone" x="1.7" y="-1.115000000000001" rotation="90" />
<Block type="RectFat" material="stone" x="2.6" y="-1.115000000000001" rotation="90" />
<Block type="RectFat" material="stone" x="3.1" y="-1.115000000000001" rotation="90" />
<Block type="RectFat" material="stone" x="4.0" y="-1.115000000000001" rotation="90" />
<Block type="RectFat" material="stone" x="4.9" y="-1.115000000000001" rotation="90" />
<Block type="SquareSmall" material="stone" x="-1.5" y="-0.4250000000000011" rotation="0" />
<Block type="SquareSmall" material="stone" x="-0.6" y="-0.4250000000000011" rotation="0" />
<Block type="SquareSmall" material="stone" x="0.3" y="-0.4250000000000011" rotation="0" />
<Block type="SquareSmall" material="stone" x="0.8" y="-0.4250000000000011" rotation="0" />
<Block type="RectTiny" material="stone" x="1.7" y="-0.4250000000000011" rotation="90" />
<Block type="SquareSmall" material="stone" x="2.6" y="-0.4250000000000011" rotation="0" />
<Block type="RectTiny" material="stone" x="3.1" y="-0.4250000000000011" rotation="90" />
<Block type="SquareSmall" material="stone" x="4.0" y="-0.4250000000000011" rotation="0" />
<Block type="RectTiny" material="stone" x="4.9" y="-0.4250000000000011" rotation="90" />
<Block type="RectBig" material="stone" x="-0.6" y="-0.0500000000000011" rotation="0" />
<Block type="RectMedium" material="stone" x="1.7" y="-0.0500000000000011" rotation="0" />
<Block type="RectBig" material="stone" x="4.0" y="-0.0500000000000011" rotation="0" />
<Pig type="BasicSmall" material="" x="-1.3" y="0.3349999999999989" rotation="0" />
<Block type="RectTiny" material="ice" x="-0.4" y="0.21999999999999892" rotation="0" />
<Block type="RectSmall" material="ice" x="0.7" y="0.21999999999999892" rotation="0" />
<Block type="SquareTiny" material="ice" x="1.7" y="0.21999999999999892" rotation="0" />
<Block type="RectSmall" material="ice" x="2.7" y="0.21999999999999892" rotation="0" />
<Block type="RectTiny" material="ice" x="3.8" y="0.21999999999999892" rotation="0" />
<Block type="CircleSmall" material="wood" x="4.7" y="0.3349999999999989" rotation="0" />
<Block type="Circle" material="stone" x="-0.4" y="0.7799999999999989" rotation="0" />
<Block type="Triangle" material="stone" x="0.7" y="0.7899999999999989" rotation="0" />
<Block type="CircleSmall" material="stone" x="1.7" y="0.604999999999999" rotation="0" />
<Block type="Triangle" material="wood" x="2.5" y="0.7899999999999989" rotation="90" />
<Block type="CircleSmall" material="stone" x="3.8" y="0.604999999999999" rotation="0" />
</GameObjects>
</Level>
