<?xml version="1.0" encoding="utf-16"?>
<Level width ="2">
<Camera x="0" y="2" minWidth="20" maxWidth="30">
<Birds>
<Bird type="BirdBlue"/>
<Bird type="BirdRed"/>
<Bird type="BirdYellow"/>
<Bird type="BirdBlue"/>
<Bird type="BirdBlue"/>
<Bird type="BirdBlue"/>
<Bird type="BirdRed"/>
</Birds>
<Slingshot x="-8" y="-2.5">
<GameObjects>
<Block type="RectTiny" material="ice" x="-1.8" y="-3.3850000000000002" rotation="90" />
<Block type="RectTiny" material="ice" x="-1.1" y="-3.3850000000000002" rotation="90" />
<Block type="RectTiny" material="ice" x="-0.3" y="-3.3850000000000002" rotation="90" />
<Block type="RectTiny" material="ice" x="0.2" y="-3.3850000000000002" rotation="90" />
<Block type="RectTiny" material="ice" x="0.5" y="-3.3850000000000002" rotation="90" />
<Block type="RectTiny" material="ice" x="0.8" y="-3.3850000000000002" rotation="90" />
<Block type="RectTiny" material="ice" x="1.3" y="-3.3850000000000002" rotation="90" />
<Block type="RectTiny" material="ice" x="1.6" y="-3.3850000000000002" rotation="90" />
<Block type="RectTiny" material="ice" x="1.9" y="-3.3850000000000002" rotation="90" />
<Block type="RectTiny" material="ice" x="2.4" y="-3.3850000000000002" rotation="90" />
<Block type="RectTiny" material="ice" x="2.7" y="-3.3850000000000002" rotation="90" />
<Block type="RectTiny" material="ice" x="3.0" y="-3.3850000000000002" rotation="90" />
<Block type="RectTiny" material="ice" x="3.5" y="-3.3850000000000002" rotation="90" />
<Block type="RectTiny" material="ice" x="4.3" y="-3.3850000000000002" rotation="90" />
<Block type="RectTiny" material="ice" x="5.0" y="-3.3850000000000002" rotation="90" />
<Block type="RectSmall" material="ice" x="-1.5" y="-3.0100000000000007" rotation="0" />
<Block type="RectSmall" material="wood" x="-0.6" y="-3.0100000000000007" rotation="0" />
<Block type="RectSmall" material="wood" x="0.5" y="-3.0100000000000007" rotation="0" />
<Block type="RectSmall" material="wood" x="1.6" y="-3.0100000000000007" rotation="0" />
<Block type="RectSmall" material="wood" x="2.7" y="-3.0100000000000007" rotation="0" />
<Block type="RectSmall" material="wood" x="3.8" y="-3.0100000000000007" rotation="0" />
<Block type="RectSmall" material="wood" x="4.7" y="-3.0100000000000007" rotation="0" />
<Block type="RectFat" material="ice" x="-1.5" y="-2.425000000000001" rotation="90" />
<Block type="RectSmall" material="stone" x="-0.6" y="-2.425000000000001" rotation="90" />
<Block type="RectFat" material="stone" x="0.3" y="-2.425000000000001" rotation="90" />
<Block type="RectSmall" material="stone" x="0.7" y="-2.425000000000001" rotation="90" />
<Block type="RectSmall" material="stone" x="1.6" y="-2.425000000000001" rotation="90" />
<Block type="RectFat" material="stone" x="2.5" y="-2.425000000000001" rotation="90" />
<Block type="RectSmall" material="stone" x="2.9" y="-2.425000000000001" rotation="90" />
<Block type="RectSmall" material="stone" x="3.8" y="-2.425000000000001" rotation="90" />
<Block type="RectSmall" material="stone" x="4.7" y="-2.425000000000001" rotation="90" />
<Block type="RectBig" material="stone" x="-0.6" y="-1.8400000000000012" rotation="0" />
<Block type="RectBig" material="stone" x="1.6" y="-1.8400000000000012" rotation="0" />
<Block type="RectBig" material="stone" x="3.8" y="-1.8400000000000012" rotation="0" />
<Pig type="BasicSmall" material="" x="-1.3" y="-1.455000000000001" rotation="0" />
<Block type="RectMedium" material="wood" x="-0.2" y="-1.570000000000001" rotation="0" />
<Block type="RectMedium" material="wood" x="1.6" y="-1.570000000000001" rotation="0" />
<Block type="RectMedium" material="wood" x="3.4" y="-1.570000000000001" rotation="0" />
<Block type="CircleSmall" material="stone" x="4.5" y="-1.455000000000001" rotation="0" />
<Block type="RectBig" material="wood" x="0.3" y="-1.3000000000000007" rotation="0" />
<Block type="RectBig" material="wood" x="2.9" y="-1.3000000000000007" rotation="0" />
<Block type="TriangleHole" material="stone" x="-0.4" y="-0.7300000000000006" rotation="0" />
<Block type="RectFat" material="wood" x="0.6" y="-0.9250000000000006" rotation="0" />
<Block type="RectFat" material="wood" x="1.6" y="-0.9250000000000006" rotation="0" />
<Block type="RectFat" material="wood" x="2.6" y="-0.9250000000000006" rotation="0" />
<Block type="Triangle" material="wood" x="3.6" y="-0.7300000000000006" rotation="90" />
<Block type="RectFat" material="stone" x="0.6" y="-0.4450000000000007" rotation="0" />
<Block type="RectFat" material="stone" x="1.6" y="-0.4450000000000007" rotation="0" />
<Block type="RectFat" material="stone" x="2.6" y="-0.4450000000000007" rotation="0" />
<Block type="RectFat" material="ice" x="0.6" y="0.03499999999999932" rotation="0" />
<Block type="SquareSmall" material="ice" x="1.6" y="0.03499999999999932" rotation="0" />
<Block type="RectTiny" material="ice" x="2.6" y="0.03499999999999932" rotation="90" />
<Block type="CircleSmall" material="wood" x="0.6" y="0.5249999999999994" rotation="0" />
<Block type="Circle" material="stone" x="1.6" y="0.6999999999999994" rotation="0" />
<Block type="CircleSmall" material="wood" x="2.6" y="0.5249999999999994" rotation="0" />
</GameObjects>
</Level>
