<?xml version="1.0" encoding="utf-16"?>
<Level width ="2">
<Camera x="0" y="2" minWidth="20" maxWidth="30">
<Birds>
<Bird type="BirdBlue"/>
<Bird type="BirdRed"/>
<Bird type="BirdYellow"/>
<Bird type="BirdBlue"/>
<Bird type="BirdBlue"/>
<Bird type="BirdBlue"/>
<Bird type="BirdRed"/>
</Birds>
<Slingshot x="-8" y="-2.5">
<GameObjects>
<Pig type="BasicSmall" material="" x="6.5" y="-3.375" rotation="0" />
<Block type="SquareSmall" material="stone" x="0.0" y="-3.3850000000000002" rotation="0" />
<Block type="SquareSmall" material="ice" x="0.6" y="-3.3850000000000002" rotation="0" />
<Block type="SquareSmall" material="ice" x="1.3" y="-3.3850000000000002" rotation="0" />
<Block type="SquareSmall" material="wood" x="1.9" y="-3.3850000000000002" rotation="0" />
<Block type="SquareSmall" material="ice" x="2.6" y="-3.3850000000000002" rotation="0" />
<Block type="SquareSmall" material="ice" x="3.2" y="-3.3850000000000002" rotation="0" />
<Block type="RectSmall" material="wood" x="0.3" y="-3.0100000000000007" rotation="0" />
<Block type="RectSmall" material="stone" x="1.6" y="-3.0100000000000007" rotation="0" />
<Block type="RectSmall" material="wood" x="2.9" y="-3.0100000000000007" rotation="0" />
<Block type="SquareHole" material="stone" x="0.3" y="-2.430000000000001" rotation="0" />
<Block type="SquareHole" material="stone" x="1.6" y="-2.430000000000001" rotation="0" />
<Block type="SquareHole" material="ice" x="2.9" y="-2.430000000000001" rotation="0" />
<Block type="RectTiny" material="stone" x="0.0" y="-1.745000000000001" rotation="90" />
<Block type="RectTiny" material="ice" x="0.6" y="-1.745000000000001" rotation="90" />
<Block type="RectTiny" material="ice" x="1.3" y="-1.745000000000001" rotation="90" />
<Block type="RectTiny" material="ice" x="1.9" y="-1.745000000000001" rotation="90" />
<Block type="RectTiny" material="ice" x="2.6" y="-1.745000000000001" rotation="90" />
<Block type="RectTiny" material="stone" x="3.2" y="-1.745000000000001" rotation="90" />
<Block type="RectFat" material="ice" x="0.3" y="-1.2650000000000008" rotation="0" />
<Block type="RectFat" material="ice" x="1.6" y="-1.2650000000000008" rotation="0" />
<Block type="RectFat" material="wood" x="2.9" y="-1.2650000000000008" rotation="0" />
<Block type="RectSmall" material="wood" x="0.3" y="-0.8900000000000007" rotation="0" />
<Block type="RectSmall" material="ice" x="1.6" y="-0.8900000000000007" rotation="0" />
<Block type="RectSmall" material="wood" x="2.9" y="-0.8900000000000007" rotation="0" />
<Block type="RectFat" material="stone" x="0.3" y="-0.5150000000000007" rotation="0" />
<Block type="RectFat" material="ice" x="1.6" y="-0.5150000000000007" rotation="0" />
<Block type="RectFat" material="wood" x="2.9" y="-0.5150000000000007" rotation="0" />
<Block type="SquareHole" material="ice" x="0.3" y="0.16999999999999926" rotation="0" />
<Block type="SquareHole" material="stone" x="1.6" y="0.16999999999999926" rotation="0" />
<Block type="SquareHole" material="stone" x="2.9" y="0.16999999999999926" rotation="0" />
<Pig type="BasicSmall" material="" x="0.3" y="0.8649999999999992" rotation="0" />
<Pig type="BasicSmall" material="" x="1.6" y="0.8649999999999992" rotation="0" />
<Pig type="BasicSmall" material="" x="2.6" y="0.8649999999999992" rotation="0" />
<Pig type="BasicSmall" material="" x="3.2" y="0.8649999999999992" rotation="0" />
</GameObjects>
</Level>
