<?xml version="1.0" encoding="utf-16"?>
<Level width ="2">
<Camera x="0" y="2" minWidth="20" maxWidth="30">
<Birds>
<Bird type="BirdBlue"/>
<Bird type="BirdRed"/>
<Bird type="BirdYellow"/>
<Bird type="BirdBlue"/>
<Bird type="BirdBlue"/>
<Bird type="BirdBlue"/>
<Bird type="BirdRed"/>
</Birds>
<Slingshot x="-8" y="-2.5">
<GameObjects>
<Pig type="BasicSmall" material="" x="5.2" y="-3.375" rotation="0" />
<Block type="SquareHole" material="wood" x="0.5" y="-3.18" rotation="0" />
<Block type="SquareHole" material="wood" x="1.4" y="-3.18" rotation="0" />
<Block type="SquareHole" material="wood" x="2.3" y="-3.18" rotation="0" />
<Block type="RectFat" material="stone" x="0.5" y="-2.4950000000000006" rotation="0" />
<Block type="RectFat" material="stone" x="1.4" y="-2.4950000000000006" rotation="0" />
<Block type="RectFat" material="stone" x="2.3" y="-2.4950000000000006" rotation="0" />
<Block type="RectBig" material="stone" x="1.4" y="-2.120000000000001" rotation="0" />
<Block type="RectTiny" material="stone" x="0.5" y="-1.745000000000001" rotation="90" />
<Block type="RectTiny" material="stone" x="0.9" y="-1.745000000000001" rotation="90" />
<Block type="RectTiny" material="stone" x="1.4" y="-1.745000000000001" rotation="90" />
<Block type="RectTiny" material="stone" x="1.9" y="-1.745000000000001" rotation="90" />
<Block type="RectTiny" material="stone" x="2.3" y="-1.745000000000001" rotation="90" />
<Block type="RectBig" material="stone" x="1.4" y="-1.3700000000000008" rotation="0" />
<Block type="RectFat" material="stone" x="0.9" y="-0.9950000000000006" rotation="0" />
<Block type="RectFat" material="stone" x="1.9" y="-0.9950000000000006" rotation="0" />
<Block type="RectFat" material="ice" x="0.9" y="-0.5150000000000006" rotation="0" />
<Block type="RectFat" material="ice" x="1.9" y="-0.5150000000000006" rotation="0" />
<Block type="RectFat" material="ice" x="0.9" y="-0.0350000000000006" rotation="0" />
<Block type="RectFat" material="ice" x="1.9" y="-0.0350000000000006" rotation="0" />
<Block type="RectTiny" material="wood" x="1.0" y="0.33999999999999936" rotation="0" />
<Block type="RectTiny" material="wood" x="1.8" y="0.33999999999999936" rotation="0" />
<Pig type="BasicSmall" material="" x="1.0" y="0.7249999999999994" rotation="0" />
<Pig type="BasicSmall" material="" x="1.8" y="0.7249999999999994" rotation="0" />
</GameObjects>
</Level>
