<?xml version="1.0" encoding="utf-16"?>
<Level width ="2">
<Camera x="0" y="2" minWidth="20" maxWidth="30">
<Birds>
<Bird type="BirdBlue"/>
<Bird type="BirdRed"/>
<Bird type="BirdYellow"/>
<Bird type="BirdBlue"/>
<Bird type="BirdBlue"/>
<Bird type="BirdBlue"/>
<Bird type="BirdRed"/>
</Birds>
<Slingshot x="-8" y="-2.5">
<GameObjects>
<Block type="RectBig" material="wood" x="1.1" y="-3.49" rotation="0" />
<Block type="SquareTiny" material="ice" x="-1.8" y="-3.49" rotation="0" />
<Block type="SquareTiny" material="ice" x="-1.0" y="-3.49" rotation="0" />
<Block type="SquareTiny" material="wood" x="-0.3" y="-3.49" rotation="0" />
<Block type="SquareTiny" material="wood" x="0.2" y="-3.2200000000000006" rotation="0" />
<Block type="SquareTiny" material="wood" x="0.6" y="-3.2200000000000006" rotation="0" />
<Block type="SquareTiny" material="wood" x="0.9" y="-3.2200000000000006" rotation="0" />
<Block type="SquareTiny" material="wood" x="1.4" y="-3.2200000000000006" rotation="0" />
<Block type="SquareTiny" material="stone" x="1.7" y="-3.2200000000000006" rotation="0" />
<Block type="SquareTiny" material="stone" x="2.0" y="-3.2200000000000006" rotation="0" />
<Block type="SquareTiny" material="ice" x="2.5" y="-3.49" rotation="0" />
<Block type="SquareTiny" material="ice" x="2.8" y="-3.49" rotation="0" />
<Block type="SquareTiny" material="ice" x="3.2" y="-3.49" rotation="0" />
<Block type="SquareTiny" material="ice" x="3.7" y="-3.49" rotation="0" />
<Block type="SquareTiny" material="stone" x="4.4" y="-3.49" rotation="0" />
<Block type="SquareTiny" material="wood" x="5.2" y="-3.49" rotation="0" />
<Block type="RectSmall" material="ice" x="-1.5" y="-3.2200000000000006" rotation="0" />
<Block type="RectSmall" material="ice" x="-0.6" y="-3.2200000000000006" rotation="0" />
<Block type="RectSmall" material="wood" x="0.6" y="-2.950000000000001" rotation="0" />
<Block type="RectSmall" material="wood" x="1.7" y="-2.950000000000001" rotation="0" />
<Block type="RectSmall" material="ice" x="2.8" y="-3.2200000000000006" rotation="0" />
<Block type="RectSmall" material="ice" x="4.0" y="-3.2200000000000006" rotation="0" />
<Block type="RectSmall" material="stone" x="4.9" y="-3.2200000000000006" rotation="0" />
<Block type="RectSmall" material="ice" x="-1.5" y="-2.950000000000001" rotation="0" />
<Block type="RectSmall" material="wood" x="-0.6" y="-2.950000000000001" rotation="0" />
<Block type="RectSmall" material="wood" x="0.6" y="-2.6800000000000015" rotation="0" />
<Block type="RectSmall" material="ice" x="1.7" y="-2.6800000000000015" rotation="0" />
<Block type="RectSmall" material="ice" x="2.8" y="-2.950000000000001" rotation="0" />
<Block type="RectSmall" material="ice" x="4.0" y="-2.950000000000001" rotation="0" />
<Block type="RectSmall" material="stone" x="4.9" y="-2.950000000000001" rotation="0" />
<Block type="SquareSmall" material="ice" x="-1.5" y="-2.5750000000000015" rotation="0" />
<Block type="SquareSmall" material="ice" x="-0.6" y="-2.5750000000000015" rotation="0" />
<Block type="SquareSmall" material="ice" x="0.3" y="-2.305000000000002" rotation="0" />
<Block type="SquareSmall" material="ice" x="0.8" y="-2.305000000000002" rotation="0" />
<Block type="SquareSmall" material="ice" x="1.7" y="-2.305000000000002" rotation="0" />
<Block type="SquareSmall" material="ice" x="2.6" y="-2.5750000000000015" rotation="0" />
<Block type="SquareSmall" material="wood" x="3.1" y="-2.5750000000000015" rotation="0" />
<Block type="SquareSmall" material="ice" x="4.0" y="-2.5750000000000015" rotation="0" />
<Block type="SquareSmall" material="wood" x="4.9" y="-2.5750000000000015" rotation="0" />
<Block type="SquareSmall" material="ice" x="-1.5" y="-2.095000000000002" rotation="0" />
<Block type="SquareSmall" material="ice" x="-0.6" y="-2.095000000000002" rotation="0" />
<Block type="SquareSmall" material="ice" x="0.3" y="-1.825000000000002" rotation="0" />
<Block type="SquareSmall" material="ice" x="0.8" y="-1.825000000000002" rotation="0" />
<Block type="SquareSmall" material="wood" x="1.7" y="-1.825000000000002" rotation="0" />
<Block type="SquareSmall" material="wood" x="2.6" y="-2.095000000000002" rotation="0" />
<Block type="SquareSmall" material="wood" x="3.1" y="-2.095000000000002" rotation="0" />
<Block type="SquareSmall" material="ice" x="4.0" y="-2.095000000000002" rotation="0" />
<Block type="SquareSmall" material="wood" x="4.9" y="-2.095000000000002" rotation="0" />
<Block type="RectBig" material="ice" x="-0.6" y="-1.4500000000000017" rotation="0" />
<Block type="RectBig" material="ice" x="1.7" y="-1.7200000000000017" rotation="0" />
<Block type="RectBig" material="ice" x="4.0" y="-1.7200000000000017" rotation="0" />
<Block type="TriangleHole" material="stone" x="-1.3" y="-0.8800000000000017" rotation="0" />
<Block type="SquareHole" material="stone" x="-0.3" y="-0.8700000000000017" rotation="0" />
<Block type="CircleSmall" material="stone" x="1.0" y="-1.3350000000000015" rotation="0" />
<Block type="SquareHole" material="ice" x="1.7" y="-1.1400000000000017" rotation="0" />
<Pig type="BasicSmall" material="" x="2.4" y="-1.3350000000000015" rotation="0" />
<Block type="SquareHole" material="ice" x="3.7" y="-1.1400000000000017" rotation="0" />
<Block type="TriangleHole" material="ice" x="4.7" y="-1.1500000000000017" rotation="0" />
<Block type="RectFat" material="stone" x="-0.3" y="-0.18500000000000166" rotation="0" />
<Block type="RectFat" material="wood" x="1.7" y="-0.4550000000000018" rotation="0" />
<Block type="RectFat" material="ice" x="3.7" y="-0.4550000000000018" rotation="0" />
<Block type="RectBig" material="stone" x="0.6" y="-0.08000000000000178" rotation="0" />
<Block type="RectBig" material="ice" x="2.7" y="-0.08000000000000178" rotation="0" />
<Block type="TriangleHole" material="stone" x="0.0" y="0.48999999999999816" rotation="0" />
<Block type="SquareTiny" material="stone" x="0.6" y="0.18999999999999823" rotation="0" />
<Block type="SquareTiny" material="stone" x="1.2" y="0.18999999999999823" rotation="0" />
<Block type="SquareTiny" material="stone" x="2.2" y="0.18999999999999823" rotation="0" />
<Block type="SquareTiny" material="ice" x="2.7" y="0.18999999999999823" rotation="0" />
<Block type="CircleSmall" material="ice" x="3.4" y="0.3049999999999982" rotation="0" />
</GameObjects>
</Level>
