<?xml version="1.0" encoding="utf-16"?>
<Level width ="2">
<Camera x="0" y="2" minWidth="20" maxWidth="30">
<Birds>
<Bird type="BirdBlue"/>
<Bird type="BirdRed"/>
<Bird type="BirdYellow"/>
<Bird type="BirdBlue"/>
<Bird type="BirdBlue"/>
<Bird type="BirdBlue"/>
<Bird type="BirdRed"/>
</Birds>
<Slingshot x="-8" y="-2.5">
<GameObjects>
<Platform type="Platform" material="" x="0.1" y="-3.29" rotation="0" />
<Platform type="Platform" material="" x="0.7" y="-3.29" rotation="0" />
<Platform type="Platform" material="" x="1.3" y="-3.29" rotation="0" />
<Platform type="Platform" material="" x="1.9" y="-3.29" rotation="0" />
<Platform type="Platform" material="" x="2.5" y="-3.29" rotation="0" />
<Block type="RectSmall" material="wood" x="0.2" y="-2.8200000000000003" rotation="0" />
<Pig type="BasicSmall" material="" x="0.9" y="-2.705" rotation="0" />
<Pig type="BasicSmall" material="" x="1.6" y="-2.705" rotation="0" />
<Block type="RectSmall" material="wood" x="2.3" y="-2.8200000000000003" rotation="0" />
<Block type="RectFat" material="stone" x="0.3" y="-2.2350000000000008" rotation="90" />
<Block type="RectFat" material="ice" x="2.1" y="-2.2350000000000008" rotation="90" />
<Block type="RectBig" material="stone" x="1.2" y="-1.6500000000000006" rotation="0" />
<Block type="RectBig" material="stone" x="1.2" y="-1.3800000000000003" rotation="0" />
<Block type="RectBig" material="stone" x="1.2" y="-1.11" rotation="0" />
<Block type="CircleSmall" material="wood" x="0.5" y="-0.725" rotation="0" />
<Block type="RectBig" material="stone" x="0.9" y="0.08000000000000003" rotation="90" />
<Block type="RectBig" material="ice" x="1.5" y="0.08000000000000003" rotation="90" />
<Block type="CircleSmall" material="ice" x="1.9" y="-0.725" rotation="0" />
<Pig type="BasicSmall" material="" x="0.9" y="1.3850000000000002" rotation="0" />
<Pig type="BasicSmall" material="" x="1.5" y="1.3850000000000002" rotation="0" />
</GameObjects>
</Level>
