<?xml version="1.0" encoding="utf-16"?>
<Level width ="2">
<Camera x="0" y="2" minWidth="20" maxWidth="30">
<Birds>
<Bird type="BirdBlue"/>
<Bird type="BirdRed"/>
<Bird type="BirdYellow"/>
<Bird type="BirdBlue"/>
<Bird type="BirdBlue"/>
<Bird type="BirdBlue"/>
<Bird type="BirdRed"/>
</Birds>
<Slingshot x="-8" y="-2.5">
<GameObjects>
<Block type="RectTiny" material="stone" x="-1.4" y="-3.3850000000000002" rotation="90" />
<Block type="RectTiny" material="ice" x="-1.1" y="-3.3850000000000002" rotation="90" />
<Block type="RectTiny" material="ice" x="-0.2" y="-3.3850000000000002" rotation="90" />
<Block type="RectTiny" material="ice" x="0.1" y="-3.3850000000000002" rotation="90" />
<Pig type="BasicSmall" material="" x="0.5" y="-3.375" rotation="0" />
<Block type="RectTiny" material="ice" x="0.9" y="-3.3850000000000002" rotation="90" />
<Block type="RectTiny" material="ice" x="1.2" y="-3.3850000000000002" rotation="90" />
<Block type="RectTiny" material="ice" x="2.0" y="-3.3850000000000002" rotation="90" />
<Block type="RectTiny" material="ice" x="2.3" y="-3.3850000000000002" rotation="90" />
<TNT type="" x="2.7" y="-3.325" rotation="0" />
<Block type="RectTiny" material="ice" x="3.1" y="-3.3850000000000002" rotation="90" />
<Block type="RectTiny" material="ice" x="3.4" y="-3.3850000000000002" rotation="90" />
<Block type="RectTiny" material="ice" x="4.3" y="-3.3850000000000002" rotation="90" />
<Block type="RectTiny" material="ice" x="4.6" y="-3.3850000000000002" rotation="90" />
<Block type="RectMedium" material="stone" x="-0.6" y="-3.0100000000000007" rotation="0" />
<Block type="RectMedium" material="ice" x="1.6" y="-3.0100000000000007" rotation="0" />
<Block type="RectMedium" material="ice" x="3.8" y="-3.0100000000000007" rotation="0" />
<Block type="RectTiny" material="stone" x="-1.4" y="-2.635000000000001" rotation="90" />
<Block type="RectTiny" material="stone" x="-1.1" y="-2.635000000000001" rotation="90" />
<Block type="RectTiny" material="stone" x="-0.7" y="-2.635000000000001" rotation="90" />
<Block type="RectTiny" material="stone" x="-0.5" y="-2.635000000000001" rotation="90" />
<Block type="RectTiny" material="stone" x="-0.2" y="-2.635000000000001" rotation="90" />
<Block type="RectTiny" material="stone" x="0.1" y="-2.635000000000001" rotation="90" />
<Block type="RectTiny" material="stone" x="0.9" y="-2.635000000000001" rotation="90" />
<Block type="RectTiny" material="stone" x="1.2" y="-2.635000000000001" rotation="90" />
<Block type="RectTiny" material="stone" x="1.5" y="-2.635000000000001" rotation="90" />
<Block type="RectTiny" material="stone" x="1.7" y="-2.635000000000001" rotation="90" />
<Block type="RectTiny" material="stone" x="2.0" y="-2.635000000000001" rotation="90" />
<Block type="RectTiny" material="stone" x="2.3" y="-2.635000000000001" rotation="90" />
<Block type="RectTiny" material="stone" x="3.1" y="-2.635000000000001" rotation="90" />
<Block type="RectTiny" material="stone" x="3.4" y="-2.635000000000001" rotation="90" />
<Block type="RectTiny" material="stone" x="3.7" y="-2.635000000000001" rotation="90" />
<Block type="RectTiny" material="stone" x="3.9" y="-2.635000000000001" rotation="90" />
<Block type="RectTiny" material="stone" x="4.3" y="-2.635000000000001" rotation="90" />
<Block type="RectTiny" material="stone" x="4.6" y="-2.635000000000001" rotation="90" />
<Block type="SquareHole" material="ice" x="-1.1" y="-1.9500000000000013" rotation="0" />
<Block type="SquareHole" material="ice" x="-0.2" y="-1.9500000000000013" rotation="0" />
<Block type="SquareHole" material="ice" x="1.2" y="-1.9500000000000013" rotation="0" />
<Block type="SquareHole" material="ice" x="2.0" y="-1.9500000000000013" rotation="0" />
<Block type="SquareHole" material="ice" x="3.4" y="-1.9500000000000013" rotation="0" />
<Block type="SquareHole" material="ice" x="4.3" y="-1.9500000000000013" rotation="0" />
<Block type="RectMedium" material="stone" x="-0.6" y="-1.3700000000000012" rotation="0" />
<Block type="RectMedium" material="stone" x="1.6" y="-1.3700000000000012" rotation="0" />
<Block type="RectMedium" material="stone" x="3.8" y="-1.3700000000000012" rotation="0" />
<Block type="CircleSmall" material="wood" x="-1.2" y="-0.985000000000001" rotation="0" />
<Block type="SquareHole" material="wood" x="-0.4" y="-0.7900000000000011" rotation="0" />
<Block type="SquareHole" material="wood" x="1.6" y="-0.7900000000000011" rotation="0" />
<Block type="SquareHole" material="wood" x="3.6" y="-0.7900000000000011" rotation="0" />
<Block type="CircleSmall" material="ice" x="4.4" y="-0.985000000000001" rotation="0" />
<Block type="RectBig" material="stone" x="0.5" y="-0.21000000000000119" rotation="0" />
<Block type="RectBig" material="stone" x="2.7" y="-0.21000000000000119" rotation="0" />
<Block type="RectTiny" material="stone" x="-0.2" y="0.16499999999999881" rotation="90" />
<Block type="RectTiny" material="stone" x="0.1" y="0.16499999999999881" rotation="90" />
<Block type="RectTiny" material="stone" x="0.5" y="0.16499999999999881" rotation="90" />
<Block type="RectTiny" material="stone" x="0.9" y="0.16499999999999881" rotation="90" />
<Block type="RectTiny" material="stone" x="1.2" y="0.16499999999999881" rotation="90" />
<Block type="RectTiny" material="stone" x="2.0" y="0.16499999999999881" rotation="90" />
<Block type="RectTiny" material="stone" x="2.3" y="0.16499999999999881" rotation="90" />
<Block type="RectTiny" material="stone" x="2.7" y="0.16499999999999881" rotation="90" />
<Block type="RectTiny" material="stone" x="3.1" y="0.16499999999999881" rotation="90" />
<Block type="RectTiny" material="stone" x="3.4" y="0.16499999999999881" rotation="90" />
<Block type="RectMedium" material="ice" x="0.5" y="0.5399999999999988" rotation="0" />
<Block type="RectMedium" material="ice" x="2.7" y="0.5399999999999988" rotation="0" />
<Block type="TriangleHole" material="wood" x="-0.1" y="1.1099999999999988" rotation="0" />
<Block type="CircleSmall" material="stone" x="1.1" y="0.9249999999999988" rotation="0" />
<Block type="CircleSmall" material="wood" x="2.1" y="0.9249999999999988" rotation="0" />
<Block type="TriangleHole" material="wood" x="3.3" y="1.1099999999999988" rotation="0" />
</GameObjects>
</Level>
