<?xml version="1.0" encoding="utf-16"?>
<Level width ="2">
<Camera x="0" y="2" minWidth="20" maxWidth="30">
<Birds>
<Bird type="BirdBlue"/>
<Bird type="BirdRed"/>
<Bird type="BirdYellow"/>
<Bird type="BirdBlue"/>
<Bird type="BirdBlue"/>
<Bird type="BirdBlue"/>
<Bird type="BirdRed"/>
</Birds>
<Slingshot x="-8" y="-2.5">
<GameObjects>
<Block type="SquareTiny" material="ice" x="-1.4" y="-3.49" rotation="0" />
<TNT type="" x="-1.0" y="-3.325" rotation="0" />
<Block type="SquareTiny" material="wood" x="-0.6" y="-3.49" rotation="0" />
<Pig type="BasicSmall" material="" x="-0.2" y="-3.375" rotation="0" />
<Block type="SquareTiny" material="stone" x="0.2" y="-3.49" rotation="0" />
<Block type="SquareTiny" material="ice" x="0.6" y="-3.49" rotation="0" />
<Block type="SquareTiny" material="stone" x="0.9" y="-3.49" rotation="0" />
<Block type="SquareTiny" material="ice" x="1.3" y="-3.49" rotation="0" />
<Block type="SquareTiny" material="ice" x="1.7" y="-3.49" rotation="0" />
<Block type="SquareTiny" material="stone" x="2.1" y="-3.49" rotation="0" />
<Block type="SquareTiny" material="stone" x="2.4" y="-3.49" rotation="0" />
<Block type="SquareTiny" material="stone" x="2.9" y="-3.49" rotation="0" />
<Pig type="BasicSmall" material="" x="3.3" y="-3.375" rotation="0" />
<Block type="SquareTiny" material="stone" x="3.7" y="-3.49" rotation="0" />
<TNT type="" x="4.1" y="-3.325" rotation="0" />
<Block type="SquareTiny" material="wood" x="4.5" y="-3.49" rotation="0" />
<Block type="SquareTiny" material="wood" x="-1.4" y="-3.2200000000000006" rotation="0" />
<Block type="SquareTiny" material="stone" x="-0.6" y="-3.2200000000000006" rotation="0" />
<Block type="SquareTiny" material="ice" x="0.1" y="-3.2200000000000006" rotation="0" />
<Block type="SquareTiny" material="stone" x="0.6" y="-3.2200000000000006" rotation="0" />
<Block type="SquareTiny" material="wood" x="0.9" y="-3.2200000000000006" rotation="0" />
<Block type="SquareTiny" material="ice" x="1.3" y="-3.2200000000000006" rotation="0" />
<Block type="SquareTiny" material="ice" x="1.7" y="-3.2200000000000006" rotation="0" />
<Block type="SquareTiny" material="stone" x="2.1" y="-3.2200000000000006" rotation="0" />
<Block type="SquareTiny" material="ice" x="2.4" y="-3.2200000000000006" rotation="0" />
<Block type="SquareTiny" material="stone" x="2.9" y="-3.2200000000000006" rotation="0" />
<Block type="SquareTiny" material="wood" x="3.6" y="-3.2200000000000006" rotation="0" />
<Block type="SquareTiny" material="wood" x="4.4" y="-3.2200000000000006" rotation="0" />
<Block type="SquareTiny" material="wood" x="-1.4" y="-2.950000000000001" rotation="0" />
<Block type="SquareTiny" material="wood" x="-0.6" y="-2.950000000000001" rotation="0" />
<Block type="SquareTiny" material="wood" x="0.1" y="-2.950000000000001" rotation="0" />
<Block type="SquareTiny" material="wood" x="0.6" y="-2.950000000000001" rotation="0" />
<Block type="SquareTiny" material="ice" x="0.9" y="-2.950000000000001" rotation="0" />
<Block type="SquareTiny" material="ice" x="1.3" y="-2.950000000000001" rotation="0" />
<Block type="SquareTiny" material="wood" x="1.7" y="-2.950000000000001" rotation="0" />
<Block type="SquareTiny" material="wood" x="2.1" y="-2.950000000000001" rotation="0" />
<Block type="SquareTiny" material="ice" x="2.4" y="-2.950000000000001" rotation="0" />
<Block type="SquareTiny" material="ice" x="2.9" y="-2.950000000000001" rotation="0" />
<Block type="SquareTiny" material="ice" x="3.6" y="-2.950000000000001" rotation="0" />
<Block type="SquareTiny" material="wood" x="4.4" y="-2.950000000000001" rotation="0" />
<Block type="RectTiny" material="wood" x="-1.4" y="-2.5750000000000015" rotation="90" />
<Block type="RectTiny" material="wood" x="-0.6" y="-2.5750000000000015" rotation="90" />
<Block type="RectTiny" material="wood" x="0.1" y="-2.5750000000000015" rotation="90" />
<Block type="RectTiny" material="stone" x="0.6" y="-2.5750000000000015" rotation="90" />
<Block type="RectTiny" material="ice" x="0.9" y="-2.5750000000000015" rotation="90" />
<Block type="RectTiny" material="stone" x="1.3" y="-2.5750000000000015" rotation="90" />
<Block type="RectTiny" material="wood" x="1.7" y="-2.5750000000000015" rotation="90" />
<Block type="RectTiny" material="ice" x="2.1" y="-2.5750000000000015" rotation="90" />
<Block type="RectTiny" material="wood" x="2.4" y="-2.5750000000000015" rotation="90" />
<Block type="RectTiny" material="wood" x="2.9" y="-2.5750000000000015" rotation="90" />
<Block type="RectTiny" material="ice" x="3.6" y="-2.5750000000000015" rotation="90" />
<Block type="RectTiny" material="stone" x="4.4" y="-2.5750000000000015" rotation="90" />
<Block type="RectSmall" material="wood" x="-1.0" y="-2.200000000000002" rotation="0" />
<Block type="RectSmall" material="stone" x="-0.2" y="-2.200000000000002" rotation="0" />
<Block type="RectSmall" material="wood" x="0.9" y="-2.200000000000002" rotation="0" />
<Block type="RectSmall" material="stone" x="2.1" y="-2.200000000000002" rotation="0" />
<Block type="RectSmall" material="ice" x="3.2" y="-2.200000000000002" rotation="0" />
<Block type="RectSmall" material="wood" x="4.0" y="-2.200000000000002" rotation="0" />
<Block type="RectSmall" material="stone" x="-1.0" y="-1.930000000000002" rotation="0" />
<Block type="RectSmall" material="stone" x="-0.2" y="-1.930000000000002" rotation="0" />
<Block type="RectSmall" material="wood" x="0.9" y="-1.930000000000002" rotation="0" />
<Block type="RectSmall" material="ice" x="2.1" y="-1.930000000000002" rotation="0" />
<Block type="RectSmall" material="ice" x="3.2" y="-1.930000000000002" rotation="0" />
<Block type="RectSmall" material="stone" x="4.0" y="-1.930000000000002" rotation="0" />
<Block type="RectTiny" material="stone" x="-1.0" y="-1.6600000000000017" rotation="0" />
<Block type="RectTiny" material="ice" x="-0.4" y="-1.6600000000000017" rotation="0" />
<Block type="RectTiny" material="stone" x="0.1" y="-1.6600000000000017" rotation="0" />
<Block type="RectTiny" material="stone" x="0.7" y="-1.6600000000000017" rotation="0" />
<Block type="RectTiny" material="stone" x="1.2" y="-1.6600000000000017" rotation="0" />
<Block type="RectTiny" material="wood" x="1.8" y="-1.6600000000000017" rotation="0" />
<Block type="RectTiny" material="wood" x="2.3" y="-1.6600000000000017" rotation="0" />
<Block type="RectTiny" material="stone" x="2.9" y="-1.6600000000000017" rotation="0" />
<Block type="RectTiny" material="ice" x="3.4" y="-1.6600000000000017" rotation="0" />
<Block type="RectTiny" material="wood" x="4.0" y="-1.6600000000000017" rotation="0" />
<Block type="SquareHole" material="wood" x="-0.7" y="-1.0800000000000016" rotation="0" />
<Block type="SquareHole" material="wood" x="0.4" y="-1.0800000000000016" rotation="0" />
<Block type="SquareHole" material="wood" x="1.5" y="-1.0800000000000016" rotation="0" />
<Block type="SquareHole" material="ice" x="2.6" y="-1.0800000000000016" rotation="0" />
<Block type="SquareHole" material="wood" x="3.7" y="-1.0800000000000016" rotation="0" />
<Block type="RectSmall" material="ice" x="-0.7" y="-0.5000000000000017" rotation="0" />
<Block type="RectSmall" material="wood" x="0.4" y="-0.5000000000000017" rotation="0" />
<Block type="RectSmall" material="wood" x="1.5" y="-0.5000000000000017" rotation="0" />
<Block type="RectSmall" material="wood" x="2.6" y="-0.5000000000000017" rotation="0" />
<Block type="RectSmall" material="wood" x="3.7" y="-0.5000000000000017" rotation="0" />
<Block type="RectFat" material="wood" x="-0.7" y="-0.12500000000000167" rotation="0" />
<Block type="RectFat" material="stone" x="0.4" y="-0.12500000000000167" rotation="0" />
<Block type="RectFat" material="stone" x="1.5" y="-0.12500000000000167" rotation="0" />
<Block type="RectFat" material="wood" x="2.6" y="-0.12500000000000167" rotation="0" />
<Block type="RectFat" material="ice" x="3.7" y="-0.12500000000000167" rotation="0" />
<Block type="TriangleHole" material="wood" x="-0.7" y="0.5499999999999984" rotation="0" />
<Block type="TriangleHole" material="wood" x="0.7" y="0.5499999999999984" rotation="0" />
<Block type="Circle" material="wood" x="1.5" y="0.5399999999999984" rotation="0" />
<Block type="Triangle" material="ice" x="2.9" y="0.5499999999999984" rotation="90" />
<Block type="CircleSmall" material="stone" x="3.7" y="0.3649999999999983" rotation="0" />
</GameObjects>
</Level>
