<?xml version="1.0" encoding="utf-16"?>
<Level width ="2">
<Camera x="0" y="2" minWidth="20" maxWidth="30">
<Birds>
<Bird type="BirdBlue"/>
<Bird type="BirdRed"/>
<Bird type="BirdYellow"/>
<Bird type="BirdBlue"/>
<Bird type="BirdBlue"/>
<Bird type="BirdBlue"/>
<Bird type="BirdRed"/>
</Birds>
<Slingshot x="-8" y="-2.5">
<GameObjects>
<Platform type="Platform" material="" x="-1.3" y="-3.29" rotation="0" />
<Platform type="Platform" material="" x="-0.7" y="-3.29" rotation="0" />
<Platform type="Platform" material="" x="-0.1" y="-3.29" rotation="0" />
<Platform type="Platform" material="" x="0.5" y="-3.29" rotation="0" />
<Platform type="Platform" material="" x="1.1" y="-3.29" rotation="0" />
<Platform type="Platform" material="" x="1.7" y="-3.29" rotation="0" />
<Platform type="Platform" material="" x="2.3" y="-3.29" rotation="0" />
<Platform type="Platform" material="" x="2.9" y="-3.29" rotation="0" />
<Platform type="Platform" material="" x="3.5" y="-3.29" rotation="0" />
<Platform type="Platform" material="" x="4.1" y="-3.29" rotation="0" />
<Platform type="Platform" material="" x="4.7" y="-3.29" rotation="0" />
<Block type="RectMedium" material="wood" x="-1.5" y="-2.0900000000000003" rotation="90" />
<Block type="RectMedium" material="wood" x="-1.1" y="-2.0900000000000003" rotation="90" />
<Block type="RectMedium" material="wood" x="-0.6" y="-2.0900000000000003" rotation="90" />
<Block type="RectMedium" material="wood" x="0.0" y="-2.0900000000000003" rotation="90" />
<Block type="RectMedium" material="wood" x="0.4" y="-2.0900000000000003" rotation="90" />
<Block type="RectMedium" material="wood" x="0.7" y="-2.0900000000000003" rotation="90" />
<Block type="RectMedium" material="wood" x="1.1" y="-2.0900000000000003" rotation="90" />
<Block type="RectMedium" material="wood" x="1.6" y="-2.0900000000000003" rotation="90" />
<Block type="RectMedium" material="wood" x="2.1" y="-2.0900000000000003" rotation="90" />
<Block type="RectMedium" material="wood" x="2.5" y="-2.0900000000000003" rotation="90" />
<Block type="RectMedium" material="wood" x="2.8" y="-2.0900000000000003" rotation="90" />
<Block type="RectMedium" material="wood" x="3.2" y="-2.0900000000000003" rotation="90" />
<Block type="RectMedium" material="wood" x="3.8" y="-2.0900000000000003" rotation="90" />
<Block type="RectMedium" material="wood" x="4.3" y="-2.0900000000000003" rotation="90" />
<Block type="RectMedium" material="wood" x="4.7" y="-2.0900000000000003" rotation="90" />
<Block type="SquareTiny" material="ice" x="-1.5" y="-1.0900000000000003" rotation="0" />
<Block type="SquareTiny" material="ice" x="-1.1" y="-1.0900000000000003" rotation="0" />
<Block type="SquareTiny" material="ice" x="-0.6" y="-1.0900000000000003" rotation="0" />
<Block type="SquareTiny" material="ice" x="0.0" y="-1.0900000000000003" rotation="0" />
<Block type="SquareTiny" material="ice" x="0.4" y="-1.0900000000000003" rotation="0" />
<Block type="SquareTiny" material="ice" x="0.7" y="-1.0900000000000003" rotation="0" />
<Block type="SquareTiny" material="ice" x="1.1" y="-1.0900000000000003" rotation="0" />
<Block type="SquareTiny" material="ice" x="1.6" y="-1.0900000000000003" rotation="0" />
<Block type="SquareTiny" material="ice" x="2.1" y="-1.0900000000000003" rotation="0" />
<Block type="SquareTiny" material="ice" x="2.5" y="-1.0900000000000003" rotation="0" />
<Block type="SquareTiny" material="ice" x="2.8" y="-1.0900000000000003" rotation="0" />
<Block type="SquareTiny" material="ice" x="3.2" y="-1.0900000000000003" rotation="0" />
<Block type="SquareTiny" material="ice" x="3.8" y="-1.0900000000000003" rotation="0" />
<Block type="SquareTiny" material="ice" x="4.3" y="-1.0900000000000003" rotation="0" />
<Block type="SquareTiny" material="ice" x="4.7" y="-1.0900000000000003" rotation="0" />
<Block type="RectBig" material="stone" x="-0.6" y="-0.8200000000000003" rotation="0" />
<Block type="RectBig" material="wood" x="1.6" y="-0.8200000000000003" rotation="0" />
<Block type="RectBig" material="wood" x="3.8" y="-0.8200000000000003" rotation="0" />
<Block type="RectMedium" material="stone" x="-0.6" y="-0.5500000000000003" rotation="0" />
<Block type="RectMedium" material="ice" x="1.6" y="-0.5500000000000003" rotation="0" />
<Block type="RectMedium" material="ice" x="3.8" y="-0.5500000000000003" rotation="0" />
<Pig type="BasicSmall" material="" x="-1.2" y="-0.16500000000000026" rotation="0" />
<Block type="RectFat" material="ice" x="-0.3" y="-0.17500000000000027" rotation="0" />
<Block type="RectFat" material="ice" x="0.6" y="-0.17500000000000027" rotation="0" />
<Block type="RectFat" material="ice" x="1.6" y="-0.17500000000000027" rotation="0" />
<Block type="RectFat" material="ice" x="2.6" y="-0.17500000000000027" rotation="0" />
<Block type="RectFat" material="ice" x="3.5" y="-0.17500000000000027" rotation="0" />
<Pig type="BasicSmall" material="" x="4.4" y="-0.16500000000000026" rotation="0" />
<Block type="SquareHole" material="ice" x="-0.3" y="0.5099999999999998" rotation="0" />
<Block type="SquareHole" material="ice" x="0.6" y="0.5099999999999998" rotation="0" />
<Block type="SquareHole" material="ice" x="1.6" y="0.5099999999999998" rotation="0" />
<Block type="SquareHole" material="ice" x="2.6" y="0.5099999999999998" rotation="0" />
<Block type="SquareHole" material="ice" x="3.5" y="0.5099999999999998" rotation="0" />
<Block type="CircleSmall" material="ice" x="-0.3" y="1.2049999999999998" rotation="0" />
<Block type="CircleSmall" material="ice" x="0.4" y="1.2049999999999998" rotation="0" />
<Block type="CircleSmall" material="stone" x="0.9" y="1.2049999999999998" rotation="0" />
<Pig type="BasicSmall" material="" x="1.6" y="1.2049999999999998" rotation="0" />
<Block type="TriangleHole" material="wood" x="2.6" y="1.3899999999999997" rotation="0" />
<Block type="TriangleHole" material="ice" x="3.8" y="1.3899999999999997" rotation="0" />
</GameObjects>
</Level>
