<?xml version="1.0" encoding="utf-16"?>
<Level width ="2">
<Camera x="0" y="2" minWidth="20" maxWidth="30">
<Birds>
<Bird type="BirdBlue"/>
<Bird type="BirdRed"/>
<Bird type="BirdYellow"/>
<Bird type="BirdBlue"/>
<Bird type="BirdBlue"/>
<Bird type="BirdBlue"/>
<Bird type="BirdRed"/>
</Birds>
<Slingshot x="-8" y="-2.5">
<GameObjects>
<Block type="RectBig" material="wood" x="-0.7" y="-2.5700000000000003" rotation="90" />
<Block type="RectBig" material="wood" x="-0.3" y="-2.5700000000000003" rotation="90" />
<Block type="RectBig" material="wood" x="0.0" y="-2.5700000000000003" rotation="90" />
<Pig type="BasicSmall" material="" x="0.4" y="-3.375" rotation="0" />
<Block type="RectBig" material="wood" x="1.1" y="-2.5700000000000003" rotation="90" />
<Block type="RectBig" material="wood" x="1.4" y="-2.5700000000000003" rotation="90" />
<Block type="RectBig" material="wood" x="1.7" y="-2.5700000000000003" rotation="90" />
<Pig type="BasicSmall" material="" x="2.4" y="-3.375" rotation="0" />
<Block type="RectBig" material="wood" x="2.8" y="-2.5700000000000003" rotation="90" />
<Block type="RectBig" material="wood" x="3.1" y="-2.5700000000000003" rotation="90" />
<Block type="RectBig" material="wood" x="3.5" y="-2.5700000000000003" rotation="90" />
<Block type="SquareTiny" material="stone" x="-0.7" y="-1.3800000000000001" rotation="0" />
<Block type="SquareTiny" material="stone" x="0.0" y="-1.3800000000000001" rotation="0" />
<Block type="SquareTiny" material="stone" x="1.1" y="-1.3800000000000001" rotation="0" />
<Block type="SquareTiny" material="stone" x="1.7" y="-1.3800000000000001" rotation="0" />
<Block type="SquareTiny" material="wood" x="2.8" y="-1.3800000000000001" rotation="0" />
<Block type="SquareTiny" material="wood" x="3.5" y="-1.3800000000000001" rotation="0" />
<Block type="RectSmall" material="stone" x="-0.3" y="-1.1099999999999999" rotation="0" />
<Block type="RectSmall" material="stone" x="1.4" y="-1.1099999999999999" rotation="0" />
<Block type="RectSmall" material="ice" x="3.1" y="-1.1099999999999999" rotation="0" />
<Block type="RectTiny" material="stone" x="-0.2" y="-0.8399999999999999" rotation="0" />
<Block type="RectTiny" material="stone" x="1.4" y="-0.8399999999999999" rotation="0" />
<Block type="RectTiny" material="wood" x="3.0" y="-0.8399999999999999" rotation="0" />
<Block type="RectMedium" material="wood" x="0.5" y="-0.5699999999999998" rotation="0" />
<Block type="RectMedium" material="wood" x="2.3" y="-0.5699999999999998" rotation="0" />
<Block type="Triangle" material="ice" x="-0.1" y="1.249000902703301e-16" rotation="0" />
<Block type="RectTiny" material="wood" x="0.5" y="-0.19499999999999984" rotation="90" />
<Block type="RectTiny" material="wood" x="1.1" y="-0.19499999999999984" rotation="90" />
<Block type="RectTiny" material="wood" x="1.7" y="-0.19499999999999984" rotation="90" />
<Block type="RectTiny" material="wood" x="2.3" y="-0.19499999999999984" rotation="90" />
<Block type="TriangleHole" material="ice" x="2.9" y="1.249000902703301e-16" rotation="0" />
<Block type="RectFat" material="wood" x="0.8" y="0.28500000000000014" rotation="0" />
<Block type="RectFat" material="wood" x="2.0" y="0.28500000000000014" rotation="0" />
<Block type="Triangle" material="stone" x="0.8" y="0.9600000000000002" rotation="0" />
<Block type="CircleSmall" material="ice" x="1.7" y="0.7750000000000001" rotation="0" />
<Block type="CircleSmall" material="ice" x="2.3" y="0.7750000000000001" rotation="0" />
</GameObjects>
</Level>
