<?xml version="1.0" encoding="utf-16"?>
<Level width ="2">
<Camera x="0" y="2" minWidth="20" maxWidth="30">
<Birds>
<Bird type="BirdBlue"/>
<Bird type="BirdRed"/>
<Bird type="BirdYellow"/>
<Bird type="BirdBlue"/>
<Bird type="BirdBlue"/>
<Bird type="BirdBlue"/>
<Bird type="BirdRed"/>
</Birds>
<Slingshot x="-8" y="-2.5">
<GameObjects>
<Platform type="Platform" material="" x="-1.5" y="-3.29" rotation="0" />
<Platform type="Platform" material="" x="-0.9" y="-3.29" rotation="0" />
<Platform type="Platform" material="" x="-0.3" y="-3.29" rotation="0" />
<Platform type="Platform" material="" x="0.4" y="-3.29" rotation="0" />
<Platform type="Platform" material="" x="1.0" y="-3.29" rotation="0" />
<Platform type="Platform" material="" x="1.6" y="-3.29" rotation="0" />
<Platform type="Platform" material="" x="2.2" y="-3.29" rotation="0" />
<Platform type="Platform" material="" x="2.8" y="-3.29" rotation="0" />
<Platform type="Platform" material="" x="3.5" y="-3.29" rotation="0" />
<Platform type="Platform" material="" x="4.1" y="-3.29" rotation="0" />
<Platform type="Platform" material="" x="4.7" y="-3.29" rotation="0" />
<Block type="RectFat" material="wood" x="-1.4" y="-2.7150000000000003" rotation="0" />
<Pig type="BasicSmall" material="" x="-0.7" y="-2.705" rotation="0" />
<Block type="RectFat" material="wood" x="0.0" y="-2.7150000000000003" rotation="0" />
<Block type="RectFat" material="wood" x="0.9" y="-2.7150000000000003" rotation="0" />
<Pig type="BasicSmall" material="" x="1.6" y="-2.705" rotation="0" />
<Block type="RectFat" material="wood" x="2.3" y="-2.7150000000000003" rotation="0" />
<Block type="RectFat" material="ice" x="3.2" y="-2.7150000000000003" rotation="0" />
<Pig type="BasicSmall" material="" x="3.9" y="-2.705" rotation="0" />
<Block type="RectFat" material="ice" x="4.6" y="-2.7150000000000003" rotation="0" />
<Block type="RectSmall" material="wood" x="-1.6" y="-2.025000000000001" rotation="90" />
<Block type="RectSmall" material="wood" x="-1.2" y="-2.025000000000001" rotation="90" />
<Block type="RectSmall" material="wood" x="-0.2" y="-2.025000000000001" rotation="90" />
<Block type="RectSmall" material="wood" x="0.2" y="-2.025000000000001" rotation="90" />
<Block type="RectSmall" material="ice" x="0.7" y="-2.025000000000001" rotation="90" />
<Block type="RectSmall" material="ice" x="1.1" y="-2.025000000000001" rotation="90" />
<Block type="RectSmall" material="ice" x="2.1" y="-2.025000000000001" rotation="90" />
<Block type="RectSmall" material="ice" x="2.5" y="-2.025000000000001" rotation="90" />
<Block type="RectSmall" material="ice" x="3.0" y="-2.025000000000001" rotation="90" />
<Block type="RectSmall" material="wood" x="3.4" y="-2.025000000000001" rotation="90" />
<Block type="RectSmall" material="wood" x="4.4" y="-2.025000000000001" rotation="90" />
<Block type="RectSmall" material="wood" x="4.8" y="-2.025000000000001" rotation="90" />
<Block type="RectBig" material="ice" x="-0.7" y="-1.4400000000000006" rotation="0" />
<Block type="RectBig" material="wood" x="1.6" y="-1.4400000000000006" rotation="0" />
<Block type="RectBig" material="ice" x="3.9" y="-1.4400000000000006" rotation="0" />
<Block type="RectTiny" material="ice" x="-1.4" y="-1.0650000000000004" rotation="90" />
<Block type="RectTiny" material="ice" x="-0.7" y="-1.0650000000000004" rotation="90" />
<Block type="RectTiny" material="wood" x="0.0" y="-1.0650000000000004" rotation="90" />
<Block type="RectTiny" material="wood" x="0.9" y="-1.0650000000000004" rotation="90" />
<Block type="RectTiny" material="wood" x="1.6" y="-1.0650000000000004" rotation="90" />
<Block type="RectTiny" material="wood" x="2.3" y="-1.0650000000000004" rotation="90" />
<Block type="RectTiny" material="wood" x="3.2" y="-1.0650000000000004" rotation="90" />
<Block type="RectTiny" material="ice" x="3.9" y="-1.0650000000000004" rotation="90" />
<Block type="RectTiny" material="wood" x="4.6" y="-1.0650000000000004" rotation="90" />
<Block type="RectMedium" material="wood" x="-0.7" y="-0.6900000000000004" rotation="0" />
<Block type="RectMedium" material="stone" x="1.6" y="-0.6900000000000004" rotation="0" />
<Block type="RectMedium" material="ice" x="3.9" y="-0.6900000000000004" rotation="0" />
<Block type="Triangle" material="ice" x="-1.3" y="-0.12000000000000043" rotation="0" />
<Block type="SquareHole" material="wood" x="-0.4" y="-0.11000000000000042" rotation="0" />
<Block type="SquareHole" material="wood" x="1.6" y="-0.11000000000000042" rotation="0" />
<Block type="SquareHole" material="ice" x="3.6" y="-0.11000000000000042" rotation="0" />
<Block type="Triangle" material="stone" x="4.4" y="-0.12000000000000043" rotation="0" />
<Block type="RectSmall" material="wood" x="-0.4" y="0.46999999999999953" rotation="0" />
<Block type="RectSmall" material="wood" x="1.6" y="0.46999999999999953" rotation="0" />
<Block type="RectSmall" material="ice" x="3.6" y="0.46999999999999953" rotation="0" />
<Block type="RectBig" material="wood" x="0.5" y="0.7399999999999995" rotation="0" />
<Block type="RectBig" material="ice" x="2.7" y="0.7399999999999995" rotation="0" />
<Block type="RectMedium" material="wood" x="0.5" y="1.0099999999999996" rotation="0" />
<Block type="RectMedium" material="ice" x="2.7" y="1.0099999999999996" rotation="0" />
<Block type="CircleSmall" material="ice" x="0.0" y="1.3949999999999998" rotation="0" />
<Block type="Triangle" material="wood" x="1.1" y="1.5799999999999996" rotation="0" />
<Block type="CircleSmall" material="stone" x="2.1" y="1.3949999999999998" rotation="0" />
<Block type="CircleSmall" material="stone" x="2.7" y="1.3949999999999998" rotation="0" />
<Block type="CircleSmall" material="stone" x="3.2" y="1.3949999999999998" rotation="0" />
</GameObjects>
</Level>
