<?xml version="1.0" encoding="utf-16"?>
<Level width ="2">
<Camera x="0" y="2" minWidth="20" maxWidth="30">
<Birds>
<Bird type="BirdBlue"/>
<Bird type="BirdRed"/>
<Bird type="BirdYellow"/>
<Bird type="BirdBlue"/>
<Bird type="BirdBlue"/>
<Bird type="BirdBlue"/>
<Bird type="BirdRed"/>
</Birds>
<Slingshot x="-8" y="-2.5">
<GameObjects>
<Platform type="Platform" material="" x="-0.1" y="-3.29" rotation="0" />
<Platform type="Platform" material="" x="0.5" y="-3.29" rotation="0" />
<Platform type="Platform" material="" x="1.1" y="-3.29" rotation="0" />
<Platform type="Platform" material="" x="1.7" y="-3.29" rotation="0" />
<Platform type="Platform" material="" x="2.3" y="-3.29" rotation="0" />
<Platform type="Platform" material="" x="2.9" y="-3.29" rotation="0" />
<Block type="RectBig" material="ice" x="-0.3" y="-1.9" rotation="90" />
<Pig type="BasicSmall" material="" x="0.1" y="-2.705" rotation="0" />
<Block type="RectBig" material="ice" x="0.5" y="-1.9" rotation="90" />
<Pig type="BasicSmall" material="" x="0.9" y="-2.705" rotation="0" />
<Block type="RectBig" material="ice" x="1.3" y="-1.9" rotation="90" />
<Block type="RectBig" material="ice" x="1.5" y="-1.9" rotation="90" />
<Pig type="BasicSmall" material="" x="1.9" y="-2.705" rotation="0" />
<Pig type="BasicSmall" material="" x="2.5" y="-2.705" rotation="0" />
<Block type="RectBig" material="ice" x="2.9" y="-1.9" rotation="90" />
<Block type="RectMedium" material="wood" x="0.4" y="-2.3200000000000003" rotation="0" />
<Block type="RectMedium" material="wood" x="2.2" y="-0.7099999999999999" rotation="0" />
<Block type="SquareSmall" material="wood" x="0.1" y="-1.9450000000000003" rotation="0" />
<Block type="SquareSmall" material="wood" x="0.8" y="-1.9450000000000003" rotation="0" />
<Block type="SquareSmall" material="wood" x="1.8" y="-0.3349999999999999" rotation="0" />
<Block type="SquareSmall" material="wood" x="2.5" y="-0.3349999999999999" rotation="0" />
<Pig type="BasicSmall" material="" x="0.1" y="-1.455" rotation="0" />
<Block type="Circle" material="wood" x="0.8" y="-1.28" rotation="0" />
<Block type="CircleSmall" material="ice" x="1.8" y="0.15500000000000008" rotation="0" />
<Block type="Circle" material="stone" x="2.5" y="0.3300000000000001" rotation="0" />
</GameObjects>
</Level>
