<?xml version="1.0" encoding="utf-16"?>
<Level width ="2">
<Camera x="0" y="2" minWidth="20" maxWidth="30">
<Birds>
<Bird type="BirdBlue"/>
<Bird type="BirdRed"/>
<Bird type="BirdYellow"/>
<Bird type="BirdBlue"/>
<Bird type="BirdBlue"/>
<Bird type="BirdBlue"/>
<Bird type="BirdRed"/>
</Birds>
<Slingshot x="-8" y="-2.5">
<GameObjects>
<Block type="RectTiny" material="ice" x="-0.7" y="-3.3850000000000002" rotation="90" />
<Block type="RectTiny" material="ice" x="-0.4" y="-3.3850000000000002" rotation="90" />
<Block type="RectTiny" material="ice" x="-0.1" y="-3.3850000000000002" rotation="90" />
<Pig type="BasicSmall" material="" x="0.6" y="-3.375" rotation="0" />
<Block type="RectTiny" material="stone" x="1.1" y="-3.3850000000000002" rotation="90" />
<Block type="RectTiny" material="stone" x="1.4" y="-3.3850000000000002" rotation="90" />
<Block type="RectTiny" material="ice" x="1.7" y="-3.3850000000000002" rotation="90" />
<Pig type="BasicSmall" material="" x="2.2" y="-3.375" rotation="0" />
<Block type="RectTiny" material="ice" x="2.9" y="-3.3850000000000002" rotation="90" />
<Block type="RectTiny" material="ice" x="3.2" y="-3.3850000000000002" rotation="90" />
<Block type="RectTiny" material="wood" x="3.5" y="-3.3850000000000002" rotation="90" />
<Block type="SquareHole" material="stone" x="-0.4" y="-2.7000000000000006" rotation="0" />
<Block type="SquareHole" material="stone" x="1.4" y="-2.7000000000000006" rotation="0" />
<Block type="SquareHole" material="ice" x="3.2" y="-2.7000000000000006" rotation="0" />
<Block type="RectSmall" material="stone" x="-0.4" y="-2.120000000000001" rotation="0" />
<Block type="RectSmall" material="stone" x="1.4" y="-2.120000000000001" rotation="0" />
<Block type="RectSmall" material="wood" x="3.2" y="-2.120000000000001" rotation="0" />
<Block type="RectTiny" material="ice" x="-0.7" y="-1.745000000000001" rotation="90" />
<Block type="RectTiny" material="ice" x="-0.4" y="-1.745000000000001" rotation="90" />
<Block type="RectTiny" material="ice" x="-0.1" y="-1.745000000000001" rotation="90" />
<Block type="RectTiny" material="stone" x="1.1" y="-1.745000000000001" rotation="90" />
<Block type="RectTiny" material="stone" x="1.4" y="-1.745000000000001" rotation="90" />
<Block type="RectTiny" material="stone" x="1.7" y="-1.745000000000001" rotation="90" />
<Block type="RectTiny" material="wood" x="2.9" y="-1.745000000000001" rotation="90" />
<Block type="RectTiny" material="wood" x="3.2" y="-1.745000000000001" rotation="90" />
<Block type="RectTiny" material="wood" x="3.5" y="-1.745000000000001" rotation="90" />
<Block type="RectSmall" material="wood" x="-0.4" y="-1.3700000000000008" rotation="0" />
<Block type="RectSmall" material="stone" x="1.4" y="-1.3700000000000008" rotation="0" />
<Block type="RectSmall" material="stone" x="3.2" y="-1.3700000000000008" rotation="0" />
<Block type="RectMedium" material="ice" x="0.4" y="-1.1000000000000005" rotation="0" />
<Block type="RectMedium" material="stone" x="2.4" y="-1.1000000000000005" rotation="0" />
<Block type="CircleSmall" material="wood" x="-0.2" y="-0.7150000000000005" rotation="0" />
<Block type="RectSmall" material="stone" x="0.7" y="-0.8300000000000005" rotation="0" />
<Block type="RectSmall" material="stone" x="2.1" y="-0.8300000000000005" rotation="0" />
<Pig type="BasicSmall" material="" x="3.0" y="-0.7150000000000005" rotation="0" />
<Block type="RectMedium" material="stone" x="1.4" y="-0.5600000000000005" rotation="0" />
<Block type="SquareTiny" material="wood" x="1.0" y="-0.29000000000000054" rotation="0" />
<Block type="CircleSmall" material="stone" x="1.4" y="-0.1750000000000005" rotation="0" />
<Block type="SquareTiny" material="ice" x="1.8" y="-0.29000000000000054" rotation="0" />
<Block type="RectTiny" material="wood" x="1.0" y="0.08499999999999945" rotation="90" />
<Block type="RectTiny" material="ice" x="1.8" y="0.08499999999999945" rotation="90" />
<Pig type="BasicSmall" material="" x="1.0" y="0.5749999999999995" rotation="0" />
<Block type="Circle" material="wood" x="1.8" y="0.7499999999999996" rotation="0" />
</GameObjects>
</Level>
