<?xml version="1.0" encoding="utf-16"?>
<Level width ="2">
<Camera x="0" y="2" minWidth="20" maxWidth="30">
<Birds>
<Bird type="BirdBlue"/>
<Bird type="BirdRed"/>
<Bird type="BirdYellow"/>
<Bird type="BirdBlue"/>
<Bird type="BirdBlue"/>
<Bird type="BirdBlue"/>
<Bird type="BirdRed"/>
</Birds>
<Slingshot x="-8" y="-2.5">
<GameObjects>
<Platform type="Platform" material="" x="0.2" y="-3.29" rotation="0" />
<Platform type="Platform" material="" x="0.8" y="-3.29" rotation="0" />
<Platform type="Platform" material="" x="1.4" y="-3.29" rotation="0" />
<Platform type="Platform" material="" x="2.0" y="-3.29" rotation="0" />
<Platform type="Platform" material="" x="2.6" y="-3.29" rotation="0" />
<Block type="RectTiny" material="stone" x="-0.7" y="-3.3850000000000002" rotation="90" />
<Block type="SquareHole" material="wood" x="0.3" y="-2.5100000000000002" rotation="0" />
<Pig type="BasicSmall" material="" x="1.0" y="-2.705" rotation="0" />
<Pig type="BasicSmall" material="" x="1.6" y="-2.705" rotation="0" />
<Block type="SquareHole" material="stone" x="2.3" y="-2.5100000000000002" rotation="0" />
<Block type="RectTiny" material="ice" x="-0.7" y="-2.9050000000000007" rotation="90" />
<Block type="RectSmall" material="ice" x="-0.7" y="-2.530000000000001" rotation="0" />
<Block type="SquareTiny" material="ice" x="-0.7" y="-2.2600000000000016" rotation="0" />
<Block type="RectFat" material="wood" x="0.3" y="-1.8250000000000002" rotation="0" />
<Block type="RectFat" material="stone" x="2.1" y="-1.8250000000000002" rotation="0" />
<Block type="SquareTiny" material="ice" x="-0.7" y="-1.9900000000000018" rotation="0" />
<Block type="RectTiny" material="stone" x="-0.7" y="-1.6150000000000015" rotation="90" />
<Block type="RectSmall" material="wood" x="0.3" y="-1.45" rotation="0" />
<Block type="RectSmall" material="wood" x="2.1" y="-1.45" rotation="0" />
<Block type="RectBig" material="wood" x="1.2" y="-1.1799999999999997" rotation="0" />
<Block type="RectSmall" material="stone" x="-0.7" y="-1.2400000000000013" rotation="0" />
<Pig type="BasicSmall" material="" x="0.5" y="-0.7949999999999996" rotation="0" />
<Block type="RectSmall" material="wood" x="1.2" y="-0.9099999999999996" rotation="0" />
<Pig type="BasicSmall" material="" x="1.9" y="-0.7949999999999996" rotation="0" />
<Block type="RectBig" material="ice" x="1.2" y="0.2800000000000004" rotation="90" />
<Pig type="BasicSmall" material="" x="1.2" y="1.5850000000000006" rotation="0" />
</GameObjects>
</Level>
