<?xml version="1.0" encoding="utf-16"?>
<Level width ="2">
<Camera x="0" y="2" minWidth="20" maxWidth="30">
<Birds>
<Bird type="BirdBlue"/>
<Bird type="BirdRed"/>
<Bird type="BirdYellow"/>
<Bird type="BirdBlue"/>
<Bird type="BirdBlue"/>
<Bird type="BirdBlue"/>
<Bird type="BirdRed"/>
</Birds>
<Slingshot x="-8" y="-2.5">
<GameObjects>
<Platform type="Platform" material="" x="-1.2" y="-3.29" rotation="0" />
<Platform type="Platform" material="" x="-0.6" y="-3.29" rotation="0" />
<Platform type="Platform" material="" x="0.0" y="-3.29" rotation="0" />
<Platform type="Platform" material="" x="0.6" y="-3.29" rotation="0" />
<Platform type="Platform" material="" x="1.2" y="-3.29" rotation="0" />
<Platform type="Platform" material="" x="1.8" y="-3.29" rotation="0" />
<Platform type="Platform" material="" x="2.4" y="-3.29" rotation="0" />
<Platform type="Platform" material="" x="3.0" y="-3.29" rotation="0" />
<Platform type="Platform" material="" x="3.6" y="-3.29" rotation="0" />
<Platform type="Platform" material="" x="4.2" y="-3.29" rotation="0" />
<Block type="RectFat" material="ice" x="-1.3" y="-2.5050000000000003" rotation="90" />
<Block type="RectFat" material="ice" x="-0.6" y="-2.5050000000000003" rotation="90" />
<Block type="RectFat" material="ice" x="0.2" y="-2.5050000000000003" rotation="90" />
<Block type="RectFat" material="ice" x="0.8" y="-2.5050000000000003" rotation="90" />
<Block type="RectFat" material="ice" x="1.5" y="-2.5050000000000003" rotation="90" />
<Block type="RectFat" material="ice" x="2.2" y="-2.5050000000000003" rotation="90" />
<Block type="RectFat" material="ice" x="2.8" y="-2.5050000000000003" rotation="90" />
<Block type="RectFat" material="ice" x="3.6" y="-2.5050000000000003" rotation="90" />
<Block type="RectFat" material="ice" x="4.3" y="-2.5050000000000003" rotation="90" />
<Block type="RectFat" material="ice" x="-1.3" y="-1.6050000000000004" rotation="90" />
<Block type="RectFat" material="ice" x="-0.6" y="-1.6050000000000004" rotation="90" />
<Block type="RectFat" material="ice" x="0.2" y="-1.6050000000000004" rotation="90" />
<Block type="RectFat" material="ice" x="0.8" y="-1.6050000000000004" rotation="90" />
<Block type="RectFat" material="ice" x="1.5" y="-1.6050000000000004" rotation="90" />
<Block type="RectFat" material="ice" x="2.2" y="-1.6050000000000004" rotation="90" />
<Block type="RectFat" material="ice" x="2.8" y="-1.6050000000000004" rotation="90" />
<Block type="RectFat" material="ice" x="3.6" y="-1.6050000000000004" rotation="90" />
<Block type="RectFat" material="ice" x="4.3" y="-1.6050000000000004" rotation="90" />
<Block type="SquareSmall" material="wood" x="-1.3" y="-0.9150000000000004" rotation="0" />
<Block type="SquareSmall" material="wood" x="-0.6" y="-0.9150000000000004" rotation="0" />
<Block type="SquareSmall" material="wood" x="0.2" y="-0.9150000000000004" rotation="0" />
<Block type="SquareSmall" material="wood" x="0.8" y="-0.9150000000000004" rotation="0" />
<Block type="SquareSmall" material="wood" x="1.5" y="-0.9150000000000004" rotation="0" />
<Block type="SquareSmall" material="wood" x="2.2" y="-0.9150000000000004" rotation="0" />
<Block type="SquareSmall" material="wood" x="2.8" y="-0.9150000000000004" rotation="0" />
<Block type="SquareSmall" material="wood" x="3.6" y="-0.9150000000000004" rotation="0" />
<Block type="SquareSmall" material="wood" x="4.3" y="-0.9150000000000004" rotation="0" />
<Block type="RectTiny" material="stone" x="-1.3" y="-0.5400000000000004" rotation="0" />
<Block type="RectTiny" material="stone" x="-0.6" y="-0.5400000000000004" rotation="0" />
<Block type="RectTiny" material="stone" x="0.2" y="-0.5400000000000004" rotation="0" />
<Block type="RectTiny" material="stone" x="0.8" y="-0.5400000000000004" rotation="0" />
<Block type="RectTiny" material="stone" x="1.5" y="-0.5400000000000004" rotation="0" />
<Block type="RectTiny" material="stone" x="2.2" y="-0.5400000000000004" rotation="0" />
<Block type="RectTiny" material="stone" x="2.8" y="-0.5400000000000004" rotation="0" />
<Block type="RectTiny" material="stone" x="3.6" y="-0.5400000000000004" rotation="0" />
<Block type="RectTiny" material="stone" x="4.3" y="-0.5400000000000004" rotation="0" />
<Block type="RectTiny" material="wood" x="-1.3" y="-0.2700000000000004" rotation="0" />
<Block type="RectTiny" material="wood" x="-0.6" y="-0.2700000000000004" rotation="0" />
<Block type="RectTiny" material="wood" x="0.2" y="-0.2700000000000004" rotation="0" />
<Block type="RectTiny" material="wood" x="0.8" y="-0.2700000000000004" rotation="0" />
<Block type="RectTiny" material="wood" x="1.5" y="-0.2700000000000004" rotation="0" />
<Block type="RectTiny" material="wood" x="2.2" y="-0.2700000000000004" rotation="0" />
<Block type="RectTiny" material="wood" x="2.8" y="-0.2700000000000004" rotation="0" />
<Block type="RectTiny" material="wood" x="3.6" y="-0.2700000000000004" rotation="0" />
<Block type="RectTiny" material="wood" x="4.3" y="-0.2700000000000004" rotation="0" />
<Block type="RectTiny" material="wood" x="-1.3" y="-4.163336342344337e-16" rotation="0" />
<Block type="RectTiny" material="wood" x="-0.6" y="-4.163336342344337e-16" rotation="0" />
<Block type="RectTiny" material="wood" x="0.2" y="-4.163336342344337e-16" rotation="0" />
<Block type="RectTiny" material="wood" x="0.8" y="-4.163336342344337e-16" rotation="0" />
<Block type="RectTiny" material="wood" x="1.5" y="-4.163336342344337e-16" rotation="0" />
<Block type="RectTiny" material="wood" x="2.2" y="-4.163336342344337e-16" rotation="0" />
<Block type="RectTiny" material="wood" x="2.8" y="-4.163336342344337e-16" rotation="0" />
<Block type="RectTiny" material="wood" x="3.6" y="-4.163336342344337e-16" rotation="0" />
<Block type="RectTiny" material="wood" x="4.3" y="-4.163336342344337e-16" rotation="0" />
<Block type="RectTiny" material="stone" x="-1.3" y="0.2699999999999996" rotation="0" />
<Block type="RectTiny" material="stone" x="-0.6" y="0.2699999999999996" rotation="0" />
<Block type="RectTiny" material="stone" x="0.2" y="0.2699999999999996" rotation="0" />
<Block type="RectTiny" material="stone" x="0.8" y="0.2699999999999996" rotation="0" />
<Block type="RectTiny" material="stone" x="1.5" y="0.2699999999999996" rotation="0" />
<Block type="RectTiny" material="stone" x="2.2" y="0.2699999999999996" rotation="0" />
<Block type="RectTiny" material="stone" x="2.8" y="0.2699999999999996" rotation="0" />
<Block type="RectTiny" material="stone" x="3.6" y="0.2699999999999996" rotation="0" />
<Block type="RectTiny" material="stone" x="4.3" y="0.2699999999999996" rotation="0" />
<Block type="RectTiny" material="stone" x="-1.3" y="0.6449999999999996" rotation="90" />
<Block type="SquareSmall" material="stone" x="-0.6" y="0.6449999999999996" rotation="0" />
<Block type="RectTiny" material="stone" x="0.2" y="0.6449999999999996" rotation="90" />
<Block type="SquareSmall" material="stone" x="0.8" y="0.6449999999999996" rotation="0" />
<Block type="RectTiny" material="stone" x="1.5" y="0.6449999999999996" rotation="90" />
<Block type="RectTiny" material="stone" x="2.2" y="0.6449999999999996" rotation="90" />
<Block type="RectTiny" material="stone" x="2.8" y="0.6449999999999996" rotation="90" />
<Block type="RectTiny" material="stone" x="3.6" y="0.6449999999999996" rotation="90" />
<Block type="RectTiny" material="stone" x="4.3" y="0.6449999999999996" rotation="90" />
<Block type="Circle" material="stone" x="-1.3" y="1.3099999999999996" rotation="0" />
<Block type="RectTiny" material="wood" x="-0.6" y="1.0199999999999996" rotation="0" />
<Block type="CircleSmall" material="ice" x="0.2" y="1.1349999999999996" rotation="0" />
<Block type="RectMedium" material="wood" x="1.5" y="1.0199999999999996" rotation="0" />
<Block type="RectMedium" material="wood" x="3.6" y="1.0199999999999996" rotation="0" />
<Pig type="BasicSmall" material="" x="-0.6" y="1.4049999999999998" rotation="0" />
<Block type="TriangleHole" material="ice" x="1.5" y="1.5899999999999996" rotation="0" />
<Block type="Triangle" material="wood" x="3.0" y="1.5899999999999996" rotation="0" />
<Block type="TriangleHole" material="ice" x="4.1" y="1.5899999999999996" rotation="0" />
</GameObjects>
</Level>
