<?xml version="1.0" encoding="utf-16"?>
<Level width ="2">
<Camera x="0" y="2" minWidth="20" maxWidth="30">
<Birds>
<Bird type="BirdBlue"/>
<Bird type="BirdRed"/>
<Bird type="BirdYellow"/>
<Bird type="BirdBlue"/>
<Bird type="BirdBlue"/>
<Bird type="BirdBlue"/>
<Bird type="BirdRed"/>
</Birds>
<Slingshot x="-8" y="-2.5">
<GameObjects>
<Block type="SquareHole" material="stone" x="0.2" y="-3.18" rotation="0" />
<Block type="SquareHole" material="wood" x="1.2" y="-3.18" rotation="0" />
<Block type="SquareHole" material="wood" x="2.2" y="-3.18" rotation="0" />
<Block type="CircleSmall" material="ice" x="-0.1" y="-2.4850000000000003" rotation="0" />
<Block type="RectSmall" material="wood" x="0.3" y="-2.2850000000000006" rotation="90" />
<Block type="RectFat" material="stone" x="1.2" y="-2.2850000000000006" rotation="90" />
<Block type="RectSmall" material="wood" x="2.1" y="-2.2850000000000006" rotation="90" />
<Block type="CircleSmall" material="ice" x="2.5" y="-2.4850000000000003" rotation="0" />
<Block type="RectSmall" material="wood" x="0.7" y="-1.7000000000000004" rotation="0" />
<Block type="RectSmall" material="wood" x="1.7" y="-1.7000000000000004" rotation="0" />
<Block type="RectTiny" material="wood" x="0.8" y="-1.4300000000000002" rotation="0" />
<Block type="RectTiny" material="wood" x="1.6" y="-1.4300000000000002" rotation="0" />
<Block type="SquareTiny" material="wood" x="0.8" y="-1.16" rotation="0" />
<Block type="SquareTiny" material="wood" x="1.6" y="-1.16" rotation="0" />
<Pig type="BasicSmall" material="" x="0.8" y="-0.7749999999999998" rotation="0" />
<Pig type="BasicSmall" material="" x="1.6" y="-0.7749999999999998" rotation="0" />
</GameObjects>
</Level>
