<?xml version="1.0" encoding="utf-16"?>
<Level width ="2">
<Camera x="0" y="2" minWidth="20" maxWidth="30">
<Birds>
<Bird type="BirdBlue"/>
<Bird type="BirdRed"/>
<Bird type="BirdYellow"/>
<Bird type="BirdBlue"/>
<Bird type="BirdBlue"/>
<Bird type="BirdBlue"/>
<Bird type="BirdRed"/>
</Birds>
<Slingshot x="-8" y="-2.5">
<GameObjects>
<Block type="RectFat" material="ice" x="-1.2" y="-3.3850000000000002" rotation="0" />
<Pig type="BasicSmall" material="" x="-0.5" y="-3.375" rotation="0" />
<Block type="RectFat" material="stone" x="0.5" y="-3.3850000000000002" rotation="0" />
<Pig type="BasicSmall" material="" x="1.2" y="-3.375" rotation="0" />
<Pig type="BasicSmall" material="" x="1.8" y="-3.375" rotation="0" />
<Block type="RectFat" material="wood" x="2.5" y="-3.3850000000000002" rotation="0" />
<Pig type="BasicSmall" material="" x="3.5" y="-3.375" rotation="0" />
<Block type="RectFat" material="wood" x="4.2" y="-3.3850000000000002" rotation="0" />
<Block type="RectTiny" material="ice" x="-1.2" y="-3.0100000000000007" rotation="0" />
<Block type="RectTiny" material="ice" x="0.3" y="-3.0100000000000007" rotation="0" />
<Block type="RectTiny" material="ice" x="0.8" y="-3.0100000000000007" rotation="0" />
<Block type="RectTiny" material="ice" x="2.2" y="-3.0100000000000007" rotation="0" />
<Block type="RectTiny" material="ice" x="2.7" y="-3.0100000000000007" rotation="0" />
<Block type="RectTiny" material="ice" x="4.2" y="-3.0100000000000007" rotation="0" />
<Block type="RectMedium" material="wood" x="-0.5" y="-2.740000000000001" rotation="0" />
<Block type="RectMedium" material="wood" x="1.5" y="-2.740000000000001" rotation="0" />
<Block type="RectMedium" material="wood" x="3.5" y="-2.740000000000001" rotation="0" />
<Block type="RectMedium" material="wood" x="-0.5" y="-2.4700000000000015" rotation="0" />
<Block type="RectMedium" material="wood" x="1.5" y="-2.4700000000000015" rotation="0" />
<Block type="RectMedium" material="wood" x="3.5" y="-2.4700000000000015" rotation="0" />
<Block type="CircleSmall" material="ice" x="-1.0" y="-2.0850000000000017" rotation="0" />
<Block type="RectBig" material="wood" x="0.5" y="-2.200000000000002" rotation="0" />
<Block type="RectBig" material="wood" x="2.5" y="-2.200000000000002" rotation="0" />
<Block type="CircleSmall" material="ice" x="4.0" y="-2.0850000000000017" rotation="0" />
<Block type="RectBig" material="wood" x="0.5" y="-1.930000000000002" rotation="0" />
<Block type="RectBig" material="wood" x="2.5" y="-1.930000000000002" rotation="0" />
<Block type="RectMedium" material="wood" x="0.5" y="-1.6600000000000017" rotation="0" />
<Block type="RectMedium" material="stone" x="2.5" y="-1.6600000000000017" rotation="0" />
<Block type="TriangleHole" material="ice" x="-0.1" y="-1.0900000000000016" rotation="0" />
<Block type="RectSmall" material="wood" x="0.8" y="-1.3900000000000015" rotation="0" />
<Block type="RectSmall" material="stone" x="2.2" y="-1.3900000000000015" rotation="0" />
<Block type="TriangleHole" material="ice" x="3.1" y="-1.0900000000000016" rotation="0" />
<Block type="RectMedium" material="wood" x="1.5" y="-1.1200000000000012" rotation="0" />
<Block type="TriangleHole" material="wood" x="0.9" y="-0.5500000000000012" rotation="0" />
<Block type="TriangleHole" material="stone" x="2.1" y="-0.5500000000000012" rotation="0" />
</GameObjects>
</Level>
