<?xml version="1.0" encoding="utf-16"?>
<Level width ="2">
<Camera x="0" y="2" minWidth="20" maxWidth="30">
<Birds>
<Bird type="BirdBlue"/>
<Bird type="BirdRed"/>
<Bird type="BirdYellow"/>
<Bird type="BirdBlue"/>
<Bird type="BirdBlue"/>
<Bird type="BirdBlue"/>
<Bird type="BirdRed"/>
</Birds>
<Slingshot x="-8" y="-2.5">
<GameObjects>
<Block type="RectTiny" material="stone" x="-1.2" y="-3.3850000000000002" rotation="90" />
<Block type="RectTiny" material="stone" x="-0.6" y="-3.3850000000000002" rotation="90" />
<Block type="RectTiny" material="stone" x="-0.4" y="-3.3850000000000002" rotation="90" />
<Block type="RectTiny" material="stone" x="0.3" y="-3.3850000000000002" rotation="90" />
<Block type="RectTiny" material="stone" x="0.8" y="-3.3850000000000002" rotation="90" />
<Block type="RectTiny" material="wood" x="1.4" y="-3.3850000000000002" rotation="90" />
<Block type="RectTiny" material="wood" x="1.6" y="-3.3850000000000002" rotation="90" />
<Block type="RectTiny" material="wood" x="2.2" y="-3.3850000000000002" rotation="90" />
<Block type="RectTiny" material="wood" x="2.7" y="-3.3850000000000002" rotation="90" />
<Block type="RectTiny" material="ice" x="3.3" y="-3.3850000000000002" rotation="90" />
<Block type="RectTiny" material="ice" x="3.6" y="-3.3850000000000002" rotation="90" />
<Block type="RectTiny" material="ice" x="4.2" y="-3.3850000000000002" rotation="90" />
<Block type="SquareHole" material="stone" x="-0.9" y="-2.7000000000000006" rotation="0" />
<Block type="SquareHole" material="stone" x="0.0" y="-2.7000000000000006" rotation="0" />
<Block type="SquareHole" material="wood" x="1.1" y="-2.7000000000000006" rotation="0" />
<Block type="SquareHole" material="wood" x="1.9" y="-2.7000000000000006" rotation="0" />
<Block type="SquareHole" material="wood" x="3.0" y="-2.7000000000000006" rotation="0" />
<Block type="SquareHole" material="ice" x="3.9" y="-2.7000000000000006" rotation="0" />
<Block type="RectMedium" material="stone" x="-0.5" y="-2.120000000000001" rotation="0" />
<Block type="RectSmall" material="stone" x="1.5" y="-2.120000000000001" rotation="0" />
<Block type="RectMedium" material="ice" x="3.5" y="-2.120000000000001" rotation="0" />
<Pig type="BasicSmall" material="" x="-1.0" y="-1.735000000000001" rotation="0" />
<Block type="RectBig" material="stone" x="0.5" y="-1.850000000000001" rotation="0" />
<Block type="RectBig" material="ice" x="2.5" y="-1.850000000000001" rotation="0" />
<Pig type="BasicSmall" material="" x="4.0" y="-1.735000000000001" rotation="0" />
<Pig type="BasicSmall" material="" x="-0.2" y="-1.4650000000000007" rotation="0" />
<Block type="SquareHole" material="wood" x="0.8" y="-1.270000000000001" rotation="0" />
<Block type="SquareHole" material="wood" x="2.2" y="-1.270000000000001" rotation="0" />
<Pig type="BasicSmall" material="" x="3.2" y="-1.4650000000000007" rotation="0" />
<Block type="RectMedium" material="wood" x="1.5" y="-0.690000000000001" rotation="0" />
<Block type="RectSmall" material="ice" x="1.2" y="-0.10500000000000097" rotation="90" />
<Block type="RectSmall" material="wood" x="1.8" y="-0.10500000000000097" rotation="90" />
<Pig type="BasicSmall" material="" x="1.2" y="0.5949999999999991" rotation="0" />
<Block type="CircleSmall" material="stone" x="1.8" y="0.5949999999999991" rotation="0" />
</GameObjects>
</Level>
