<?xml version="1.0" encoding="utf-16"?>
<Level width ="2">
<Camera x="0" y="2" minWidth="20" maxWidth="30">
<Birds>
<Bird type="BirdBlue"/>
<Bird type="BirdRed"/>
<Bird type="BirdYellow"/>
<Bird type="BirdBlue"/>
<Bird type="BirdBlue"/>
<Bird type="BirdBlue"/>
<Bird type="BirdRed"/>
</Birds>
<Slingshot x="-8" y="-2.5">
<GameObjects>
<Block type="RectTiny" material="wood" x="-1.1" y="-3.49" rotation="0" />
<Block type="RectTiny" material="wood" x="-0.4" y="-3.49" rotation="0" />
<Block type="RectTiny" material="stone" x="0.3" y="-3.49" rotation="0" />
<Block type="RectTiny" material="stone" x="0.8" y="-3.49" rotation="0" />
<Block type="RectTiny" material="ice" x="1.5" y="-3.49" rotation="0" />
<Block type="RectTiny" material="stone" x="2.2" y="-3.49" rotation="0" />
<Block type="RectTiny" material="wood" x="2.7" y="-3.49" rotation="0" />
<Block type="RectTiny" material="stone" x="3.4" y="-3.49" rotation="0" />
<Block type="RectTiny" material="wood" x="4.1" y="-3.49" rotation="0" />
<Block type="RectFat" material="stone" x="-1.1" y="-2.9050000000000007" rotation="90" />
<Block type="RectFat" material="ice" x="-0.4" y="-2.9050000000000007" rotation="90" />
<Block type="RectFat" material="ice" x="0.3" y="-2.9050000000000007" rotation="90" />
<Block type="RectFat" material="ice" x="0.8" y="-2.9050000000000007" rotation="90" />
<Block type="RectFat" material="wood" x="1.5" y="-2.9050000000000007" rotation="90" />
<Block type="RectFat" material="wood" x="2.2" y="-2.9050000000000007" rotation="90" />
<Block type="RectFat" material="wood" x="2.7" y="-2.9050000000000007" rotation="90" />
<Block type="RectFat" material="wood" x="3.4" y="-2.9050000000000007" rotation="90" />
<Block type="RectFat" material="wood" x="4.1" y="-2.9050000000000007" rotation="90" />
<Block type="RectTiny" material="ice" x="-1.1" y="-2.320000000000001" rotation="0" />
<Block type="RectTiny" material="stone" x="-0.4" y="-2.320000000000001" rotation="0" />
<Block type="RectTiny" material="stone" x="0.3" y="-2.320000000000001" rotation="0" />
<Block type="RectTiny" material="wood" x="0.8" y="-2.320000000000001" rotation="0" />
<Block type="RectTiny" material="wood" x="1.5" y="-2.320000000000001" rotation="0" />
<Block type="RectTiny" material="stone" x="2.2" y="-2.320000000000001" rotation="0" />
<Block type="RectTiny" material="stone" x="2.7" y="-2.320000000000001" rotation="0" />
<Block type="RectTiny" material="wood" x="3.4" y="-2.320000000000001" rotation="0" />
<Block type="RectTiny" material="stone" x="4.1" y="-2.320000000000001" rotation="0" />
<Block type="RectTiny" material="stone" x="-1.1" y="-2.0500000000000016" rotation="0" />
<Block type="RectTiny" material="wood" x="-0.4" y="-2.0500000000000016" rotation="0" />
<Block type="RectTiny" material="wood" x="0.3" y="-2.0500000000000016" rotation="0" />
<Block type="RectTiny" material="stone" x="0.8" y="-2.0500000000000016" rotation="0" />
<Block type="RectTiny" material="stone" x="1.5" y="-2.0500000000000016" rotation="0" />
<Block type="RectTiny" material="wood" x="2.2" y="-2.0500000000000016" rotation="0" />
<Block type="RectTiny" material="stone" x="2.7" y="-2.0500000000000016" rotation="0" />
<Block type="RectTiny" material="stone" x="3.4" y="-2.0500000000000016" rotation="0" />
<Block type="RectTiny" material="ice" x="4.1" y="-2.0500000000000016" rotation="0" />
<Block type="RectTiny" material="wood" x="-1.1" y="-1.6750000000000014" rotation="90" />
<Block type="RectTiny" material="wood" x="-0.4" y="-1.6750000000000014" rotation="90" />
<Block type="RectTiny" material="wood" x="0.3" y="-1.6750000000000014" rotation="90" />
<Block type="RectTiny" material="ice" x="0.8" y="-1.6750000000000014" rotation="90" />
<Block type="RectTiny" material="stone" x="1.5" y="-1.6750000000000014" rotation="90" />
<Block type="RectTiny" material="wood" x="2.2" y="-1.6750000000000014" rotation="90" />
<Block type="RectTiny" material="wood" x="2.7" y="-1.6750000000000014" rotation="90" />
<Block type="RectTiny" material="wood" x="3.4" y="-1.6750000000000014" rotation="90" />
<Block type="SquareSmall" material="stone" x="4.1" y="-1.6750000000000014" rotation="0" />
<Block type="RectMedium" material="stone" x="-0.4" y="-1.3000000000000012" rotation="0" />
<Block type="RectMedium" material="wood" x="1.5" y="-1.3000000000000012" rotation="0" />
<Block type="RectMedium" material="wood" x="3.4" y="-1.3000000000000012" rotation="0" />
<Pig type="BasicSmall" material="" x="-1.0" y="-0.915000000000001" rotation="0" />
<Block type="RectTiny" material="ice" x="-0.4" y="-1.030000000000001" rotation="0" />
<Block type="RectTiny" material="wood" x="0.2" y="-1.030000000000001" rotation="0" />
<Block type="RectTiny" material="stone" x="1.2" y="-1.030000000000001" rotation="0" />
<Block type="SquareTiny" material="wood" x="1.8" y="-1.030000000000001" rotation="0" />
<Block type="SquareTiny" material="stone" x="2.8" y="-1.030000000000001" rotation="0" />
<Block type="SquareTiny" material="wood" x="3.4" y="-1.030000000000001" rotation="0" />
<Block type="TriangleHole" material="ice" x="4.0" y="-0.7300000000000011" rotation="0" />
<Block type="RectSmall" material="wood" x="-0.4" y="-0.44500000000000095" rotation="90" />
<Block type="RectFat" material="wood" x="0.2" y="-0.44500000000000095" rotation="90" />
<Block type="RectFat" material="wood" x="1.2" y="-0.44500000000000095" rotation="90" />
<Block type="RectSmall" material="stone" x="1.8" y="-0.44500000000000095" rotation="90" />
<Block type="RectSmall" material="ice" x="2.8" y="-0.44500000000000095" rotation="90" />
<Block type="RectSmall" material="ice" x="3.4" y="-0.44500000000000095" rotation="90" />
<Block type="RectSmall" material="wood" x="-0.1" y="0.13999999999999904" rotation="0" />
<Block type="RectSmall" material="wood" x="1.5" y="0.13999999999999904" rotation="0" />
<Block type="RectSmall" material="stone" x="3.1" y="0.13999999999999904" rotation="0" />
<Block type="RectSmall" material="stone" x="-0.1" y="0.40999999999999903" rotation="0" />
<Block type="RectSmall" material="wood" x="1.5" y="0.40999999999999903" rotation="0" />
<Block type="RectSmall" material="wood" x="3.1" y="0.40999999999999903" rotation="0" />
<Block type="RectMedium" material="wood" x="0.3" y="0.679999999999999" rotation="0" />
<Block type="RectMedium" material="wood" x="2.7" y="0.679999999999999" rotation="0" />
<Block type="TriangleHole" material="wood" x="-0.2" y="1.2499999999999991" rotation="0" />
<Block type="Triangle" material="stone" x="0.9" y="1.2499999999999991" rotation="0" />
<Block type="TriangleHole" material="ice" x="2.7" y="1.2499999999999991" rotation="0" />
</GameObjects>
</Level>
