<?xml version="1.0" encoding="utf-16"?>
<Level width ="2">
<Camera x="0" y="2" minWidth="20" maxWidth="30">
<Birds>
<Bird type="BirdBlue"/>
<Bird type="BirdRed"/>
<Bird type="BirdYellow"/>
<Bird type="BirdBlue"/>
<Bird type="BirdBlue"/>
<Bird type="BirdBlue"/>
<Bird type="BirdRed"/>
</Birds>
<Slingshot x="-8" y="-2.5">
<GameObjects>
<Block type="RectMedium" material="ice" x="-1.7" y="-2.7600000000000002" rotation="90" />
<Block type="RectMedium" material="ice" x="-1.3" y="-2.7600000000000002" rotation="90" />
<TNT type="" x="-0.9" y="-3.325" rotation="0" />
<Block type="RectMedium" material="ice" x="-0.3" y="-2.7600000000000002" rotation="90" />
<Block type="RectMedium" material="ice" x="0.2" y="-2.7600000000000002" rotation="90" />
<Block type="RectMedium" material="ice" x="0.7" y="-2.7600000000000002" rotation="90" />
<Block type="RectMedium" material="ice" x="1.1" y="-2.7600000000000002" rotation="90" />
<Pig type="BasicSmall" material="" x="1.5" y="-3.375" rotation="0" />
<Block type="RectMedium" material="ice" x="2.1" y="-2.7600000000000002" rotation="90" />
<Block type="RectMedium" material="ice" x="2.5" y="-2.7600000000000002" rotation="90" />
<Block type="RectMedium" material="ice" x="3.1" y="-2.7600000000000002" rotation="90" />
<Block type="RectMedium" material="ice" x="3.5" y="-2.7600000000000002" rotation="90" />
<TNT type="" x="4.1" y="-3.325" rotation="0" />
<Block type="RectMedium" material="ice" x="4.5" y="-2.7600000000000002" rotation="90" />
<Block type="RectMedium" material="ice" x="4.9" y="-2.7600000000000002" rotation="90" />
<Block type="RectBig" material="stone" x="-0.8" y="-1.7600000000000002" rotation="0" />
<Block type="RectBig" material="wood" x="1.6" y="-1.7600000000000002" rotation="0" />
<Block type="RectBig" material="stone" x="4.0" y="-1.7600000000000002" rotation="0" />
<Block type="TriangleHole" material="stone" x="-1.5" y="-1.1900000000000002" rotation="0" />
<Block type="SquareHole" material="ice" x="-0.6" y="-1.1800000000000002" rotation="0" />
<Block type="SquareHole" material="ice" x="0.3" y="-1.1800000000000002" rotation="0" />
<Block type="SquareHole" material="wood" x="1.2" y="-1.1800000000000002" rotation="0" />
<Block type="SquareHole" material="ice" x="2.0" y="-1.1800000000000002" rotation="0" />
<Block type="SquareHole" material="ice" x="2.9" y="-1.1800000000000002" rotation="0" />
<Block type="SquareHole" material="ice" x="3.8" y="-1.1800000000000002" rotation="0" />
<Block type="TriangleHole" material="wood" x="4.7" y="-1.1900000000000002" rotation="0" />
<Block type="RectMedium" material="wood" x="-0.1" y="-0.6000000000000002" rotation="0" />
<Block type="RectMedium" material="wood" x="1.6" y="-0.6000000000000002" rotation="0" />
<Block type="RectMedium" material="wood" x="3.3" y="-0.6000000000000002" rotation="0" />
<Block type="RectMedium" material="wood" x="-0.1" y="-0.33000000000000024" rotation="0" />
<Block type="RectMedium" material="wood" x="1.6" y="-0.33000000000000024" rotation="0" />
<Block type="RectMedium" material="wood" x="3.3" y="-0.33000000000000024" rotation="0" />
<Block type="RectMedium" material="wood" x="0.3" y="-0.06000000000000025" rotation="0" />
<Block type="Circle" material="stone" x="1.6" y="0.22999999999999976" rotation="0" />
<Block type="RectMedium" material="wood" x="2.9" y="-0.06000000000000025" rotation="0" />
<Block type="CircleSmall" material="wood" x="-0.3" y="0.32499999999999973" rotation="0" />
<Block type="CircleSmall" material="wood" x="0.3" y="0.32499999999999973" rotation="0" />
<Block type="CircleSmall" material="stone" x="0.8" y="0.32499999999999973" rotation="0" />
<Block type="Triangle" material="stone" x="2.9" y="0.5099999999999998" rotation="0" />
</GameObjects>
</Level>
