<?xml version="1.0" encoding="utf-16"?>
<Level width ="2">
<Camera x="0" y="2" minWidth="20" maxWidth="30">
<Birds>
<Bird type="BirdBlue"/>
<Bird type="BirdRed"/>
<Bird type="BirdYellow"/>
<Bird type="BirdBlue"/>
<Bird type="BirdBlue"/>
<Bird type="BirdBlue"/>
<Bird type="BirdRed"/>
</Birds>
<Slingshot x="-8" y="-2.5">
<GameObjects>
<Block type="RectBig" material="stone" x="0.2" y="-3.49" rotation="0" />
<Block type="RectBig" material="wood" x="2.4" y="-3.49" rotation="0" />
<Block type="SquareTiny" material="wood" x="-0.6" y="-3.2200000000000006" rotation="0" />
<Block type="SquareTiny" material="wood" x="-0.3" y="-3.2200000000000006" rotation="0" />
<Block type="SquareTiny" material="wood" x="0.1" y="-3.2200000000000006" rotation="0" />
<Block type="SquareTiny" material="wood" x="0.3" y="-3.2200000000000006" rotation="0" />
<Block type="SquareTiny" material="stone" x="0.6" y="-3.2200000000000006" rotation="0" />
<Block type="SquareTiny" material="wood" x="0.9" y="-3.2200000000000006" rotation="0" />
<Block type="SquareTiny" material="wood" x="1.7" y="-3.2200000000000006" rotation="0" />
<Block type="SquareTiny" material="wood" x="2.0" y="-3.2200000000000006" rotation="0" />
<Block type="SquareTiny" material="wood" x="2.3" y="-3.2200000000000006" rotation="0" />
<Block type="SquareTiny" material="wood" x="2.5" y="-3.2200000000000006" rotation="0" />
<Block type="SquareTiny" material="ice" x="2.8" y="-3.2200000000000006" rotation="0" />
<Block type="SquareTiny" material="ice" x="3.2" y="-3.2200000000000006" rotation="0" />
<Block type="SquareHole" material="wood" x="-0.3" y="-2.640000000000001" rotation="0" />
<Block type="SquareHole" material="wood" x="0.6" y="-2.640000000000001" rotation="0" />
<Block type="SquareHole" material="ice" x="2.0" y="-2.640000000000001" rotation="0" />
<Block type="SquareHole" material="ice" x="2.8" y="-2.640000000000001" rotation="0" />
<Block type="RectMedium" material="stone" x="0.2" y="-2.0600000000000014" rotation="0" />
<Block type="RectMedium" material="ice" x="2.4" y="-2.0600000000000014" rotation="0" />
<Pig type="BasicSmall" material="" x="-0.4" y="-1.6750000000000012" rotation="0" />
<Block type="SquareHole" material="stone" x="0.4" y="-1.4800000000000013" rotation="0" />
<Block type="SquareHole" material="wood" x="1.3" y="-1.4800000000000013" rotation="0" />
<Block type="SquareHole" material="stone" x="2.2" y="-1.4800000000000013" rotation="0" />
<Pig type="BasicSmall" material="" x="3.0" y="-1.6750000000000012" rotation="0" />
<Block type="SquareHole" material="wood" x="0.4" y="-0.5900000000000014" rotation="0" />
<Block type="SquareHole" material="ice" x="1.3" y="-0.5900000000000014" rotation="0" />
<Block type="SquareHole" material="ice" x="2.2" y="-0.5900000000000014" rotation="0" />
<Block type="RectTiny" material="wood" x="0.4" y="0.09499999999999857" rotation="90" />
<Block type="RectFat" material="ice" x="2.2" y="0.09499999999999857" rotation="0" />
<Block type="RectBig" material="ice" x="1.3" y="0.46999999999999853" rotation="0" />
<Block type="CircleSmall" material="ice" x="0.6" y="0.8549999999999985" rotation="0" />
<Block type="Triangle" material="stone" x="1.3" y="1.0399999999999985" rotation="90" />
<Pig type="BasicSmall" material="" x="2.0" y="0.8549999999999985" rotation="0" />
</GameObjects>
</Level>
