<?xml version="1.0" encoding="utf-16"?>
<Level width ="2">
<Camera x="0" y="2" minWidth="20" maxWidth="30">
<Birds>
<Bird type="BirdBlue"/>
<Bird type="BirdRed"/>
<Bird type="BirdYellow"/>
<Bird type="BirdBlue"/>
<Bird type="BirdBlue"/>
<Bird type="BirdBlue"/>
<Bird type="BirdRed"/>
</Birds>
<Slingshot x="-8" y="-2.5">
<GameObjects>
<Block type="RectBig" material="stone" x="-0.7" y="-3.49" rotation="0" />
<Block type="RectBig" material="stone" x="1.6" y="-3.49" rotation="0" />
<Block type="RectBig" material="stone" x="3.9" y="-3.49" rotation="0" />
<Block type="RectBig" material="stone" x="-0.7" y="-3.2200000000000006" rotation="0" />
<Block type="RectBig" material="ice" x="1.6" y="-3.2200000000000006" rotation="0" />
<Block type="RectBig" material="ice" x="3.9" y="-3.2200000000000006" rotation="0" />
<Block type="RectBig" material="stone" x="-0.7" y="-2.950000000000001" rotation="0" />
<Block type="RectBig" material="stone" x="1.6" y="-2.950000000000001" rotation="0" />
<Block type="RectMedium" material="stone" x="3.9" y="-2.950000000000001" rotation="0" />
<Pig type="BasicSmall" material="" x="-1.4" y="-2.5650000000000013" rotation="0" />
<Block type="RectTiny" material="ice" x="-0.6" y="-2.6800000000000015" rotation="0" />
<Block type="RectTiny" material="ice" x="-0.1" y="-2.6800000000000015" rotation="0" />
<Block type="RectTiny" material="ice" x="0.8" y="-2.6800000000000015" rotation="0" />
<Block type="RectTiny" material="ice" x="1.3" y="-2.6800000000000015" rotation="0" />
<Block type="RectTiny" material="ice" x="1.9" y="-2.6800000000000015" rotation="0" />
<Block type="RectTiny" material="ice" x="2.4" y="-2.6800000000000015" rotation="0" />
<Block type="RectTiny" material="ice" x="3.3" y="-2.6800000000000015" rotation="0" />
<Block type="RectTiny" material="ice" x="3.8" y="-2.6800000000000015" rotation="0" />
<Pig type="BasicSmall" material="" x="4.6" y="-2.5650000000000013" rotation="0" />
<Block type="RectMedium" material="stone" x="-0.6" y="-1.6800000000000017" rotation="90" />
<Block type="RectMedium" material="ice" x="-0.1" y="-1.6800000000000017" rotation="90" />
<Block type="RectMedium" material="ice" x="0.9" y="-1.6800000000000017" rotation="90" />
<Block type="RectMedium" material="ice" x="1.3" y="-1.6800000000000017" rotation="90" />
<Block type="RectMedium" material="ice" x="1.9" y="-1.6800000000000017" rotation="90" />
<Block type="RectMedium" material="ice" x="2.3" y="-1.6800000000000017" rotation="90" />
<Block type="RectMedium" material="ice" x="3.3" y="-1.6800000000000017" rotation="90" />
<Block type="RectMedium" material="stone" x="3.8" y="-1.6800000000000017" rotation="90" />
<Block type="RectBig" material="stone" x="0.4" y="-0.6800000000000017" rotation="0" />
<Block type="RectBig" material="stone" x="2.8" y="-0.6800000000000017" rotation="0" />
<Pig type="BasicSmall" material="" x="-0.3" y="-0.29500000000000176" rotation="0" />
<Block type="RectFat" material="wood" x="0.7" y="-0.30500000000000177" rotation="0" />
<Block type="RectFat" material="ice" x="1.6" y="-0.30500000000000177" rotation="0" />
<Block type="RectFat" material="ice" x="2.5" y="-0.30500000000000177" rotation="0" />
<Pig type="BasicSmall" material="" x="3.5" y="-0.29500000000000176" rotation="0" />
<Block type="RectTiny" material="ice" x="0.8" y="0.06999999999999823" rotation="0" />
<Block type="RectTiny" material="ice" x="1.6" y="0.06999999999999823" rotation="0" />
<Block type="RectTiny" material="ice" x="2.4" y="0.06999999999999823" rotation="0" />
<Block type="SquareTiny" material="wood" x="0.8" y="0.3399999999999982" rotation="0" />
<Block type="SquareTiny" material="wood" x="1.6" y="0.3399999999999982" rotation="0" />
<Block type="RectTiny" material="wood" x="2.4" y="0.3399999999999982" rotation="0" />
<Pig type="BasicSmall" material="" x="0.8" y="0.7249999999999982" rotation="0" />
<Block type="Circle" material="stone" x="1.6" y="0.8999999999999982" rotation="0" />
<Block type="Circle" material="wood" x="2.4" y="0.8999999999999982" rotation="0" />
</GameObjects>
</Level>
