<?xml version="1.0" encoding="utf-16"?>
<Level width ="2">
<Camera x="0" y="2" minWidth="20" maxWidth="30">
<Birds>
<Bird type="BirdBlue"/>
<Bird type="BirdRed"/>
<Bird type="BirdYellow"/>
<Bird type="BirdBlue"/>
<Bird type="BirdBlue"/>
<Bird type="BirdBlue"/>
<Bird type="BirdRed"/>
</Birds>
<Slingshot x="-8" y="-2.5">
<GameObjects>
<Block type="RectSmall" material="wood" x="-0.6" y="-3.1750000000000003" rotation="90" />
<Block type="RectSmall" material="wood" x="-0.3" y="-3.1750000000000003" rotation="90" />
<Block type="RectSmall" material="wood" x="0.2" y="-3.1750000000000003" rotation="90" />
<Block type="RectSmall" material="ice" x="0.6" y="-3.1750000000000003" rotation="90" />
<Block type="RectSmall" material="ice" x="0.9" y="-3.1750000000000003" rotation="90" />
<Pig type="BasicSmall" material="" x="1.3" y="-3.375" rotation="0" />
<Block type="RectSmall" material="wood" x="1.7" y="-3.1750000000000003" rotation="90" />
<Block type="RectSmall" material="wood" x="2.0" y="-3.1750000000000003" rotation="90" />
<Block type="RectSmall" material="wood" x="2.4" y="-3.1750000000000003" rotation="90" />
<Block type="RectSmall" material="wood" x="2.9" y="-3.1750000000000003" rotation="90" />
<Block type="RectSmall" material="wood" x="3.2" y="-3.1750000000000003" rotation="90" />
<Block type="RectMedium" material="ice" x="0.2" y="-2.5900000000000007" rotation="0" />
<Block type="RectMedium" material="wood" x="2.4" y="-2.5900000000000007" rotation="0" />
<Block type="CircleSmall" material="wood" x="-0.4" y="-2.205000000000001" rotation="0" />
<Block type="RectFat" material="stone" x="0.4" y="-2.215000000000001" rotation="0" />
<Block type="RectFat" material="stone" x="1.3" y="-2.215000000000001" rotation="0" />
<Block type="RectFat" material="stone" x="2.2" y="-2.215000000000001" rotation="0" />
<Block type="CircleSmall" material="ice" x="3.0" y="-2.205000000000001" rotation="0" />
<Block type="RectSmall" material="stone" x="0.4" y="-1.8400000000000012" rotation="0" />
<Block type="RectSmall" material="wood" x="1.3" y="-1.8400000000000012" rotation="0" />
<Block type="RectSmall" material="wood" x="2.2" y="-1.8400000000000012" rotation="0" />
<Block type="RectBig" material="wood" x="1.3" y="-1.570000000000001" rotation="0" />
<Block type="RectMedium" material="wood" x="0.7" y="-0.5700000000000008" rotation="90" />
<Block type="RectMedium" material="wood" x="1.3" y="-0.5700000000000008" rotation="90" />
<Block type="RectMedium" material="wood" x="1.9" y="-0.5700000000000008" rotation="90" />
<Block type="SquareTiny" material="wood" x="0.7" y="0.4299999999999991" rotation="0" />
<Block type="SquareTiny" material="wood" x="1.3" y="0.4299999999999991" rotation="0" />
<Block type="SquareTiny" material="wood" x="1.9" y="0.4299999999999991" rotation="0" />
<Block type="Circle" material="wood" x="0.7" y="0.9899999999999992" rotation="0" />
<Pig type="BasicSmall" material="" x="1.9" y="0.8149999999999992" rotation="0" />
</GameObjects>
</Level>
