<?xml version="1.0" encoding="utf-16"?>
<Level width ="2">
<Camera x="0" y="2" minWidth="20" maxWidth="30">
<Birds>
<Bird type="BirdBlue"/>
<Bird type="BirdRed"/>
<Bird type="BirdYellow"/>
<Bird type="BirdBlue"/>
<Bird type="BirdBlue"/>
<Bird type="BirdBlue"/>
<Bird type="BirdRed"/>
</Birds>
<Slingshot x="-8" y="-2.5">
<GameObjects>
<Block type="SquareTiny" material="ice" x="-1.7" y="-3.49" rotation="0" />
<Block type="SquareTiny" material="ice" x="-1.3" y="-3.49" rotation="0" />
<Block type="SquareTiny" material="ice" x="-0.8" y="-3.49" rotation="0" />
<Block type="SquareTiny" material="ice" x="-0.3" y="-3.49" rotation="0" />
<Block type="SquareTiny" material="ice" x="0.1" y="-3.49" rotation="0" />
<Block type="SquareTiny" material="ice" x="0.7" y="-3.49" rotation="0" />
<Block type="SquareTiny" material="ice" x="1.1" y="-3.49" rotation="0" />
<Block type="SquareTiny" material="ice" x="1.6" y="-3.49" rotation="0" />
<Block type="SquareTiny" material="ice" x="2.1" y="-3.49" rotation="0" />
<Block type="SquareTiny" material="ice" x="2.5" y="-3.49" rotation="0" />
<Block type="SquareTiny" material="ice" x="3.1" y="-3.49" rotation="0" />
<Block type="SquareTiny" material="ice" x="3.5" y="-3.49" rotation="0" />
<Block type="SquareTiny" material="ice" x="4.0" y="-3.49" rotation="0" />
<Block type="SquareTiny" material="ice" x="4.5" y="-3.49" rotation="0" />
<Block type="SquareTiny" material="ice" x="4.9" y="-3.49" rotation="0" />
<Block type="RectBig" material="stone" x="-0.8" y="-3.2200000000000006" rotation="0" />
<Block type="RectBig" material="stone" x="1.6" y="-3.2200000000000006" rotation="0" />
<Block type="RectBig" material="stone" x="4.0" y="-3.2200000000000006" rotation="0" />
<Block type="RectTiny" material="ice" x="-1.5" y="-2.950000000000001" rotation="0" />
<Block type="RectTiny" material="ice" x="-0.8" y="-2.950000000000001" rotation="0" />
<Block type="RectTiny" material="ice" x="0.0" y="-2.950000000000001" rotation="0" />
<Block type="RectTiny" material="ice" x="0.9" y="-2.950000000000001" rotation="0" />
<Block type="RectSmall" material="ice" x="1.6" y="-2.950000000000001" rotation="0" />
<Block type="RectTiny" material="ice" x="2.3" y="-2.950000000000001" rotation="0" />
<Block type="RectTiny" material="ice" x="3.2" y="-2.950000000000001" rotation="0" />
<Block type="RectSmall" material="ice" x="4.0" y="-2.950000000000001" rotation="0" />
<Block type="RectTiny" material="ice" x="4.7" y="-2.950000000000001" rotation="0" />
<Block type="RectTiny" material="stone" x="-1.5" y="-2.5750000000000015" rotation="90" />
<Block type="RectTiny" material="stone" x="-0.8" y="-2.5750000000000015" rotation="90" />
<Block type="SquareSmall" material="stone" x="0.0" y="-2.5750000000000015" rotation="0" />
<Block type="SquareSmall" material="stone" x="0.9" y="-2.5750000000000015" rotation="0" />
<Block type="SquareSmall" material="stone" x="1.6" y="-2.5750000000000015" rotation="0" />
<Block type="SquareSmall" material="stone" x="2.3" y="-2.5750000000000015" rotation="0" />
<Block type="RectTiny" material="stone" x="3.2" y="-2.5750000000000015" rotation="90" />
<Block type="RectFat" material="stone" x="4.0" y="-2.5750000000000015" rotation="0" />
<Block type="RectTiny" material="stone" x="4.7" y="-2.5750000000000015" rotation="90" />
<Block type="RectMedium" material="stone" x="-0.8" y="-2.200000000000002" rotation="0" />
<Block type="RectMedium" material="stone" x="1.6" y="-2.200000000000002" rotation="0" />
<Block type="RectMedium" material="stone" x="4.0" y="-2.200000000000002" rotation="0" />
<Pig type="BasicSmall" material="" x="-1.3" y="-1.815000000000002" rotation="0" />
<Block type="SquareSmall" material="stone" x="-0.5" y="-1.825000000000002" rotation="0" />
<Block type="SquareSmall" material="stone" x="1.6" y="-1.825000000000002" rotation="0" />
<Block type="RectTiny" material="stone" x="3.7" y="-1.825000000000002" rotation="90" />
<Block type="TriangleHole" material="wood" x="4.5" y="-1.6300000000000021" rotation="0" />
<Block type="RectBig" material="ice" x="0.5" y="-1.4500000000000017" rotation="0" />
<Block type="RectBig" material="ice" x="2.7" y="-1.4500000000000017" rotation="0" />
<Block type="TriangleHole" material="wood" x="-0.2" y="-0.8800000000000017" rotation="0" />
<Block type="SquareSmall" material="ice" x="0.6" y="-1.0750000000000015" rotation="0" />
<Block type="SquareSmall" material="ice" x="1.3" y="-1.0750000000000015" rotation="0" />
<Block type="SquareSmall" material="ice" x="1.9" y="-1.0750000000000015" rotation="0" />
<Block type="SquareSmall" material="ice" x="2.6" y="-1.0750000000000015" rotation="0" />
<Block type="CircleSmall" material="wood" x="3.4" y="-1.0650000000000015" rotation="0" />
<Block type="SquareSmall" material="ice" x="0.6" y="-0.5950000000000015" rotation="0" />
<Block type="SquareSmall" material="ice" x="1.3" y="-0.5950000000000015" rotation="0" />
<Block type="SquareSmall" material="ice" x="1.9" y="-0.5950000000000015" rotation="0" />
<Block type="SquareSmall" material="ice" x="2.6" y="-0.5950000000000015" rotation="0" />
<Block type="RectTiny" material="ice" x="0.6" y="-0.22000000000000158" rotation="0" />
<Block type="RectTiny" material="ice" x="1.3" y="-0.22000000000000158" rotation="0" />
<Block type="RectTiny" material="ice" x="1.9" y="-0.22000000000000158" rotation="0" />
<Block type="RectTiny" material="ice" x="2.6" y="-0.22000000000000158" rotation="0" />
<Block type="RectTiny" material="wood" x="0.6" y="0.15499999999999842" rotation="90" />
<Block type="RectTiny" material="wood" x="1.2" y="0.15499999999999842" rotation="90" />
<Block type="RectTiny" material="wood" x="2.0" y="0.15499999999999842" rotation="90" />
<Block type="RectTiny" material="wood" x="2.6" y="0.15499999999999842" rotation="90" />
<Block type="RectSmall" material="wood" x="0.9" y="0.5299999999999985" rotation="0" />
<Block type="RectSmall" material="wood" x="2.3" y="0.5299999999999985" rotation="0" />
<Block type="Triangle" material="stone" x="0.9" y="1.0999999999999985" rotation="0" />
<Block type="CircleSmall" material="ice" x="2.0" y="0.9149999999999985" rotation="0" />
<Block type="CircleSmall" material="wood" x="2.5" y="0.9149999999999985" rotation="0" />
</GameObjects>
</Level>
