<?xml version="1.0" encoding="utf-16"?>
<Level width ="2">
<Camera x="0" y="2" minWidth="20" maxWidth="30">
<Birds>
<Bird type="BirdBlue"/>
<Bird type="BirdRed"/>
<Bird type="BirdYellow"/>
<Bird type="BirdBlue"/>
<Bird type="BirdBlue"/>
<Bird type="BirdBlue"/>
<Bird type="BirdRed"/>
</Birds>
<Slingshot x="-8" y="-2.5">
<GameObjects>
<Block type="RectSmall" material="ice" x="-0.7" y="-3.49" rotation="0" />
<Block type="RectSmall" material="ice" x="0.3" y="-3.1750000000000003" rotation="90" />
<Pig type="BasicSmall" material="" x="0.7" y="-3.375" rotation="0" />
<Pig type="BasicSmall" material="" x="1.3" y="-3.375" rotation="0" />
<Pig type="BasicSmall" material="" x="1.9" y="-3.375" rotation="0" />
<Block type="RectTiny" material="ice" x="-0.7" y="-3.1150000000000007" rotation="90" />
<Block type="RectFat" material="ice" x="-0.7" y="-2.635000000000001" rotation="0" />
<Block type="RectBig" material="ice" x="0.3" y="-1.6700000000000004" rotation="90" />
<Block type="RectBig" material="wood" x="2.1" y="-2.0700000000000003" rotation="90" />
<Block type="RectTiny" material="ice" x="-0.7" y="-2.2600000000000016" rotation="0" />
<Block type="SquareTiny" material="ice" x="-0.7" y="-1.9900000000000018" rotation="0" />
<Block type="SquareTiny" material="wood" x="-0.7" y="-1.7200000000000015" rotation="0" />
<Block type="SquareTiny" material="wood" x="-0.7" y="-1.4500000000000013" rotation="0" />
<Block type="RectTiny" material="stone" x="-0.7" y="-1.180000000000001" rotation="0" />
<Block type="RectTiny" material="wood" x="-0.7" y="-0.9100000000000009" rotation="0" />
<Block type="RectFat" material="stone" x="-0.7" y="-0.5350000000000009" rotation="0" />
<Block type="RectSmall" material="wood" x="0.3" y="-0.16500000000000037" rotation="90" />
<Block type="RectSmall" material="wood" x="2.1" y="-0.5650000000000002" rotation="90" />
<Block type="RectSmall" material="ice" x="-0.7" y="-0.16000000000000097" rotation="0" />
<Block type="RectSmall" material="ice" x="-0.7" y="0.424999999999999" rotation="90" />
<Block type="RectBig" material="stone" x="1.2" y="0.019999999999999823" rotation="0" />
<Pig type="BasicSmall" material="" x="0.5" y="0.40499999999999986" rotation="0" />
<Block type="CircleSmall" material="stone" x="1.2" y="0.40499999999999986" rotation="0" />
<Pig type="BasicSmall" material="" x="1.9" y="0.40499999999999986" rotation="0" />
<Block type="SquareSmall" material="ice" x="-0.7" y="1.114999999999999" rotation="0" />
<Block type="SquareHole" material="ice" x="-0.7" y="1.7999999999999992" rotation="0" />
</GameObjects>
</Level>
