<?xml version="1.0" encoding="utf-16"?>
<Level width ="2">
<Camera x="0" y="2" minWidth="20" maxWidth="30">
<Birds>
<Bird type="BirdBlue"/>
<Bird type="BirdRed"/>
<Bird type="BirdYellow"/>
<Bird type="BirdBlue"/>
<Bird type="BirdBlue"/>
<Bird type="BirdBlue"/>
<Bird type="BirdRed"/>
</Birds>
<Slingshot x="-8" y="-2.5">
<GameObjects>
<Block type="SquareSmall" material="wood" x="-0.3" y="-3.3850000000000002" rotation="0" />
<Block type="SquareSmall" material="wood" x="0.5" y="-3.3850000000000002" rotation="0" />
<Block type="SquareSmall" material="wood" x="1.3" y="-3.3850000000000002" rotation="0" />
<Block type="SquareSmall" material="wood" x="2.1" y="-3.3850000000000002" rotation="0" />
<Block type="SquareSmall" material="wood" x="2.9" y="-3.3850000000000002" rotation="0" />
<Block type="SquareSmall" material="stone" x="-0.3" y="-2.9050000000000007" rotation="0" />
<Block type="SquareSmall" material="wood" x="0.5" y="-2.9050000000000007" rotation="0" />
<Block type="SquareSmall" material="wood" x="1.3" y="-2.9050000000000007" rotation="0" />
<Block type="SquareSmall" material="wood" x="2.1" y="-2.9050000000000007" rotation="0" />
<Block type="SquareSmall" material="wood" x="2.9" y="-2.9050000000000007" rotation="0" />
<Block type="RectTiny" material="wood" x="-0.3" y="-2.530000000000001" rotation="0" />
<Block type="RectTiny" material="wood" x="0.5" y="-2.530000000000001" rotation="0" />
<Block type="RectTiny" material="wood" x="1.3" y="-2.530000000000001" rotation="0" />
<Block type="RectTiny" material="wood" x="2.1" y="-2.530000000000001" rotation="0" />
<Block type="RectTiny" material="wood" x="2.9" y="-2.530000000000001" rotation="0" />
<Block type="RectTiny" material="stone" x="-0.3" y="-2.2600000000000016" rotation="0" />
<Block type="RectTiny" material="wood" x="0.5" y="-2.2600000000000016" rotation="0" />
<Block type="RectTiny" material="wood" x="1.3" y="-2.2600000000000016" rotation="0" />
<Block type="RectTiny" material="wood" x="2.1" y="-2.2600000000000016" rotation="0" />
<Block type="RectTiny" material="wood" x="2.9" y="-2.2600000000000016" rotation="0" />
<Block type="SquareSmall" material="wood" x="-0.3" y="-1.8850000000000016" rotation="0" />
<Block type="SquareSmall" material="wood" x="0.5" y="-1.8850000000000016" rotation="0" />
<Block type="SquareSmall" material="wood" x="1.3" y="-1.8850000000000016" rotation="0" />
<Block type="SquareSmall" material="wood" x="2.1" y="-1.8850000000000016" rotation="0" />
<Block type="SquareSmall" material="wood" x="2.9" y="-1.8850000000000016" rotation="0" />
<Block type="RectTiny" material="wood" x="-0.3" y="-1.5100000000000013" rotation="0" />
<Block type="RectTiny" material="wood" x="0.5" y="-1.5100000000000013" rotation="0" />
<Block type="RectTiny" material="wood" x="1.3" y="-1.5100000000000013" rotation="0" />
<Block type="RectTiny" material="wood" x="2.1" y="-1.5100000000000013" rotation="0" />
<Block type="RectTiny" material="wood" x="2.9" y="-1.5100000000000013" rotation="0" />
<Block type="RectFat" material="stone" x="-0.3" y="-0.9250000000000012" rotation="90" />
<Block type="RectFat" material="stone" x="0.5" y="-0.9250000000000012" rotation="90" />
<Block type="RectFat" material="stone" x="1.3" y="-0.9250000000000012" rotation="90" />
<Block type="RectFat" material="stone" x="2.1" y="-0.9250000000000012" rotation="90" />
<Block type="RectFat" material="stone" x="2.9" y="-0.9250000000000012" rotation="90" />
<Block type="RectFat" material="wood" x="-0.3" y="-0.02500000000000112" rotation="90" />
<Block type="RectFat" material="wood" x="0.5" y="-0.02500000000000112" rotation="90" />
<Block type="RectFat" material="wood" x="1.3" y="-0.02500000000000112" rotation="90" />
<Block type="RectFat" material="wood" x="2.1" y="-0.02500000000000112" rotation="90" />
<Block type="RectFat" material="ice" x="2.9" y="-0.02500000000000112" rotation="90" />
<Block type="RectTiny" material="wood" x="-0.3" y="0.5599999999999989" rotation="0" />
<Block type="RectTiny" material="wood" x="0.5" y="0.5599999999999989" rotation="0" />
<Block type="RectTiny" material="wood" x="1.3" y="0.5599999999999989" rotation="0" />
<Block type="SquareTiny" material="wood" x="2.1" y="0.5599999999999989" rotation="0" />
<Block type="SquareTiny" material="ice" x="2.9" y="0.5599999999999989" rotation="0" />
<Pig type="BasicSmall" material="" x="-0.3" y="0.944999999999999" rotation="0" />
<Pig type="BasicSmall" material="" x="0.5" y="0.944999999999999" rotation="0" />
<Pig type="BasicSmall" material="" x="1.3" y="0.944999999999999" rotation="0" />
<Block type="TriangleHole" material="wood" x="2.1" y="1.129999999999999" rotation="0" />
<Pig type="BasicSmall" material="" x="2.9" y="0.944999999999999" rotation="0" />
</GameObjects>
</Level>
