<?xml version="1.0" encoding="utf-16"?>
<Level width ="2">
<Camera x="0" y="2" minWidth="20" maxWidth="30">
<Birds>
<Bird type="BirdBlue"/>
<Bird type="BirdRed"/>
<Bird type="BirdYellow"/>
<Bird type="BirdBlue"/>
<Bird type="BirdBlue"/>
<Bird type="BirdBlue"/>
<Bird type="BirdRed"/>
</Birds>
<Slingshot x="-8" y="-2.5">
<GameObjects>
<Block type="RectSmall" material="stone" x="-1.6" y="-3.1750000000000003" rotation="90" />
<Block type="RectSmall" material="stone" x="-1.2" y="-3.1750000000000003" rotation="90" />
<TNT type="" x="-0.8" y="-3.325" rotation="0" />
<Block type="RectSmall" material="stone" x="-0.2" y="-3.1750000000000003" rotation="90" />
<Block type="RectSmall" material="wood" x="0.2" y="-3.1750000000000003" rotation="90" />
<Block type="RectSmall" material="ice" x="0.7" y="-3.1750000000000003" rotation="90" />
<Block type="RectSmall" material="ice" x="1.1" y="-3.1750000000000003" rotation="90" />
<Pig type="BasicSmall" material="" x="1.5" y="-3.375" rotation="0" />
<Block type="RectSmall" material="wood" x="2.1" y="-3.1750000000000003" rotation="90" />
<Block type="RectSmall" material="stone" x="2.5" y="-3.1750000000000003" rotation="90" />
<Block type="RectSmall" material="wood" x="3.0" y="-3.1750000000000003" rotation="90" />
<Block type="RectSmall" material="wood" x="3.4" y="-3.1750000000000003" rotation="90" />
<Block type="RectSmall" material="wood" x="4.4" y="-3.1750000000000003" rotation="90" />
<Block type="RectSmall" material="wood" x="4.8" y="-3.1750000000000003" rotation="90" />
<Block type="RectBig" material="ice" x="-0.7" y="-2.5900000000000007" rotation="0" />
<Block type="RectBig" material="ice" x="1.6" y="-2.5900000000000007" rotation="0" />
<Block type="RectBig" material="wood" x="3.9" y="-2.5900000000000007" rotation="0" />
<Block type="Triangle" material="wood" x="-1.4" y="-2.020000000000001" rotation="90" />
<Block type="RectSmall" material="ice" x="-0.4" y="-2.320000000000001" rotation="0" />
<Block type="RectSmall" material="ice" x="1.6" y="-2.320000000000001" rotation="0" />
<Block type="RectSmall" material="ice" x="3.6" y="-2.320000000000001" rotation="0" />
<Block type="TriangleHole" material="stone" x="4.6" y="-2.020000000000001" rotation="0" />
<Block type="RectBig" material="ice" x="0.6" y="-2.0500000000000016" rotation="0" />
<Block type="RectBig" material="stone" x="2.6" y="-2.0500000000000016" rotation="0" />
<Block type="RectBig" material="ice" x="0.6" y="-1.7800000000000014" rotation="0" />
<Block type="RectBig" material="stone" x="2.6" y="-1.7800000000000014" rotation="0" />
<Block type="Triangle" material="stone" x="-0.1" y="-1.2100000000000013" rotation="0" />
<Block type="SquareHole" material="ice" x="0.9" y="-1.2000000000000013" rotation="0" />
<Block type="SquareHole" material="stone" x="2.3" y="-1.2000000000000013" rotation="0" />
<Block type="Triangle" material="ice" x="3.3" y="-1.2100000000000013" rotation="0" />
<Block type="RectMedium" material="ice" x="1.6" y="-0.6200000000000013" rotation="0" />
<Block type="RectMedium" material="ice" x="1.6" y="-0.35000000000000137" rotation="0" />
<Block type="TriangleHole" material="wood" x="1.0" y="0.21999999999999859" rotation="0" />
<Block type="Triangle" material="stone" x="2.2" y="0.21999999999999859" rotation="0" />
</GameObjects>
</Level>
