<?xml version="1.0" encoding="utf-16"?>
<Level width ="2">
<Camera x="0" y="2" minWidth="20" maxWidth="30">
<Birds>
<Bird type="BirdBlue"/>
<Bird type="BirdRed"/>
<Bird type="BirdYellow"/>
<Bird type="BirdBlue"/>
<Bird type="BirdBlue"/>
<Bird type="BirdBlue"/>
<Bird type="BirdRed"/>
</Birds>
<Slingshot x="-8" y="-2.5">
<GameObjects>
<Block type="RectMedium" material="stone" x="0.1" y="-3.49" rotation="0" />
<Block type="RectMedium" material="wood" x="2.5" y="-3.49" rotation="0" />
<Pig type="BasicSmall" material="" x="-0.5" y="-3.1050000000000004" rotation="0" />
<Block type="RectFat" material="ice" x="0.4" y="-3.1150000000000007" rotation="0" />
<Block type="RectFat" material="stone" x="1.3" y="-3.3850000000000002" rotation="0" />
<Block type="RectFat" material="stone" x="2.2" y="-3.1150000000000007" rotation="0" />
<TNT type="" x="3.1" y="-3.0550000000000006" rotation="0" />
<Block type="SquareHole" material="stone" x="0.4" y="-2.430000000000001" rotation="0" />
<Block type="SquareHole" material="ice" x="1.3" y="-2.7000000000000006" rotation="0" />
<Block type="SquareHole" material="stone" x="2.2" y="-2.430000000000001" rotation="0" />
<Block type="RectFat" material="stone" x="0.5" y="-1.535000000000001" rotation="90" />
<Block type="RectSmall" material="ice" x="1.1" y="-1.8050000000000006" rotation="90" />
<Block type="RectSmall" material="stone" x="1.5" y="-1.8050000000000006" rotation="90" />
<Block type="RectSmall" material="stone" x="2.1" y="-1.535000000000001" rotation="90" />
<Block type="CircleSmall" material="ice" x="2.5" y="-1.735000000000001" rotation="0" />
<Block type="SquareSmall" material="stone" x="0.5" y="-0.845000000000001" rotation="0" />
<Block type="RectTiny" material="ice" x="1.1" y="-1.1150000000000004" rotation="90" />
<Block type="RectTiny" material="wood" x="1.5" y="-1.1150000000000004" rotation="90" />
<Block type="RectTiny" material="stone" x="2.1" y="-0.845000000000001" rotation="90" />
<Block type="RectSmall" material="wood" x="0.8" y="-0.7400000000000004" rotation="0" />
<Block type="RectSmall" material="stone" x="1.8" y="-0.47000000000000103" rotation="0" />
<Block type="RectFat" material="wood" x="0.8" y="-0.15500000000000047" rotation="90" />
<Block type="RectFat" material="wood" x="1.8" y="0.11499999999999895" rotation="90" />
<Block type="Circle" material="ice" x="0.8" y="0.7199999999999995" rotation="0" />
<Pig type="BasicSmall" material="" x="1.8" y="0.814999999999999" rotation="0" />
</GameObjects>
</Level>
