<?xml version="1.0" encoding="utf-16"?>
<Level width ="2">
<Camera x="0" y="2" minWidth="20" maxWidth="30">
<Birds>
<Bird type="BirdBlue"/>
<Bird type="BirdRed"/>
<Bird type="BirdYellow"/>
<Bird type="BirdBlue"/>
<Bird type="BirdBlue"/>
<Bird type="BirdBlue"/>
<Bird type="BirdRed"/>
</Birds>
<Slingshot x="-8" y="-2.5">
<GameObjects>
<Block type="RectTiny" material="ice" x="-0.2" y="-3.49" rotation="0" />
<Block type="RectTiny" material="ice" x="0.4" y="-3.49" rotation="0" />
<Block type="RectTiny" material="wood" x="1.0" y="-3.49" rotation="0" />
<Block type="RectTiny" material="wood" x="1.6" y="-3.49" rotation="0" />
<Block type="RectTiny" material="stone" x="2.2" y="-3.49" rotation="0" />
<Block type="RectTiny" material="ice" x="2.8" y="-3.49" rotation="0" />
<Block type="SquareSmall" material="stone" x="-0.2" y="-3.1150000000000007" rotation="0" />
<Block type="SquareSmall" material="ice" x="0.4" y="-3.1150000000000007" rotation="0" />
<Block type="SquareSmall" material="wood" x="1.0" y="-3.1150000000000007" rotation="0" />
<Block type="SquareSmall" material="wood" x="1.6" y="-3.1150000000000007" rotation="0" />
<Block type="SquareSmall" material="stone" x="2.2" y="-3.1150000000000007" rotation="0" />
<Block type="SquareSmall" material="stone" x="2.8" y="-3.1150000000000007" rotation="0" />
<Block type="SquareSmall" material="stone" x="-0.2" y="-2.635000000000001" rotation="0" />
<Block type="SquareSmall" material="stone" x="0.4" y="-2.635000000000001" rotation="0" />
<Block type="SquareSmall" material="stone" x="1.0" y="-2.635000000000001" rotation="0" />
<Block type="SquareSmall" material="stone" x="1.6" y="-2.635000000000001" rotation="0" />
<Block type="SquareSmall" material="stone" x="2.2" y="-2.635000000000001" rotation="0" />
<Block type="SquareSmall" material="wood" x="2.8" y="-2.635000000000001" rotation="0" />
<Block type="RectFat" material="stone" x="-0.2" y="-1.9450000000000012" rotation="90" />
<Block type="RectFat" material="stone" x="0.4" y="-1.9450000000000012" rotation="90" />
<Block type="RectFat" material="stone" x="1.0" y="-1.9450000000000012" rotation="90" />
<Block type="RectFat" material="stone" x="1.6" y="-1.9450000000000012" rotation="90" />
<Block type="RectFat" material="stone" x="2.2" y="-1.9450000000000012" rotation="90" />
<Block type="RectFat" material="wood" x="2.8" y="-1.9450000000000012" rotation="90" />
<Block type="RectTiny" material="ice" x="-0.2" y="-1.360000000000001" rotation="0" />
<Block type="RectTiny" material="ice" x="0.4" y="-1.360000000000001" rotation="0" />
<Block type="RectTiny" material="stone" x="1.0" y="-1.360000000000001" rotation="0" />
<Block type="RectTiny" material="stone" x="1.6" y="-1.360000000000001" rotation="0" />
<Block type="RectTiny" material="wood" x="2.2" y="-1.360000000000001" rotation="0" />
<Block type="RectTiny" material="wood" x="2.8" y="-1.360000000000001" rotation="0" />
<Block type="RectTiny" material="ice" x="-0.2" y="-0.9850000000000008" rotation="90" />
<Block type="RectTiny" material="stone" x="0.4" y="-0.9850000000000008" rotation="90" />
<Block type="SquareSmall" material="stone" x="1.0" y="-0.9850000000000008" rotation="0" />
<Block type="RectTiny" material="stone" x="1.6" y="-0.9850000000000008" rotation="90" />
<Block type="RectTiny" material="wood" x="2.2" y="-0.9850000000000008" rotation="90" />
<Block type="RectTiny" material="wood" x="2.8" y="-0.9850000000000008" rotation="90" />
<Block type="RectSmall" material="stone" x="0.1" y="-0.6100000000000008" rotation="0" />
<Block type="RectSmall" material="wood" x="1.3" y="-0.6100000000000008" rotation="0" />
<Block type="RectSmall" material="wood" x="2.5" y="-0.6100000000000008" rotation="0" />
<Block type="RectTiny" material="stone" x="0.1" y="-0.23500000000000082" rotation="90" />
<Block type="RectFat" material="stone" x="1.3" y="-0.23500000000000082" rotation="0" />
<Block type="RectFat" material="wood" x="2.5" y="-0.23500000000000082" rotation="0" />
<Pig type="BasicSmall" material="" x="0.1" y="0.25499999999999917" rotation="0" />
<Pig type="BasicSmall" material="" x="1.3" y="0.25499999999999917" rotation="0" />
<Block type="CircleSmall" material="wood" x="2.2" y="0.25499999999999917" rotation="0" />
<Pig type="BasicSmall" material="" x="2.8" y="0.25499999999999917" rotation="0" />
</GameObjects>
</Level>
