<?xml version="1.0" encoding="utf-16"?>
<Level width ="2">
<Camera x="0" y="2" minWidth="20" maxWidth="30">
<Birds>
<Bird type="BirdBlue"/>
<Bird type="BirdRed"/>
<Bird type="BirdYellow"/>
<Bird type="BirdBlue"/>
<Bird type="BirdBlue"/>
<Bird type="BirdBlue"/>
<Bird type="BirdRed"/>
</Birds>
<Slingshot x="-8" y="-2.5">
<GameObjects>
<Block type="RectBig" material="stone" x="-0.7" y="-3.49" rotation="0" />
<Block type="RectBig" material="wood" x="1.6" y="-3.49" rotation="0" />
<Block type="RectBig" material="wood" x="3.9" y="-3.49" rotation="0" />
<Block type="RectBig" material="stone" x="-0.7" y="-3.2200000000000006" rotation="0" />
<Block type="RectBig" material="wood" x="1.6" y="-3.2200000000000006" rotation="0" />
<Block type="RectBig" material="wood" x="3.9" y="-3.2200000000000006" rotation="0" />
<Pig type="BasicSmall" material="" x="-1.3" y="-2.835000000000001" rotation="0" />
<Block type="RectSmall" material="ice" x="-0.7" y="-2.635000000000001" rotation="90" />
<Block type="RectSmall" material="stone" x="0.3" y="-2.635000000000001" rotation="90" />
<Block type="RectSmall" material="stone" x="1.2" y="-2.635000000000001" rotation="90" />
<Pig type="BasicSmall" material="" x="1.6" y="-2.835000000000001" rotation="0" />
<Block type="RectSmall" material="ice" x="2.0" y="-2.635000000000001" rotation="90" />
<Block type="RectSmall" material="wood" x="2.9" y="-2.635000000000001" rotation="90" />
<Block type="RectFat" material="ice" x="3.9" y="-2.635000000000001" rotation="90" />
<Pig type="BasicSmall" material="" x="4.5" y="-2.835000000000001" rotation="0" />
<Block type="RectBig" material="stone" x="0.3" y="-2.0500000000000016" rotation="0" />
<Block type="RectBig" material="ice" x="2.9" y="-2.0500000000000016" rotation="0" />
<Pig type="BasicSmall" material="" x="-0.4" y="-1.6650000000000014" rotation="0" />
<Block type="SquareHole" material="ice" x="0.6" y="-1.4700000000000015" rotation="0" />
<Block type="SquareHole" material="wood" x="1.6" y="-1.4700000000000015" rotation="0" />
<Block type="SquareHole" material="ice" x="2.6" y="-1.4700000000000015" rotation="0" />
<Block type="Triangle" material="wood" x="3.6" y="-1.4800000000000015" rotation="0" />
<Block type="RectTiny" material="ice" x="0.7" y="-0.8900000000000016" rotation="0" />
<Block type="RectTiny" material="ice" x="1.6" y="-0.8900000000000016" rotation="0" />
<Block type="SquareTiny" material="wood" x="2.5" y="-0.8900000000000016" rotation="0" />
<Block type="CircleSmall" material="ice" x="2.9" y="-0.7750000000000016" rotation="0" />
<Block type="RectBig" material="ice" x="1.6" y="-0.6200000000000015" rotation="0" />
<Block type="RectMedium" material="ice" x="1.6" y="-0.3500000000000016" rotation="0" />
<Block type="RectSmall" material="ice" x="1.6" y="-0.08000000000000161" rotation="0" />
<TNT type="" x="2.3" y="0.08499999999999842" rotation="0" />
<Pig type="BasicSmall" material="" x="1.6" y="0.3049999999999984" rotation="0" />
</GameObjects>
</Level>
