<?xml version="1.0" encoding="utf-16"?>
<Level width ="2">
<Camera x="0" y="2" minWidth="20" maxWidth="30">
<Birds>
<Bird type="BirdBlue"/>
<Bird type="BirdRed"/>
<Bird type="BirdYellow"/>
<Bird type="BirdBlue"/>
<Bird type="BirdBlue"/>
<Bird type="BirdBlue"/>
<Bird type="BirdRed"/>
</Birds>
<Slingshot x="-8" y="-2.5">
<GameObjects>
<Block type="SquareTiny" material="ice" x="-0.9" y="-3.49" rotation="0" />
<Block type="SquareTiny" material="ice" x="-0.5" y="-3.49" rotation="0" />
<Block type="SquareTiny" material="stone" x="0.1" y="-3.49" rotation="0" />
<Block type="SquareTiny" material="ice" x="0.6" y="-3.49" rotation="0" />
<Block type="SquareTiny" material="stone" x="1.0" y="-3.49" rotation="0" />
<Block type="SquareTiny" material="stone" x="1.8" y="-3.49" rotation="0" />
<Block type="SquareTiny" material="stone" x="2.2" y="-3.49" rotation="0" />
<Block type="SquareTiny" material="stone" x="2.7" y="-3.49" rotation="0" />
<Block type="SquareTiny" material="wood" x="3.3" y="-3.49" rotation="0" />
<Block type="SquareTiny" material="wood" x="3.7" y="-3.49" rotation="0" />
<Block type="RectBig" material="ice" x="0.1" y="-3.2200000000000006" rotation="0" />
<Block type="RectBig" material="stone" x="2.7" y="-3.2200000000000006" rotation="0" />
<Pig type="BasicSmall" material="" x="-0.6" y="-2.835000000000001" rotation="0" />
<Block type="RectFat" material="stone" x="0.4" y="-2.845000000000001" rotation="0" />
<Block type="RectFat" material="stone" x="1.4" y="-2.845000000000001" rotation="0" />
<Block type="RectFat" material="wood" x="2.4" y="-2.845000000000001" rotation="0" />
<Pig type="BasicSmall" material="" x="3.4" y="-2.835000000000001" rotation="0" />
<Block type="RectTiny" material="ice" x="0.4" y="-2.3650000000000015" rotation="90" />
<Block type="RectTiny" material="stone" x="0.7" y="-2.3650000000000015" rotation="90" />
<Block type="RectFat" material="wood" x="1.4" y="-2.3650000000000015" rotation="0" />
<Block type="SquareSmall" material="wood" x="2.4" y="-2.3650000000000015" rotation="0" />
<Block type="RectSmall" material="stone" x="0.7" y="-1.9900000000000018" rotation="0" />
<Pig type="BasicSmall" material="" x="1.4" y="-1.8750000000000016" rotation="0" />
<Block type="RectSmall" material="wood" x="2.1" y="-1.9900000000000018" rotation="0" />
<Block type="RectTiny" material="stone" x="0.5" y="-1.6150000000000015" rotation="90" />
<Block type="RectTiny" material="ice" x="0.9" y="-1.6150000000000015" rotation="90" />
<Block type="SquareSmall" material="wood" x="1.9" y="-1.6150000000000015" rotation="0" />
<Block type="RectTiny" material="ice" x="2.3" y="-1.6150000000000015" rotation="90" />
<Block type="RectBig" material="stone" x="1.4" y="-1.2400000000000013" rotation="0" />
<Block type="SquareHole" material="wood" x="1.0" y="-0.6600000000000013" rotation="0" />
<Block type="SquareHole" material="wood" x="1.8" y="-0.6600000000000013" rotation="0" />
<Block type="RectMedium" material="wood" x="1.4" y="-0.08000000000000128" rotation="0" />
<Block type="RectTiny" material="wood" x="0.7" y="0.18999999999999873" rotation="0" />
<Block type="RectTiny" material="wood" x="1.4" y="0.18999999999999873" rotation="0" />
<Block type="RectTiny" material="wood" x="2.1" y="0.18999999999999873" rotation="0" />
<Block type="SquareSmall" material="wood" x="0.7" y="0.5649999999999987" rotation="0" />
<Block type="RectTiny" material="ice" x="1.4" y="0.5649999999999987" rotation="90" />
<Block type="SquareSmall" material="ice" x="2.1" y="0.5649999999999987" rotation="0" />
<Pig type="BasicSmall" material="" x="0.7" y="1.0549999999999988" rotation="0" />
<Block type="CircleSmall" material="stone" x="1.4" y="1.0549999999999988" rotation="0" />
<Block type="Circle" material="ice" x="2.1" y="1.2299999999999989" rotation="0" />
</GameObjects>
</Level>
