<?xml version="1.0" encoding="utf-16"?>
<Level width ="2">
<Camera x="0" y="2" minWidth="20" maxWidth="30">
<Birds>
<Bird type="BirdBlue"/>
<Bird type="BirdRed"/>
<Bird type="BirdYellow"/>
<Bird type="BirdBlue"/>
<Bird type="BirdBlue"/>
<Bird type="BirdBlue"/>
<Bird type="BirdRed"/>
</Birds>
<Slingshot x="-8" y="-2.5">
<GameObjects>
<Platform type="Platform" material="" x="-1.3" y="-3.29" rotation="0" />
<Platform type="Platform" material="" x="-0.7" y="-3.29" rotation="0" />
<Platform type="Platform" material="" x="-0.1" y="-3.29" rotation="0" />
<Platform type="Platform" material="" x="0.5" y="-3.29" rotation="0" />
<Platform type="Platform" material="" x="1.1" y="-3.29" rotation="0" />
<Platform type="Platform" material="" x="1.7" y="-3.29" rotation="0" />
<Platform type="Platform" material="" x="2.3" y="-3.29" rotation="0" />
<Platform type="Platform" material="" x="2.9" y="-3.29" rotation="0" />
<Platform type="Platform" material="" x="3.5" y="-3.29" rotation="0" />
<Platform type="Platform" material="" x="4.1" y="-3.29" rotation="0" />
<Platform type="Platform" material="" x="4.7" y="-3.29" rotation="0" />
<Block type="RectBig" material="wood" x="-0.6" y="-2.8200000000000003" rotation="0" />
<Block type="RectBig" material="wood" x="1.5" y="-2.8200000000000003" rotation="0" />
<Block type="RectBig" material="stone" x="3.6" y="-2.8200000000000003" rotation="0" />
<TNT type="" x="-1.3" y="-2.3850000000000007" rotation="0" />
<Block type="SquareHole" material="wood" x="-0.3" y="-2.2400000000000007" rotation="0" />
<Block type="SquareHole" material="ice" x="1.5" y="-2.2400000000000007" rotation="0" />
<Pig type="BasicSmall" material="" x="2.2" y="-2.4350000000000005" rotation="0" />
<Block type="SquareHole" material="stone" x="3.3" y="-2.2400000000000007" rotation="0" />
<TNT type="" x="4.3" y="-2.3850000000000007" rotation="0" />
<Block type="RectFat" material="stone" x="-0.3" y="-1.5550000000000006" rotation="0" />
<Block type="SquareSmall" material="wood" x="1.5" y="-1.5550000000000006" rotation="0" />
<Block type="RectFat" material="stone" x="3.3" y="-1.5550000000000006" rotation="0" />
<Block type="RectTiny" material="stone" x="-0.1" y="-1.1800000000000004" rotation="0" />
<Block type="RectTiny" material="stone" x="1.5" y="-1.1800000000000004" rotation="0" />
<Block type="RectTiny" material="stone" x="3.2" y="-1.1800000000000004" rotation="0" />
<Block type="RectTiny" material="wood" x="-0.1" y="-0.8050000000000003" rotation="90" />
<Block type="SquareSmall" material="stone" x="1.5" y="-0.8050000000000003" rotation="0" />
<Block type="SquareSmall" material="stone" x="3.2" y="-0.8050000000000003" rotation="0" />
<Block type="RectMedium" material="stone" x="0.6" y="-0.4300000000000003" rotation="0" />
<Block type="RectMedium" material="wood" x="2.4" y="-0.4300000000000003" rotation="0" />
<Block type="TriangleHole" material="stone" x="0.0" y="0.13999999999999962" rotation="0" />
<Block type="RectMedium" material="stone" x="1.5" y="-0.16000000000000036" rotation="0" />
<Block type="Triangle" material="stone" x="3.0" y="0.13999999999999962" rotation="0" />
<Block type="SquareSmall" material="ice" x="0.9" y="0.21499999999999964" rotation="0" />
<Block type="CircleSmall" material="stone" x="1.5" y="0.22499999999999964" rotation="0" />
<Block type="SquareSmall" material="wood" x="2.1" y="0.21499999999999964" rotation="0" />
<Block type="RectTiny" material="wood" x="0.9" y="0.6949999999999996" rotation="90" />
<Block type="RectTiny" material="wood" x="2.1" y="0.6949999999999996" rotation="90" />
<Block type="CircleSmall" material="wood" x="0.9" y="1.1849999999999996" rotation="0" />
<Block type="Circle" material="ice" x="2.1" y="1.3599999999999997" rotation="0" />
</GameObjects>
</Level>
