<?xml version="1.0" encoding="utf-16"?>
<Level width ="2">
<Camera x="0" y="2" minWidth="20" maxWidth="30">
<Birds>
<Bird type="BirdBlue"/>
<Bird type="BirdRed"/>
<Bird type="BirdYellow"/>
<Bird type="BirdBlue"/>
<Bird type="BirdBlue"/>
<Bird type="BirdBlue"/>
<Bird type="BirdRed"/>
</Birds>
<Slingshot x="-8" y="-2.5">
<GameObjects>
<Platform type="Platform" material="" x="-1.1" y="-3.29" rotation="0" />
<Platform type="Platform" material="" x="-0.5" y="-3.29" rotation="0" />
<Platform type="Platform" material="" x="0.1" y="-3.29" rotation="0" />
<Platform type="Platform" material="" x="0.7" y="-3.29" rotation="0" />
<Platform type="Platform" material="" x="1.3" y="-3.29" rotation="0" />
<Platform type="Platform" material="" x="1.9" y="-3.29" rotation="0" />
<Platform type="Platform" material="" x="2.5" y="-3.29" rotation="0" />
<Platform type="Platform" material="" x="3.1" y="-3.29" rotation="0" />
<Platform type="Platform" material="" x="3.7" y="-3.29" rotation="0" />
<Platform type="Platform" material="" x="4.3" y="-3.29" rotation="0" />
<Block type="RectMedium" material="stone" x="-0.6" y="-2.8200000000000003" rotation="0" />
<Block type="RectMedium" material="stone" x="1.5" y="-2.8200000000000003" rotation="0" />
<Block type="RectMedium" material="wood" x="3.5" y="-2.8200000000000003" rotation="0" />
<Pig type="BasicSmall" material="" x="-1.1" y="-2.4350000000000005" rotation="0" />
<Block type="RectTiny" material="stone" x="-0.5" y="-2.4450000000000007" rotation="90" />
<Block type="RectTiny" material="stone" x="-0.1" y="-2.4450000000000007" rotation="90" />
<Block type="RectTiny" material="stone" x="0.9" y="-2.4450000000000007" rotation="90" />
<Block type="RectTiny" material="stone" x="1.3" y="-2.4450000000000007" rotation="90" />
<Block type="RectTiny" material="stone" x="1.7" y="-2.4450000000000007" rotation="90" />
<Block type="RectTiny" material="stone" x="2.1" y="-2.4450000000000007" rotation="90" />
<Block type="RectTiny" material="stone" x="3.1" y="-2.4450000000000007" rotation="90" />
<Block type="RectTiny" material="stone" x="3.5" y="-2.4450000000000007" rotation="90" />
<Pig type="BasicSmall" material="" x="4.1" y="-2.4350000000000005" rotation="0" />
<Block type="SquareTiny" material="wood" x="-0.5" y="-2.070000000000001" rotation="0" />
<Block type="SquareTiny" material="wood" x="-0.1" y="-2.070000000000001" rotation="0" />
<Block type="SquareTiny" material="wood" x="0.9" y="-2.070000000000001" rotation="0" />
<Block type="SquareTiny" material="wood" x="1.3" y="-2.070000000000001" rotation="0" />
<Block type="SquareTiny" material="wood" x="1.7" y="-2.070000000000001" rotation="0" />
<Block type="SquareTiny" material="wood" x="2.1" y="-2.070000000000001" rotation="0" />
<Block type="SquareTiny" material="wood" x="3.1" y="-2.070000000000001" rotation="0" />
<Block type="SquareTiny" material="wood" x="3.5" y="-2.070000000000001" rotation="0" />
<Block type="SquareTiny" material="ice" x="-0.5" y="-1.800000000000001" rotation="0" />
<Block type="SquareTiny" material="ice" x="-0.1" y="-1.800000000000001" rotation="0" />
<Block type="SquareTiny" material="ice" x="0.9" y="-1.800000000000001" rotation="0" />
<Block type="SquareTiny" material="ice" x="1.3" y="-1.800000000000001" rotation="0" />
<Block type="SquareTiny" material="ice" x="1.7" y="-1.800000000000001" rotation="0" />
<Block type="SquareTiny" material="ice" x="2.1" y="-1.800000000000001" rotation="0" />
<Block type="SquareTiny" material="wood" x="3.1" y="-1.800000000000001" rotation="0" />
<Block type="SquareTiny" material="wood" x="3.5" y="-1.800000000000001" rotation="0" />
<Block type="RectBig" material="stone" x="0.4" y="-1.5300000000000007" rotation="0" />
<Block type="RectBig" material="wood" x="2.6" y="-1.5300000000000007" rotation="0" />
<Block type="CircleSmall" material="wood" x="-0.3" y="-1.1450000000000005" rotation="0" />
<Block type="RectSmall" material="wood" x="0.5" y="-0.9450000000000005" rotation="90" />
<Block type="RectSmall" material="wood" x="1.1" y="-0.9450000000000005" rotation="90" />
<Block type="RectSmall" material="wood" x="1.9" y="-0.9450000000000005" rotation="90" />
<Block type="RectFat" material="wood" x="2.5" y="-0.9450000000000005" rotation="90" />
<Block type="Triangle" material="wood" x="3.3" y="-0.9600000000000006" rotation="0" />
<Block type="RectMedium" material="wood" x="0.5" y="0.3699999999999995" rotation="90" />
<Block type="RectMedium" material="wood" x="1.1" y="0.3699999999999995" rotation="90" />
<Block type="RectMedium" material="wood" x="1.9" y="0.3699999999999995" rotation="90" />
<Block type="RectMedium" material="wood" x="2.5" y="0.3699999999999995" rotation="90" />
<Block type="CircleSmall" material="stone" x="0.5" y="1.4849999999999997" rotation="0" />
<Block type="CircleSmall" material="ice" x="1.1" y="1.4849999999999997" rotation="0" />
<Block type="CircleSmall" material="ice" x="1.9" y="1.4849999999999997" rotation="0" />
<Block type="CircleSmall" material="stone" x="2.5" y="1.4849999999999997" rotation="0" />
</GameObjects>
</Level>
