<?xml version="1.0" encoding="utf-16"?>
<Level width ="2">
<Camera x="0" y="2" minWidth="20" maxWidth="30">
<Birds>
<Bird type="BirdBlue"/>
<Bird type="BirdRed"/>
<Bird type="BirdYellow"/>
<Bird type="BirdBlue"/>
<Bird type="BirdBlue"/>
<Bird type="BirdBlue"/>
<Bird type="BirdRed"/>
</Birds>
<Slingshot x="-8" y="-2.5">
<GameObjects>
<Block type="RectBig" material="stone" x="-0.6" y="-3.49" rotation="0" />
<Block type="RectBig" material="wood" x="1.5" y="-3.49" rotation="0" />
<Block type="RectBig" material="wood" x="3.6" y="-3.49" rotation="0" />
<Pig type="BasicSmall" material="" x="-1.3" y="-3.1050000000000004" rotation="0" />
<Block type="SquareSmall" material="ice" x="-0.5" y="-3.1150000000000007" rotation="0" />
<Block type="SquareSmall" material="ice" x="0.2" y="-3.1150000000000007" rotation="0" />
<Block type="SquareSmall" material="ice" x="1.2" y="-3.1150000000000007" rotation="0" />
<Block type="SquareSmall" material="wood" x="1.8" y="-3.1150000000000007" rotation="0" />
<Block type="SquareSmall" material="wood" x="2.8" y="-3.1150000000000007" rotation="0" />
<Block type="SquareSmall" material="wood" x="3.5" y="-3.1150000000000007" rotation="0" />
<Pig type="BasicSmall" material="" x="4.3" y="-3.1050000000000004" rotation="0" />
<Block type="SquareHole" material="ice" x="-0.1" y="-2.430000000000001" rotation="0" />
<Block type="SquareHole" material="wood" x="1.5" y="-2.430000000000001" rotation="0" />
<Block type="SquareHole" material="wood" x="3.2" y="-2.430000000000001" rotation="0" />
<Block type="SquareSmall" material="ice" x="-0.1" y="-1.745000000000001" rotation="0" />
<Block type="RectFat" material="wood" x="1.5" y="-1.745000000000001" rotation="0" />
<Block type="SquareSmall" material="wood" x="3.2" y="-1.745000000000001" rotation="0" />
<Block type="RectTiny" material="ice" x="-0.1" y="-1.3700000000000008" rotation="0" />
<Block type="RectSmall" material="wood" x="1.5" y="-1.3700000000000008" rotation="0" />
<Block type="RectTiny" material="wood" x="3.2" y="-1.3700000000000008" rotation="0" />
<Block type="RectFat" material="ice" x="-0.1" y="-0.7850000000000006" rotation="90" />
<Block type="RectFat" material="ice" x="1.5" y="-0.7850000000000006" rotation="90" />
<Block type="RectSmall" material="stone" x="3.2" y="-0.7850000000000006" rotation="90" />
<Block type="RectMedium" material="wood" x="0.6" y="-0.20000000000000062" rotation="0" />
<Block type="RectMedium" material="wood" x="2.4" y="-0.20000000000000062" rotation="0" />
<Block type="CircleSmall" material="stone" x="0.0" y="0.1849999999999994" rotation="0" />
<Block type="RectBig" material="stone" x="1.5" y="0.06999999999999938" rotation="0" />
<Block type="CircleSmall" material="wood" x="3.0" y="0.1849999999999994" rotation="0" />
<Block type="RectTiny" material="stone" x="0.6" y="0.44499999999999934" rotation="90" />
<Block type="RectTiny" material="wood" x="1.1" y="0.44499999999999934" rotation="90" />
<Block type="RectTiny" material="wood" x="1.5" y="0.44499999999999934" rotation="90" />
<Block type="SquareSmall" material="stone" x="1.9" y="0.44499999999999934" rotation="0" />
<Block type="RectTiny" material="stone" x="2.4" y="0.44499999999999934" rotation="90" />
<Block type="Circle" material="stone" x="0.6" y="1.1099999999999994" rotation="0" />
<Block type="Circle" material="stone" x="1.5" y="1.1099999999999994" rotation="0" />
<Block type="TriangleHole" material="stone" x="2.4" y="1.1199999999999994" rotation="0" />
</GameObjects>
</Level>
