<?xml version="1.0" encoding="utf-16"?>
<Level width ="2">
<Camera x="0" y="2" minWidth="20" maxWidth="30">
<Birds>
<Bird type="BirdBlue"/>
<Bird type="BirdRed"/>
<Bird type="BirdYellow"/>
<Bird type="BirdBlue"/>
<Bird type="BirdBlue"/>
<Bird type="BirdBlue"/>
<Bird type="BirdRed"/>
</Birds>
<Slingshot x="-8" y="-2.5">
<GameObjects>
<Block type="RectSmall" material="ice" x="-1.1" y="-3.49" rotation="0" />
<Block type="RectSmall" material="ice" x="0.2" y="-3.49" rotation="0" />
<Block type="RectSmall" material="wood" x="1.5" y="-3.49" rotation="0" />
<Block type="RectSmall" material="wood" x="2.8" y="-3.49" rotation="0" />
<Block type="RectSmall" material="wood" x="4.1" y="-3.49" rotation="0" />
<Block type="RectBig" material="ice" x="-1.4" y="-2.3000000000000007" rotation="90" />
<Block type="RectBig" material="ice" x="-0.8" y="-2.3000000000000007" rotation="90" />
<Block type="RectBig" material="ice" x="-0.1" y="-2.3000000000000007" rotation="90" />
<Block type="RectBig" material="ice" x="0.5" y="-2.3000000000000007" rotation="90" />
<Block type="RectBig" material="ice" x="1.2" y="-2.3000000000000007" rotation="90" />
<Block type="RectBig" material="ice" x="1.8" y="-2.3000000000000007" rotation="90" />
<Block type="RectBig" material="wood" x="2.5" y="-2.3000000000000007" rotation="90" />
<Block type="RectBig" material="wood" x="3.1" y="-2.3000000000000007" rotation="90" />
<Block type="RectBig" material="wood" x="3.8" y="-2.3000000000000007" rotation="90" />
<Block type="RectBig" material="stone" x="4.5" y="-2.3000000000000007" rotation="90" />
<Block type="SquareHole" material="ice" x="-1.1" y="-0.8000000000000007" rotation="0" />
<Block type="SquareHole" material="ice" x="0.2" y="-0.8000000000000007" rotation="0" />
<Block type="SquareHole" material="ice" x="1.5" y="-0.8000000000000007" rotation="0" />
<Block type="SquareHole" material="stone" x="2.8" y="-0.8000000000000007" rotation="0" />
<Block type="SquareHole" material="stone" x="4.1" y="-0.8000000000000007" rotation="0" />
<Block type="SquareSmall" material="stone" x="-1.1" y="-0.11500000000000073" rotation="0" />
<Block type="RectFat" material="ice" x="0.2" y="-0.11500000000000073" rotation="0" />
<Block type="SquareSmall" material="stone" x="1.5" y="-0.11500000000000073" rotation="0" />
<Block type="SquareSmall" material="wood" x="2.8" y="-0.11500000000000073" rotation="0" />
<Block type="RectFat" material="stone" x="4.1" y="-0.11500000000000073" rotation="0" />
<Pig type="BasicSmall" material="" x="-1.1" y="0.3749999999999993" rotation="0" />
<Block type="Triangle" material="ice" x="-0.1" y="0.5599999999999993" rotation="90" />
<Block type="CircleSmall" material="stone" x="1.5" y="0.3749999999999993" rotation="0" />
<Block type="CircleSmall" material="wood" x="2.8" y="0.3749999999999993" rotation="0" />
<Block type="CircleSmall" material="ice" x="3.9" y="0.3749999999999993" rotation="0" />
<Block type="CircleSmall" material="stone" x="4.4" y="0.3749999999999993" rotation="0" />
</GameObjects>
</Level>
