<?xml version="1.0" encoding="utf-16"?>
<Level width ="2">
<Camera x="0" y="2" minWidth="20" maxWidth="30">
<Birds>
<Bird type="BirdBlue"/>
<Bird type="BirdRed"/>
<Bird type="BirdYellow"/>
<Bird type="BirdBlue"/>
<Bird type="BirdBlue"/>
<Bird type="BirdBlue"/>
<Bird type="BirdRed"/>
</Birds>
<Slingshot x="-8" y="-2.5">
<GameObjects>
<Block type="RectTiny" material="stone" x="-0.1" y="-3.3850000000000002" rotation="90" />
<Block type="RectTiny" material="wood" x="0.5" y="-3.3850000000000002" rotation="90" />
<Block type="RectTiny" material="wood" x="0.9" y="-3.3850000000000002" rotation="90" />
<Block type="RectTiny" material="wood" x="1.5" y="-3.3850000000000002" rotation="90" />
<Block type="RectTiny" material="wood" x="1.9" y="-3.3850000000000002" rotation="90" />
<Block type="RectTiny" material="wood" x="2.5" y="-3.3850000000000002" rotation="90" />
<Block type="SquareTiny" material="ice" x="-0.1" y="-3.0100000000000007" rotation="0" />
<Block type="SquareTiny" material="ice" x="0.5" y="-3.0100000000000007" rotation="0" />
<Block type="SquareTiny" material="ice" x="0.9" y="-3.0100000000000007" rotation="0" />
<Block type="SquareTiny" material="ice" x="1.5" y="-3.0100000000000007" rotation="0" />
<Block type="SquareTiny" material="ice" x="1.9" y="-3.0100000000000007" rotation="0" />
<Block type="SquareTiny" material="ice" x="2.5" y="-3.0100000000000007" rotation="0" />
<Block type="RectSmall" material="wood" x="-0.1" y="-2.425000000000001" rotation="90" />
<Block type="RectSmall" material="wood" x="0.5" y="-2.425000000000001" rotation="90" />
<Block type="RectSmall" material="wood" x="0.9" y="-2.425000000000001" rotation="90" />
<Block type="RectSmall" material="wood" x="1.5" y="-2.425000000000001" rotation="90" />
<Block type="RectSmall" material="wood" x="1.9" y="-2.425000000000001" rotation="90" />
<Block type="RectSmall" material="wood" x="2.5" y="-2.425000000000001" rotation="90" />
<Block type="RectTiny" material="wood" x="-0.1" y="-1.7350000000000012" rotation="90" />
<Block type="RectTiny" material="wood" x="0.5" y="-1.7350000000000012" rotation="90" />
<Block type="RectTiny" material="wood" x="0.9" y="-1.7350000000000012" rotation="90" />
<Block type="RectTiny" material="wood" x="1.5" y="-1.7350000000000012" rotation="90" />
<Block type="RectTiny" material="wood" x="1.9" y="-1.7350000000000012" rotation="90" />
<Block type="RectTiny" material="wood" x="2.5" y="-1.7350000000000012" rotation="90" />
<Block type="SquareTiny" material="stone" x="-0.1" y="-1.360000000000001" rotation="0" />
<Block type="SquareTiny" material="stone" x="0.5" y="-1.360000000000001" rotation="0" />
<Block type="SquareTiny" material="stone" x="0.9" y="-1.360000000000001" rotation="0" />
<Block type="SquareTiny" material="stone" x="1.5" y="-1.360000000000001" rotation="0" />
<Block type="SquareTiny" material="stone" x="1.9" y="-1.360000000000001" rotation="0" />
<Block type="SquareTiny" material="stone" x="2.5" y="-1.360000000000001" rotation="0" />
<Block type="SquareTiny" material="stone" x="-0.1" y="-1.0900000000000007" rotation="0" />
<Block type="SquareTiny" material="stone" x="0.5" y="-1.0900000000000007" rotation="0" />
<Block type="SquareTiny" material="stone" x="0.9" y="-1.0900000000000007" rotation="0" />
<Block type="SquareTiny" material="stone" x="1.5" y="-1.0900000000000007" rotation="0" />
<Block type="SquareTiny" material="stone" x="1.9" y="-1.0900000000000007" rotation="0" />
<Block type="SquareTiny" material="stone" x="2.5" y="-1.0900000000000007" rotation="0" />
<Block type="RectSmall" material="wood" x="0.2" y="-0.8200000000000007" rotation="0" />
<Block type="RectSmall" material="wood" x="1.2" y="-0.8200000000000007" rotation="0" />
<Block type="RectSmall" material="wood" x="2.2" y="-0.8200000000000007" rotation="0" />
<Pig type="BasicSmall" material="" x="0.2" y="-0.4350000000000008" rotation="0" />
<Pig type="BasicSmall" material="" x="1.2" y="-0.4350000000000008" rotation="0" />
<Pig type="BasicSmall" material="" x="1.9" y="-0.4350000000000008" rotation="0" />
<Pig type="BasicSmall" material="" x="2.5" y="-0.4350000000000008" rotation="0" />
</GameObjects>
</Level>
