<?xml version="1.0" encoding="utf-16"?>
<Level width ="2">
<Camera x="0" y="2" minWidth="20" maxWidth="30">
<Birds>
<Bird type="BirdBlue"/>
<Bird type="BirdRed"/>
<Bird type="BirdYellow"/>
<Bird type="BirdBlue"/>
<Bird type="BirdBlue"/>
<Bird type="BirdBlue"/>
<Bird type="BirdRed"/>
</Birds>
<Slingshot x="-8" y="-2.5">
<GameObjects>
<Pig type="BasicSmall" material="" x="-1.1" y="-3.375" rotation="0" />
<Block type="RectMedium" material="stone" x="0.5" y="-3.49" rotation="0" />
<Block type="RectMedium" material="ice" x="2.3" y="-3.49" rotation="0" />
<Block type="SquareHole" material="stone" x="0.5" y="-2.9100000000000006" rotation="0" />
<Block type="SquareHole" material="ice" x="2.3" y="-2.9100000000000006" rotation="0" />
<Block type="RectBig" material="wood" x="1.4" y="-2.330000000000001" rotation="0" />
<Block type="RectTiny" material="wood" x="1.1" y="-2.0600000000000014" rotation="0" />
<Block type="RectTiny" material="ice" x="1.7" y="-2.0600000000000014" rotation="0" />
<Block type="SquareHole" material="ice" x="1.4" y="-1.4800000000000013" rotation="0" />
<Block type="RectSmall" material="ice" x="1.4" y="-0.9000000000000014" rotation="0" />
<Block type="RectTiny" material="ice" x="1.4" y="-0.6300000000000013" rotation="0" />
<Pig type="BasicSmall" material="" x="1.4" y="-0.24500000000000138" rotation="0" />
</GameObjects>
</Level>
