<?xml version="1.0" encoding="utf-16"?>
<Level width ="2">
<Camera x="0" y="2" minWidth="20" maxWidth="30">
<Birds>
<Bird type="BirdBlue"/>
<Bird type="BirdRed"/>
<Bird type="BirdYellow"/>
<Bird type="BirdBlue"/>
<Bird type="BirdBlue"/>
<Bird type="BirdBlue"/>
<Bird type="BirdRed"/>
</Birds>
<Slingshot x="-8" y="-2.5">
<GameObjects>
<Block type="RectTiny" material="wood" x="-1.0" y="-3.3850000000000002" rotation="90" />
<Block type="SquareSmall" material="stone" x="-0.3" y="-3.3850000000000002" rotation="0" />
<Block type="SquareSmall" material="stone" x="0.4" y="-3.3850000000000002" rotation="0" />
<Block type="SquareSmall" material="stone" x="1.1" y="-3.3850000000000002" rotation="0" />
<Block type="SquareSmall" material="stone" x="1.7" y="-3.3850000000000002" rotation="0" />
<Block type="SquareSmall" material="stone" x="2.4" y="-3.3850000000000002" rotation="0" />
<Block type="SquareSmall" material="stone" x="3.1" y="-3.3850000000000002" rotation="0" />
<Block type="RectSmall" material="wood" x="-1.0" y="-3.0100000000000007" rotation="0" />
<Block type="SquareSmall" material="wood" x="-0.3" y="-2.9050000000000007" rotation="0" />
<Block type="SquareSmall" material="wood" x="0.4" y="-2.9050000000000007" rotation="0" />
<Block type="SquareSmall" material="wood" x="1.1" y="-2.9050000000000007" rotation="0" />
<Block type="SquareSmall" material="wood" x="1.7" y="-2.9050000000000007" rotation="0" />
<Block type="SquareSmall" material="wood" x="2.4" y="-2.9050000000000007" rotation="0" />
<Block type="SquareSmall" material="wood" x="3.1" y="-2.9050000000000007" rotation="0" />
<Block type="RectSmall" material="wood" x="-1.0" y="-2.425000000000001" rotation="90" />
<Block type="RectTiny" material="wood" x="-0.3" y="-2.530000000000001" rotation="0" />
<Block type="RectTiny" material="wood" x="0.4" y="-2.530000000000001" rotation="0" />
<Block type="RectTiny" material="wood" x="1.1" y="-2.530000000000001" rotation="0" />
<Block type="RectTiny" material="wood" x="1.7" y="-2.530000000000001" rotation="0" />
<Block type="RectTiny" material="wood" x="2.4" y="-2.530000000000001" rotation="0" />
<Block type="RectTiny" material="wood" x="3.1" y="-2.530000000000001" rotation="0" />
<Block type="RectTiny" material="stone" x="-0.3" y="-2.2600000000000016" rotation="0" />
<Block type="RectTiny" material="stone" x="0.4" y="-2.2600000000000016" rotation="0" />
<Block type="RectTiny" material="stone" x="1.1" y="-2.2600000000000016" rotation="0" />
<Block type="RectTiny" material="stone" x="1.7" y="-2.2600000000000016" rotation="0" />
<Block type="RectTiny" material="stone" x="2.4" y="-2.2600000000000016" rotation="0" />
<Block type="RectTiny" material="stone" x="3.1" y="-2.2600000000000016" rotation="0" />
<Block type="RectTiny" material="stone" x="-0.3" y="-1.9900000000000018" rotation="0" />
<Block type="RectTiny" material="stone" x="0.4" y="-1.9900000000000018" rotation="0" />
<Block type="RectTiny" material="stone" x="1.1" y="-1.9900000000000018" rotation="0" />
<Block type="RectTiny" material="stone" x="1.7" y="-1.9900000000000018" rotation="0" />
<Block type="RectTiny" material="stone" x="2.4" y="-1.9900000000000018" rotation="0" />
<Block type="RectTiny" material="stone" x="3.1" y="-1.9900000000000018" rotation="0" />
<Block type="RectTiny" material="wood" x="-1.0" y="-1.7350000000000012" rotation="90" />
<Block type="RectTiny" material="stone" x="-0.3" y="-1.7200000000000015" rotation="0" />
<Block type="RectTiny" material="stone" x="0.4" y="-1.7200000000000015" rotation="0" />
<Block type="RectTiny" material="stone" x="1.1" y="-1.7200000000000015" rotation="0" />
<Block type="RectTiny" material="stone" x="1.7" y="-1.7200000000000015" rotation="0" />
<Block type="RectTiny" material="stone" x="2.4" y="-1.7200000000000015" rotation="0" />
<Block type="RectTiny" material="stone" x="3.1" y="-1.7200000000000015" rotation="0" />
<Block type="RectFat" material="stone" x="-0.3" y="-1.1350000000000013" rotation="90" />
<Block type="RectFat" material="stone" x="0.4" y="-1.1350000000000013" rotation="90" />
<Block type="RectFat" material="stone" x="1.1" y="-1.1350000000000013" rotation="90" />
<Block type="RectFat" material="stone" x="1.7" y="-1.1350000000000013" rotation="90" />
<Block type="RectFat" material="stone" x="2.4" y="-1.1350000000000013" rotation="90" />
<Block type="RectFat" material="stone" x="3.1" y="-1.1350000000000013" rotation="90" />
<Block type="RectFat" material="wood" x="-1.0" y="-1.255000000000001" rotation="0" />
<Block type="SquareSmall" material="ice" x="-0.3" y="-0.44500000000000134" rotation="0" />
<Block type="SquareSmall" material="ice" x="0.4" y="-0.44500000000000134" rotation="0" />
<Block type="SquareSmall" material="ice" x="1.1" y="-0.44500000000000134" rotation="0" />
<Block type="SquareSmall" material="ice" x="1.7" y="-0.44500000000000134" rotation="0" />
<Block type="SquareSmall" material="ice" x="2.4" y="-0.44500000000000134" rotation="0" />
<Block type="SquareSmall" material="ice" x="3.1" y="-0.44500000000000134" rotation="0" />
<Block type="RectTiny" material="wood" x="-0.3" y="-0.07000000000000134" rotation="0" />
<Block type="SquareTiny" material="wood" x="0.4" y="-0.07000000000000134" rotation="0" />
<Block type="RectTiny" material="wood" x="1.1" y="-0.07000000000000134" rotation="0" />
<Block type="RectTiny" material="wood" x="1.7" y="-0.07000000000000134" rotation="0" />
<Block type="RectTiny" material="wood" x="2.4" y="-0.07000000000000134" rotation="0" />
<Block type="RectTiny" material="wood" x="3.1" y="-0.07000000000000134" rotation="0" />
<Block type="RectSmall" material="stone" x="-0.1" y="0.19999999999999868" rotation="0" />
<Block type="RectSmall" material="ice" x="0.9" y="0.19999999999999868" rotation="0" />
<Block type="RectSmall" material="stone" x="1.9" y="0.19999999999999868" rotation="0" />
<Block type="RectSmall" material="wood" x="2.9" y="0.19999999999999868" rotation="0" />
<Block type="SquareTiny" material="wood" x="-0.1" y="0.46999999999999864" rotation="0" />
<Block type="RectSmall" material="ice" x="0.9" y="0.46999999999999864" rotation="0" />
<Block type="RectSmall" material="wood" x="1.9" y="0.46999999999999864" rotation="0" />
<Block type="RectSmall" material="wood" x="2.9" y="0.46999999999999864" rotation="0" />
<Pig type="BasicSmall" material="" x="-0.1" y="0.8549999999999986" rotation="0" />
<Pig type="BasicSmall" material="" x="0.6" y="0.8549999999999986" rotation="0" />
<Block type="CircleSmall" material="ice" x="1.1" y="0.8549999999999986" rotation="0" />
<Pig type="BasicSmall" material="" x="1.7" y="0.8549999999999986" rotation="0" />
<Block type="CircleSmall" material="ice" x="2.2" y="0.8549999999999986" rotation="0" />
<Pig type="BasicSmall" material="" x="3.2" y="0.8549999999999986" rotation="0" />
</GameObjects>
</Level>
