<?xml version="1.0" encoding="utf-16"?>
<Level width ="2">
<Camera x="0" y="2" minWidth="20" maxWidth="30">
<Birds>
<Bird type="BirdBlue"/>
<Bird type="BirdRed"/>
<Bird type="BirdYellow"/>
<Bird type="BirdBlue"/>
<Bird type="BirdBlue"/>
<Bird type="BirdBlue"/>
<Bird type="BirdRed"/>
</Birds>
<Slingshot x="-8" y="-2.5">
<GameObjects>
<Pig type="BasicSmall" material="" x="-0.8" y="-3.375" rotation="0" />
<Block type="RectTiny" material="wood" x="-0.2" y="-3.49" rotation="0" />
<Block type="RectTiny" material="wood" x="0.4" y="-3.49" rotation="0" />
<Block type="RectTiny" material="wood" x="1.0" y="-3.49" rotation="0" />
<Block type="RectTiny" material="ice" x="1.6" y="-3.49" rotation="0" />
<Block type="RectTiny" material="ice" x="2.2" y="-3.49" rotation="0" />
<Block type="RectTiny" material="ice" x="2.8" y="-3.49" rotation="0" />
<Block type="RectTiny" material="wood" x="-0.2" y="-3.2200000000000006" rotation="0" />
<Block type="RectTiny" material="stone" x="0.4" y="-3.2200000000000006" rotation="0" />
<Block type="RectTiny" material="stone" x="1.0" y="-3.2200000000000006" rotation="0" />
<Block type="RectTiny" material="wood" x="1.6" y="-3.2200000000000006" rotation="0" />
<Block type="RectTiny" material="ice" x="2.2" y="-3.2200000000000006" rotation="0" />
<Block type="RectTiny" material="stone" x="2.8" y="-3.2200000000000006" rotation="0" />
<Block type="SquareSmall" material="stone" x="-0.2" y="-2.845000000000001" rotation="0" />
<Block type="SquareSmall" material="stone" x="0.4" y="-2.845000000000001" rotation="0" />
<Block type="SquareSmall" material="wood" x="1.0" y="-2.845000000000001" rotation="0" />
<Block type="SquareSmall" material="stone" x="1.6" y="-2.845000000000001" rotation="0" />
<Block type="SquareSmall" material="ice" x="2.2" y="-2.845000000000001" rotation="0" />
<Block type="SquareSmall" material="stone" x="2.8" y="-2.845000000000001" rotation="0" />
<Block type="RectTiny" material="stone" x="-0.2" y="-2.4700000000000015" rotation="0" />
<Block type="RectTiny" material="stone" x="0.4" y="-2.4700000000000015" rotation="0" />
<Block type="RectTiny" material="ice" x="1.0" y="-2.4700000000000015" rotation="0" />
<Block type="RectTiny" material="stone" x="1.6" y="-2.4700000000000015" rotation="0" />
<Block type="RectTiny" material="ice" x="2.2" y="-2.4700000000000015" rotation="0" />
<Block type="RectTiny" material="wood" x="2.8" y="-2.4700000000000015" rotation="0" />
<Block type="RectTiny" material="stone" x="-0.2" y="-2.200000000000002" rotation="0" />
<Block type="RectTiny" material="stone" x="0.4" y="-2.200000000000002" rotation="0" />
<Block type="RectTiny" material="stone" x="1.0" y="-2.200000000000002" rotation="0" />
<Block type="RectTiny" material="ice" x="1.6" y="-2.200000000000002" rotation="0" />
<Block type="RectTiny" material="stone" x="2.2" y="-2.200000000000002" rotation="0" />
<Block type="RectTiny" material="wood" x="2.8" y="-2.200000000000002" rotation="0" />
<Block type="RectTiny" material="stone" x="-0.2" y="-1.930000000000002" rotation="0" />
<Block type="RectTiny" material="ice" x="0.4" y="-1.930000000000002" rotation="0" />
<Block type="RectTiny" material="ice" x="1.0" y="-1.930000000000002" rotation="0" />
<Block type="RectTiny" material="wood" x="1.6" y="-1.930000000000002" rotation="0" />
<Block type="RectTiny" material="wood" x="2.2" y="-1.930000000000002" rotation="0" />
<Block type="RectTiny" material="wood" x="2.8" y="-1.930000000000002" rotation="0" />
<Block type="RectSmall" material="stone" x="-0.2" y="-1.3450000000000017" rotation="90" />
<Block type="RectSmall" material="stone" x="0.4" y="-1.3450000000000017" rotation="90" />
<Block type="RectSmall" material="stone" x="1.0" y="-1.3450000000000017" rotation="90" />
<Block type="RectSmall" material="wood" x="1.6" y="-1.3450000000000017" rotation="90" />
<Block type="RectSmall" material="ice" x="2.2" y="-1.3450000000000017" rotation="90" />
<Block type="RectSmall" material="ice" x="2.8" y="-1.3450000000000017" rotation="90" />
<Block type="RectSmall" material="wood" x="0.1" y="-0.7600000000000017" rotation="0" />
<Block type="RectSmall" material="ice" x="1.3" y="-0.7600000000000017" rotation="0" />
<Block type="RectSmall" material="ice" x="2.5" y="-0.7600000000000017" rotation="0" />
<Block type="RectSmall" material="stone" x="0.1" y="-0.4900000000000017" rotation="0" />
<Block type="RectSmall" material="ice" x="1.3" y="-0.4900000000000017" rotation="0" />
<Block type="RectSmall" material="ice" x="2.5" y="-0.4900000000000017" rotation="0" />
<Block type="SquareHole" material="wood" x="0.1" y="0.08999999999999826" rotation="0" />
<Block type="SquareHole" material="stone" x="1.3" y="0.08999999999999826" rotation="0" />
<Block type="SquareHole" material="ice" x="2.5" y="0.08999999999999826" rotation="0" />
<Pig type="BasicSmall" material="" x="0.1" y="0.7849999999999983" rotation="0" />
<Pig type="BasicSmall" material="" x="1.3" y="0.7849999999999983" rotation="0" />
<Pig type="BasicSmall" material="" x="2.2" y="0.7849999999999983" rotation="0" />
<Pig type="BasicSmall" material="" x="2.8" y="0.7849999999999983" rotation="0" />
</GameObjects>
</Level>
