<?xml version="1.0" encoding="utf-16"?>
<Level width ="2">
<Camera x="0" y="2" minWidth="20" maxWidth="30">
<Birds>
<Bird type="BirdBlue"/>
<Bird type="BirdRed"/>
<Bird type="BirdYellow"/>
<Bird type="BirdBlue"/>
<Bird type="BirdBlue"/>
<Bird type="BirdBlue"/>
<Bird type="BirdRed"/>
</Birds>
<Slingshot x="-8" y="-2.5">
<GameObjects>
<Block type="RectFat" material="ice" x="-0.5" y="-3.1750000000000003" rotation="90" />
<Block type="RectFat" material="ice" x="0.3" y="-3.1750000000000003" rotation="90" />
<Block type="RectFat" material="ice" x="1.0" y="-3.1750000000000003" rotation="90" />
<Block type="RectFat" material="wood" x="1.6" y="-3.1750000000000003" rotation="90" />
<Block type="RectFat" material="wood" x="2.3" y="-3.1750000000000003" rotation="90" />
<Block type="RectFat" material="wood" x="3.1" y="-3.1750000000000003" rotation="90" />
<Block type="SquareSmall" material="ice" x="-0.5" y="-2.4850000000000008" rotation="0" />
<Block type="SquareSmall" material="ice" x="0.3" y="-2.4850000000000008" rotation="0" />
<Block type="SquareSmall" material="wood" x="1.0" y="-2.4850000000000008" rotation="0" />
<Block type="SquareSmall" material="wood" x="1.6" y="-2.4850000000000008" rotation="0" />
<Block type="SquareSmall" material="wood" x="2.3" y="-2.4850000000000008" rotation="0" />
<Block type="SquareSmall" material="wood" x="3.1" y="-2.4850000000000008" rotation="0" />
<Block type="RectFat" material="wood" x="-0.5" y="-1.7950000000000008" rotation="90" />
<Block type="RectFat" material="wood" x="0.3" y="-1.7950000000000008" rotation="90" />
<Block type="RectFat" material="wood" x="1.0" y="-1.7950000000000008" rotation="90" />
<Block type="RectFat" material="wood" x="1.6" y="-1.7950000000000008" rotation="90" />
<Block type="RectFat" material="wood" x="2.3" y="-1.7950000000000008" rotation="90" />
<Block type="RectFat" material="wood" x="3.1" y="-1.7950000000000008" rotation="90" />
<Block type="RectTiny" material="ice" x="-0.5" y="-1.2100000000000006" rotation="0" />
<Block type="RectTiny" material="wood" x="0.3" y="-1.2100000000000006" rotation="0" />
<Block type="RectTiny" material="wood" x="1.0" y="-1.2100000000000006" rotation="0" />
<Block type="RectTiny" material="wood" x="1.6" y="-1.2100000000000006" rotation="0" />
<Block type="RectTiny" material="wood" x="2.3" y="-1.2100000000000006" rotation="0" />
<Block type="RectTiny" material="wood" x="3.1" y="-1.2100000000000006" rotation="0" />
<Block type="RectSmall" material="ice" x="-0.5" y="-0.6250000000000004" rotation="90" />
<Block type="RectSmall" material="ice" x="0.3" y="-0.6250000000000004" rotation="90" />
<Block type="RectFat" material="wood" x="1.0" y="-0.6250000000000004" rotation="90" />
<Block type="RectSmall" material="ice" x="1.6" y="-0.6250000000000004" rotation="90" />
<Block type="RectSmall" material="wood" x="2.3" y="-0.6250000000000004" rotation="90" />
<Block type="RectSmall" material="ice" x="3.1" y="-0.6250000000000004" rotation="90" />
<Block type="RectMedium" material="stone" x="0.3" y="-0.04000000000000045" rotation="0" />
<Block type="RectMedium" material="stone" x="2.3" y="-0.04000000000000045" rotation="0" />
<Pig type="BasicSmall" material="" x="-0.3" y="0.34499999999999953" rotation="0" />
<Block type="RectSmall" material="ice" x="0.5" y="0.22999999999999954" rotation="0" />
<Block type="RectSmall" material="wood" x="2.1" y="0.22999999999999954" rotation="0" />
<Pig type="BasicSmall" material="" x="2.9" y="0.34499999999999953" rotation="0" />
<Block type="RectTiny" material="ice" x="0.6" y="0.4999999999999995" rotation="0" />
<Block type="RectTiny" material="wood" x="2.0" y="0.4999999999999995" rotation="0" />
<Pig type="BasicSmall" material="" x="0.6" y="0.8849999999999996" rotation="0" />
<Pig type="BasicSmall" material="" x="2.0" y="0.8849999999999996" rotation="0" />
</GameObjects>
</Level>
