<?xml version="1.0" encoding="utf-16"?>
<Level width ="2">
<Camera x="0" y="2" minWidth="20" maxWidth="30">
<Birds>
<Bird type="BirdBlue"/>
<Bird type="BirdRed"/>
<Bird type="BirdYellow"/>
<Bird type="BirdBlue"/>
<Bird type="BirdBlue"/>
<Bird type="BirdBlue"/>
<Bird type="BirdRed"/>
</Birds>
<Slingshot x="-8" y="-2.5">
<GameObjects>
<Platform type="Platform" material="" x="2.6" y="4.2" rotation="0" />
<TNT type="" x="1.5" y="-3.3" rotation="0" />
<TNT type="" x="1.3" y="-3.2" rotation="0" />
<Pig type="BasicSmall" material="" x="3.0" y="5.0" rotation="0" />
<Block type="SquareHole" material="stone" x="0.7" y="5.5" rotation="0" />
<Block type="RectBig" material="stone" x="1.2" y="-3.2" rotation="90" />
<Block type="RectBig" material="stone" x="1.4" y="-3.2" rotation="90" />
<Block type="RectBig" material="stone" x="2.0" y="4.8" rotation="0" />
<Block type="RectFat" material="stone" x="1.0" y="-3.4" rotation="90" />
<Block type="RectFat" material="stone" x="0.8" y="5.3" rotation="0" />
<Block type="RectMedium" material="stone" x="1.6" y="-3.3" rotation="90" />
<Block type="RectSmall" material="stone" x="1.0" y="-3.1" rotation="90" />
<Block type="RectSmall" material="wood" x="1.0" y="4.9" rotation="0" />
<Block type="RectSmall" material="ice" x="3.3" y="5.0" rotation="0" />
<Block type="RectSmall" material="ice" x="2.5" y="5.3" rotation="0" />
<Block type="SquareSmall" material="ice" x="1.2" y="-3.3" rotation="0" />
<Block type="SquareSmall" material="ice" x="1.4" y="-3.3" rotation="0" />
<Block type="RectTiny" material="wood" x="0.8" y="5.0" rotation="0" />
<Block type="SquareTiny" material="stone" x="1.1" y="-3.4" rotation="0" />
<Block type="SquareTiny" material="stone" x="1.1" y="-3.3" rotation="0" />
<Block type="SquareTiny" material="ice" x="1.2" y="-3.1" rotation="0" />
<Block type="SquareTiny" material="stone" x="1.3" y="4.9" rotation="0" />
<Block type="TriangleHole" material="ice" x="1.5" y="-3.4" rotation="0" />
<Block type="TriangleHole" material="wood" x="1.1" y="5.7" rotation="90" />
<Block type="Triangle" material="stone" x="1.0" y="4.6" rotation="90" />
<Block type="Circle" material="wood" x="1.3" y="-3.3" rotation="0" />
<Block type="CircleSmall" material="stone" x="0.9" y="-3.4" rotation="0" />
</GameObjects>
</Level>
