<?xml version="1.0" encoding="utf-16"?>
<Level width ="2">
<Camera x="0" y="2" minWidth="20" maxWidth="30">
<Birds>
<Bird type="BirdBlue"/>
<Bird type="BirdRed"/>
<Bird type="BirdYellow"/>
<Bird type="BirdBlue"/>
<Bird type="BirdBlue"/>
<Bird type="BirdBlue"/>
<Bird type="BirdRed"/>
</Birds>
<Slingshot x="-8" y="-2.5">
<GameObjects>
<TNT type="" x="3.5" y="-3.2" rotation="0" />
<Block type="SquareHole" material="stone" x="3.4" y="-3.2" rotation="0" />
<Block type="RectBig" material="stone" x="3.5" y="-3.4" rotation="90" />
<Block type="RectBig" material="wood" x="3.9" y="-2.9" rotation="90" />
<Block type="RectBig" material="stone" x="4.0" y="-2.7" rotation="90" />
<Block type="RectFat" material="wood" x="2.3" y="-3.4" rotation="90" />
<Block type="RectFat" material="stone" x="3.1" y="-3.4" rotation="90" />
<Block type="RectFat" material="stone" x="3.4" y="-3.1" rotation="0" />
<Block type="RectSmall" material="ice" x="4.3" y="-3.0" rotation="90" />
<Block type="RectSmall" material="ice" x="3.7" y="-3.1" rotation="0" />
<Block type="RectSmall" material="ice" x="4.1" y="-3.0" rotation="0" />
<Block type="RectSmall" material="stone" x="3.7" y="-2.9" rotation="0" />
<Block type="RectSmall" material="ice" x="4.1" y="-2.9" rotation="0" />
<Block type="SquareSmall" material="stone" x="3.9" y="-2.7" rotation="0" />
<Block type="SquareSmall" material="wood" x="4.1" y="-2.7" rotation="0" />
<Block type="RectTiny" material="wood" x="2.9" y="-3.6" rotation="90" />
<Block type="RectTiny" material="ice" x="3.6" y="-3.4" rotation="90" />
<Block type="RectTiny" material="wood" x="3.4" y="-3.3" rotation="90" />
<Block type="RectTiny" material="wood" x="3.6" y="-3.3" rotation="90" />
<Block type="RectTiny" material="stone" x="2.9" y="-3.5" rotation="0" />
<Block type="RectTiny" material="stone" x="3.1" y="-3.5" rotation="0" />
<Block type="RectTiny" material="stone" x="3.2" y="-3.5" rotation="0" />
<Block type="SquareTiny" material="stone" x="3.8" y="-3.4" rotation="0" />
<Block type="SquareTiny" material="stone" x="3.3" y="-3.3" rotation="0" />
<Block type="SquareTiny" material="stone" x="3.3" y="-3.2" rotation="0" />
<Block type="SquareTiny" material="ice" x="4.0" y="-2.6" rotation="0" />
<Block type="TriangleHole" material="stone" x="2.8" y="-3.5" rotation="0" />
<Block type="TriangleHole" material="stone" x="4.2" y="-2.9" rotation="90" />
<Block type="TriangleHole" material="ice" x="3.0" y="-3.5" rotation="90" />
<Block type="Triangle" material="stone" x="3.5" y="-3.3" rotation="0" />
<Block type="Triangle" material="stone" x="3.7" y="-3.0" rotation="0" />
<Block type="Triangle" material="ice" x="2.9" y="-3.4" rotation="0" />
<Block type="CircleSmall" material="wood" x="3.7" y="-3.2" rotation="0" />
</GameObjects>
</Level>
