<?xml version="1.0" encoding="utf-16"?>
<Level width ="2">
<Camera x="0" y="2" minWidth="20" maxWidth="30">
<Birds>
<Bird type="BirdBlue"/>
<Bird type="BirdRed"/>
<Bird type="BirdYellow"/>
<Bird type="BirdBlue"/>
<Bird type="BirdBlue"/>
<Bird type="BirdBlue"/>
<Bird type="BirdRed"/>
</Birds>
<Slingshot x="-8" y="-2.5">
<GameObjects>
<TNT type="" x="4.2" y="-0.6" rotation="0" />
<TNT type="" x="4.3" y="0.1" rotation="0" />
<Pig type="BasicSmall" material="" x="4.4" y="0.4" rotation="0" />
<Block type="SquareHole" material="ice" x="4.9" y="-2.7" rotation="0" />
<Block type="SquareHole" material="wood" x="4.0" y="-0.7" rotation="0" />
<Block type="SquareHole" material="ice" x="4.2" y="-0.2" rotation="0" />
<Block type="RectBig" material="stone" x="4.3" y="-2.5" rotation="90" />
<Block type="RectBig" material="stone" x="4.4" y="-2.5" rotation="90" />
<Block type="RectBig" material="stone" x="4.4" y="-2.3" rotation="90" />
<Block type="RectBig" material="stone" x="5.0" y="-2.1" rotation="90" />
<Block type="RectBig" material="stone" x="5.4" y="-2.1" rotation="90" />
<Block type="RectBig" material="ice" x="5.9" y="-2.1" rotation="90" />
<Block type="RectBig" material="stone" x="4.9" y="-2.0" rotation="90" />
<Block type="RectBig" material="ice" x="4.6" y="-1.9" rotation="90" />
<Block type="RectBig" material="stone" x="4.7" y="-1.6" rotation="90" />
<Block type="RectBig" material="stone" x="4.9" y="-1.6" rotation="90" />
<Block type="RectBig" material="ice" x="4.6" y="-1.5" rotation="90" />
<Block type="RectBig" material="stone" x="4.0" y="-0.6" rotation="90" />
<Block type="RectBig" material="ice" x="4.3" y="0.0" rotation="90" />
<Block type="RectBig" material="wood" x="5.2" y="-2.5" rotation="0" />
<Block type="RectBig" material="wood" x="4.9" y="-1.9" rotation="0" />
<Block type="RectBig" material="stone" x="5.7" y="-1.7" rotation="0" />
<Block type="RectBig" material="ice" x="4.7" y="-1.5" rotation="0" />
<Block type="RectBig" material="ice" x="4.2" y="0.0" rotation="0" />
<Block type="RectFat" material="ice" x="4.3" y="-2.8" rotation="90" />
<Block type="RectFat" material="wood" x="6.1" y="-2.4" rotation="90" />
<Block type="RectFat" material="stone" x="6.3" y="-2.1" rotation="90" />
<Block type="RectFat" material="ice" x="4.5" y="-1.8" rotation="90" />
<Block type="RectFat" material="stone" x="1.9" y="-2.9" rotation="0" />
<Block type="RectFat" material="ice" x="4.3" y="-2.6" rotation="0" />
<Block type="RectMedium" material="stone" x="4.3" y="-2.4" rotation="90" />
<Block type="RectMedium" material="wood" x="6.3" y="-2.4" rotation="90" />
<Block type="RectMedium" material="wood" x="4.4" y="-2.0" rotation="90" />
<Block type="RectMedium" material="ice" x="4.8" y="-1.4" rotation="90" />
<Block type="RectMedium" material="ice" x="5.0" y="-2.7" rotation="0" />
<Block type="RectMedium" material="ice" x="5.0" y="-2.6" rotation="0" />
<Block type="RectMedium" material="ice" x="5.2" y="-2.6" rotation="0" />
<Block type="RectMedium" material="ice" x="5.2" y="-2.4" rotation="0" />
<Block type="RectMedium" material="ice" x="5.4" y="-2.4" rotation="0" />
<Block type="RectMedium" material="ice" x="5.4" y="-2.2" rotation="0" />
<Block type="RectMedium" material="ice" x="4.9" y="-1.8" rotation="0" />
<Block type="RectMedium" material="ice" x="4.5" y="-1.7" rotation="0" />
<Block type="RectMedium" material="ice" x="4.6" y="-1.6" rotation="0" />
<Block type="RectMedium" material="ice" x="6.2" y="-1.6" rotation="0" />
<Block type="RectMedium" material="ice" x="4.7" y="-1.4" rotation="0" />
<Block type="RectMedium" material="stone" x="6.0" y="-0.4" rotation="0" />
<Block type="RectMedium" material="ice" x="4.8" y="-0.1" rotation="0" />
<Block type="RectMedium" material="ice" x="4.8" y="0.0" rotation="0" />
<Block type="RectMedium" material="ice" x="4.8" y="0.2" rotation="0" />
<Block type="RectSmall" material="stone" x="4.7" y="-2.8" rotation="90" />
<Block type="RectSmall" material="stone" x="4.4" y="0.5" rotation="90" />
<Block type="RectSmall" material="ice" x="4.6" y="-1.7" rotation="0" />
<Block type="RectSmall" material="stone" x="5.9" y="-0.5" rotation="0" />
<Block type="SquareSmall" material="stone" x="5.2" y="-2.1" rotation="0" />
<Block type="SquareSmall" material="stone" x="4.8" y="-1.9" rotation="0" />
<Block type="SquareSmall" material="ice" x="4.4" y="-0.7" rotation="0" />
<Block type="SquareSmall" material="wood" x="3.9" y="-0.6" rotation="0" />
<Block type="SquareSmall" material="wood" x="4.3" y="-0.1" rotation="0" />
<Block type="RectTiny" material="wood" x="5.4" y="-2.5" rotation="90" />
<Block type="RectTiny" material="wood" x="5.4" y="-2.3" rotation="90" />
<Block type="RectTiny" material="ice" x="4.4" y="-1.8" rotation="90" />
<Block type="RectTiny" material="ice" x="4.7" y="-1.8" rotation="90" />
<Block type="RectTiny" material="wood" x="4.8" y="-0.3" rotation="90" />
<Block type="RectTiny" material="wood" x="4.8" y="-0.2" rotation="90" />
<Block type="RectTiny" material="wood" x="4.8" y="0.1" rotation="90" />
<Block type="RectTiny" material="ice" x="4.9" y="-2.8" rotation="0" />
<Block type="RectTiny" material="wood" x="5.7" y="-2.3" rotation="0" />
<Block type="SquareTiny" material="ice" x="5.0" y="-2.8" rotation="0" />
<Block type="SquareTiny" material="stone" x="4.2" y="-0.4" rotation="0" />
<Block type="SquareTiny" material="stone" x="4.2" y="0.1" rotation="0" />
<Block type="SquareTiny" material="stone" x="4.3" y="0.2" rotation="0" />
<Block type="SquareTiny" material="stone" x="4.4" y="0.2" rotation="0" />
<Block type="SquareTiny" material="stone" x="4.4" y="0.3" rotation="0" />
<Block type="SquareTiny" material="stone" x="4.7" y="0.3" rotation="0" />
<Block type="TriangleHole" material="wood" x="4.0" y="-0.5" rotation="0" />
<Block type="TriangleHole" material="wood" x="4.2" y="-0.5" rotation="0" />
<Block type="TriangleHole" material="wood" x="4.2" y="-0.3" rotation="0" />
<Block type="TriangleHole" material="ice" x="4.8" y="0.3" rotation="0" />
<Block type="TriangleHole" material="wood" x="4.7" y="-0.6" rotation="90" />
<Block type="TriangleHole" material="stone" x="6.4" y="-1.9" rotation="90" />
<Block type="TriangleHole" material="ice" x="4.7" y="-1.7" rotation="90" />
<Block type="Triangle" material="wood" x="1.9" y="-3.3" rotation="0" />
<Block type="Triangle" material="wood" x="4.2" y="-2.7" rotation="0" />
<Block type="Triangle" material="wood" x="5.1" y="-2.1" rotation="0" />
<Block type="Triangle" material="wood" x="5.1" y="-2.0" rotation="0" />
<Block type="Triangle" material="wood" x="4.7" y="-1.9" rotation="0" />
<Block type="Triangle" material="ice" x="4.1" y="-0.4" rotation="0" />
<Block type="Triangle" material="ice" x="4.6" y="0.3" rotation="0" />
<Block type="Circle" material="wood" x="4.5" y="-2.8" rotation="0" />
<Block type="Circle" material="wood" x="4.2" y="-0.7" rotation="0" />
<Block type="Circle" material="wood" x="4.3" y="-0.7" rotation="0" />
<Block type="Circle" material="wood" x="4.5" y="0.5" rotation="0" />
<Block type="CircleSmall" material="stone" x="6.4" y="-1.0" rotation="0" />
<Block type="CircleSmall" material="stone" x="3.8" y="-0.6" rotation="0" />
<Block type="CircleSmall" material="stone" x="4.5" y="0.3" rotation="0" />
</GameObjects>
</Level>
