<?xml version="1.0" encoding="utf-16"?>
<Level width ="2">
<Camera x="0" y="2" minWidth="20" maxWidth="30">
<Birds>
<Bird type="BirdBlue"/>
<Bird type="BirdRed"/>
<Bird type="BirdYellow"/>
<Bird type="BirdBlue"/>
<Bird type="BirdBlue"/>
<Bird type="BirdBlue"/>
<Bird type="BirdRed"/>
</Birds>
<Slingshot x="-8" y="-2.5">
<GameObjects>
<Platform type="Platform" material="" x="-0.5" y="-3.4" rotation="0" />
<Platform type="Platform" material="" x="0.0" y="-3.3" rotation="0" />
<Platform type="Platform" material="" x="6.1" y="-3.3" rotation="0" />
<Platform type="Platform" material="" x="5.8" y="-3.2" rotation="0" />
<Platform type="Platform" material="" x="0.5" y="-3.25" rotation="0" />
<Platform type="Platform" material="" x="5.5" y="-3.25" rotation="0" />
<Pig type="BasicSmall" material="" x="6.2" y="-2.3" rotation="0" />
<Pig type="BasicSmall" material="" x="0.1" y="-2.2" rotation="0" />
<Pig type="BasicSmall" material="" x="6.0" y="-2.2" rotation="0" />
<Pig type="BasicSmall" material="" x="3.9" y="0.5" rotation="0" />
<Pig type="BasicSmall" material="" x="2.4" y="0.6" rotation="0" />
<Block type="SquareHole" material="stone" x="0.85" y="-1.85" rotation="0" />
<Block type="SquareHole" material="stone" x="5.55" y="-1.75" rotation="0" />
<Block type="SquareHole" material="stone" x="2.45" y="-1.65" rotation="0" />
<Block type="SquareHole" material="stone" x="3.25" y="-1.65" rotation="0" />
<Block type="SquareHole" material="ice" x="4.05" y="-1.65" rotation="0" />
<Block type="SquareHole" material="ice" x="5.05" y="-1.65" rotation="0" />
<Block type="SquareHole" material="ice" x="2.15" y="-1.55" rotation="0" />
<Block type="SquareHole" material="ice" x="1.95" y="-1.45" rotation="0" />
<Block type="SquareHole" material="ice" x="2.95" y="-0.85" rotation="0" />
<Block type="SquareHole" material="ice" x="3.75" y="-0.85" rotation="0" />
<Block type="RectBig" material="ice" x="2.05" y="-2.35" rotation="90" />
<Block type="RectBig" material="stone" x="2.85" y="-3.35" rotation="0" />
<Block type="RectBig" material="stone" x="1.75" y="-3.25" rotation="0" />
<Block type="RectBig" material="stone" x="3.75" y="-3.15" rotation="0" />
<Block type="RectBig" material="stone" x="0.35" y="-3.05" rotation="0" />
<Block type="RectBig" material="wood" x="2.35" y="-3.05" rotation="0" />
<Block type="RectBig" material="stone" x="5.75" y="-3.05" rotation="0" />
<Block type="RectBig" material="stone" x="4.35" y="-2.95" rotation="0" />
<Block type="RectBig" material="stone" x="0.65" y="-2.85" rotation="0" />
<Block type="RectBig" material="stone" x="2.75" y="-2.85" rotation="0" />
<Block type="RectBig" material="stone" x="6.35" y="-2.85" rotation="0" />
<Block type="RectBig" material="stone" x="5.55" y="-2.75" rotation="0" />
<Block type="RectBig" material="stone" x="0.65" y="-2.65" rotation="0" />
<Block type="RectBig" material="stone" x="4.15" y="-2.65" rotation="0" />
<Block type="RectBig" material="stone" x="6.15" y="-2.55" rotation="0" />
<Block type="RectBig" material="ice" x="5.55" y="-1.15" rotation="0" />
<Block type="RectFat" material="stone" x="2.75" y="-0.65" rotation="0" />
<Block type="RectFat" material="stone" x="2.65" y="-0.55" rotation="0" />
<Block type="RectFat" material="stone" x="2.25" y="-0.45" rotation="0" />
<Block type="RectFat" material="stone" x="3.45" y="-0.25" rotation="0" />
<Block type="RectFat" material="wood" x="3.05" y="-0.15" rotation="0" />
<Block type="RectFat" material="wood" x="2.45" y="-0.05" rotation="0" />
<Block type="RectMedium" material="stone" x="3.05" y="-2.65" rotation="0" />
<Block type="RectMedium" material="ice" x="1.25" y="-2.45" rotation="0" />
<Block type="RectMedium" material="ice" x="3.75" y="-2.45" rotation="0" />
<Block type="RectMedium" material="stone" x="2.95" y="-2.35" rotation="0" />
<Block type="RectMedium" material="ice" x="1.65" y="-2.25" rotation="0" />
<Block type="RectMedium" material="wood" x="3.75" y="-2.15" rotation="0" />
<Block type="RectSmall" material="wood" x="3.85" y="-3.15" rotation="90" />
<Block type="RectSmall" material="stone" x="1.95" y="-0.65" rotation="90" />
<Block type="RectSmall" material="ice" x="2.25" y="-0.65" rotation="90" />
<Block type="RectSmall" material="ice" x="4.55" y="-0.85" rotation="0" />
<Block type="SquareSmall" material="wood" x="1.65" y="-3.25" rotation="0" />
<Block type="RectTiny" material="stone" x="5.35" y="-3.25" rotation="90" />
<Block type="RectTiny" material="ice" x="6.55" y="-3.25" rotation="90" />
<Block type="RectTiny" material="ice" x="4.35" y="-3.15" rotation="90" />
<Block type="RectTiny" material="wood" x="2.85" y="-2.35" rotation="90" />
<Block type="RectTiny" material="wood" x="4.85" y="-2.25" rotation="90" />
<Block type="RectTiny" material="wood" x="4.35" y="-2.15" rotation="90" />
<Block type="RectTiny" material="wood" x="4.55" y="-2.15" rotation="90" />
<Block type="RectTiny" material="wood" x="2.75" y="-2.05" rotation="90" />
<Block type="RectTiny" material="ice" x="4.45" y="-3.35" rotation="0" />
<Block type="RectTiny" material="stone" x="0.55" y="-2.45" rotation="0" />
<Block type="RectTiny" material="stone" x="4.85" y="-2.45" rotation="0" />
<Block type="RectTiny" material="wood" x="5.25" y="-2.45" rotation="0" />
<Block type="RectTiny" material="wood" x="5.25" y="-2.25" rotation="0" />
<Block type="RectTiny" material="wood" x="4.05" y="-0.35" rotation="0" />
<Block type="RectTiny" material="wood" x="4.05" y="-0.15" rotation="0" />
<Block type="SquareTiny" material="stone" x="0.45" y="-3.45" rotation="0" />
<Block type="SquareTiny" material="ice" x="5.65" y="-3.45" rotation="0" />
<Block type="SquareTiny" material="ice" x="5.85" y="-3.45" rotation="0" />
<Block type="SquareTiny" material="wood" x="6.45" y="-3.15" rotation="0" />
<Block type="SquareTiny" material="stone" x="4.65" y="-2.35" rotation="0" />
<Block type="SquareTiny" material="stone" x="4.75" y="-2.15" rotation="0" />
<Block type="SquareTiny" material="ice" x="2.05" y="-0.15" rotation="0" />
<Block type="CircleSmall" material="wood" x="4.85" y="-0.55" rotation="0" />
<Block type="CircleSmall" material="wood" x="2.25" y="0.35" rotation="0" />
<Block type="CircleSmall" material="wood" x="2.65" y="0.45" rotation="0" />
<Block type="CircleSmall" material="ice" x="2.85" y="0.35" rotation="0" />
<Block type="CircleSmall" material="ice" x="3.35" y="0.35" rotation="0" />
</GameObjects>
</Level>
