<?xml version="1.0" encoding="utf-16"?>
<Level width ="2">
<Camera x="0" y="2" minWidth="20" maxWidth="30">
<Birds>
<Bird type="BirdBlue"/>
<Bird type="BirdRed"/>
<Bird type="BirdYellow"/>
<Bird type="BirdBlue"/>
<Bird type="BirdBlue"/>
<Bird type="BirdBlue"/>
<Bird type="BirdRed"/>
</Birds>
<Slingshot x="-8" y="-2.5">
<GameObjects>
<Platform type="Platform" material="" x="0.6" y="-3.4" rotation="0" />
<Platform type="Platform" material="" x="1.1" y="-3.4" rotation="0" />
<Platform type="Platform" material="" x="1.6" y="-3.4" rotation="0" />
<Platform type="Platform" material="" x="2.1" y="-3.4" rotation="0" />
<Platform type="Platform" material="" x="2.6" y="-3.4" rotation="0" />
<Platform type="Platform" material="" x="3.1" y="-3.4" rotation="0" />
<Platform type="Platform" material="" x="3.6" y="-3.4" rotation="0" />
<Platform type="Platform" material="" x="4.1" y="-3.4" rotation="0" />
<Platform type="Platform" material="" x="4.6" y="-3.4" rotation="0" />
<Platform type="Platform" material="" x="5.1" y="-3.4" rotation="0" />
<Platform type="Platform" material="" x="5.6" y="-3.45" rotation="0" />
<Pig type="BasicSmall" material="" x="4.9" y="-2.9" rotation="0" />
<Pig type="BasicSmall" material="" x="3.6" y="0.6" rotation="0" />
<Block type="SquareHole" material="stone" x="2.95" y="-1.85" rotation="0" />
<Block type="SquareHole" material="stone" x="2.85" y="-1.05" rotation="0" />
<Block type="SquareHole" material="stone" x="2.55" y="-0.45" rotation="0" />
<Block type="RectBig" material="wood" x="3.95" y="-1.85" rotation="90" />
<Block type="RectBig" material="stone" x="0.85" y="-1.75" rotation="90" />
<Block type="RectBig" material="stone" x="0.55" y="-1.65" rotation="90" />
<Block type="RectBig" material="stone" x="0.75" y="-1.65" rotation="90" />
<Block type="RectBig" material="ice" x="4.45" y="-1.05" rotation="0" />
<Block type="RectBig" material="ice" x="4.35" y="-0.95" rotation="0" />
<Block type="RectFat" material="wood" x="4.05" y="-2.75" rotation="90" />
<Block type="RectFat" material="ice" x="1.35" y="-2.15" rotation="90" />
<Block type="RectFat" material="stone" x="2.55" y="-1.45" rotation="90" />
<Block type="RectFat" material="ice" x="5.55" y="-2.05" rotation="0" />
<Block type="RectFat" material="ice" x="5.05" y="-1.65" rotation="0" />
<Block type="RectFat" material="ice" x="2.25" y="-0.75" rotation="0" />
<Block type="RectFat" material="ice" x="2.15" y="-0.65" rotation="0" />
<Block type="RectFat" material="ice" x="3.75" y="-0.65" rotation="0" />
<Block type="RectFat" material="ice" x="4.55" y="-0.65" rotation="0" />
<Block type="RectFat" material="ice" x="2.05" y="-0.55" rotation="0" />
<Block type="RectFat" material="ice" x="3.65" y="-0.55" rotation="0" />
<Block type="RectFat" material="ice" x="0.85" y="-0.45" rotation="0" />
<Block type="RectFat" material="ice" x="3.35" y="-0.45" rotation="0" />
<Block type="RectFat" material="ice" x="0.65" y="-0.35" rotation="0" />
<Block type="RectFat" material="ice" x="1.65" y="-0.25" rotation="0" />
<Block type="RectSmall" material="wood" x="0.55" y="-2.75" rotation="90" />
<Block type="RectSmall" material="wood" x="0.75" y="-2.75" rotation="90" />
<Block type="RectSmall" material="wood" x="0.95" y="-2.75" rotation="90" />
<Block type="RectSmall" material="wood" x="4.55" y="-2.65" rotation="90" />
<Block type="RectSmall" material="wood" x="3.75" y="-2.85" rotation="0" />
<Block type="RectSmall" material="wood" x="3.75" y="-2.35" rotation="0" />
<Block type="RectSmall" material="wood" x="0.65" y="-1.15" rotation="0" />
<Block type="RectSmall" material="wood" x="1.65" y="-0.85" rotation="0" />
<Block type="RectSmall" material="wood" x="1.35" y="-0.75" rotation="0" />
<Block type="SquareSmall" material="wood" x="1.65" y="-2.95" rotation="0" />
<Block type="SquareSmall" material="wood" x="2.05" y="-2.95" rotation="0" />
<Block type="SquareSmall" material="wood" x="2.45" y="-2.95" rotation="0" />
<Block type="SquareSmall" material="wood" x="3.25" y="-2.95" rotation="0" />
<Block type="SquareSmall" material="wood" x="4.65" y="-2.95" rotation="0" />
<Block type="SquareSmall" material="wood" x="1.55" y="-2.85" rotation="0" />
<Block type="SquareSmall" material="stone" x="2.85" y="-2.75" rotation="0" />
<Block type="SquareSmall" material="ice" x="1.35" y="-2.55" rotation="0" />
<Block type="SquareSmall" material="ice" x="1.95" y="-2.55" rotation="0" />
<Block type="SquareSmall" material="ice" x="2.35" y="-2.55" rotation="0" />
<Block type="SquareSmall" material="stone" x="2.75" y="-2.55" rotation="0" />
<Block type="SquareSmall" material="stone" x="3.25" y="-2.55" rotation="0" />
<Block type="SquareSmall" material="ice" x="1.85" y="-2.45" rotation="0" />
<Block type="SquareSmall" material="stone" x="4.55" y="-2.35" rotation="0" />
<Block type="SquareSmall" material="stone" x="2.25" y="-2.15" rotation="0" />
<Block type="SquareSmall" material="stone" x="2.65" y="-2.15" rotation="0" />
<Block type="SquareSmall" material="stone" x="3.25" y="-2.15" rotation="0" />
<Block type="SquareSmall" material="stone" x="4.45" y="-2.15" rotation="0" />
<Block type="SquareSmall" material="stone" x="1.95" y="-2.05" rotation="0" />
<Block type="SquareSmall" material="stone" x="2.35" y="-1.75" rotation="0" />
<Block type="SquareSmall" material="stone" x="4.25" y="-1.75" rotation="0" />
<Block type="SquareSmall" material="stone" x="1.95" y="-1.65" rotation="0" />
<Block type="SquareSmall" material="wood" x="1.35" y="-1.55" rotation="0" />
<Block type="SquareSmall" material="stone" x="3.55" y="-1.45" rotation="0" />
<Block type="SquareSmall" material="stone" x="4.25" y="-1.35" rotation="0" />
<Block type="SquareSmall" material="stone" x="1.85" y="-1.25" rotation="0" />
<Block type="SquareSmall" material="stone" x="2.25" y="-1.25" rotation="0" />
<Block type="SquareSmall" material="stone" x="3.45" y="-1.25" rotation="0" />
<Block type="RectTiny" material="stone" x="1.35" y="-2.95" rotation="90" />
<Block type="RectTiny" material="stone" x="4.35" y="-2.95" rotation="90" />
<Block type="RectTiny" material="ice" x="4.55" y="-1.75" rotation="90" />
<Block type="RectTiny" material="ice" x="3.85" y="-1.45" rotation="90" />
<Block type="RectTiny" material="ice" x="4.55" y="-1.35" rotation="90" />
<Block type="RectTiny" material="ice" x="4.95" y="-1.25" rotation="90" />
<Block type="RectTiny" material="ice" x="3.85" y="-1.05" rotation="90" />
<Block type="RectTiny" material="ice" x="2.85" y="-3.05" rotation="0" />
<Block type="RectTiny" material="ice" x="3.65" y="-3.05" rotation="0" />
<Block type="RectTiny" material="stone" x="1.25" y="-2.35" rotation="0" />
<Block type="RectTiny" material="wood" x="3.85" y="-2.15" rotation="0" />
<Block type="RectTiny" material="wood" x="4.25" y="-2.15" rotation="0" />
<Block type="RectTiny" material="wood" x="3.85" y="-1.95" rotation="0" />
<Block type="RectTiny" material="wood" x="4.25" y="-1.95" rotation="0" />
<Block type="RectTiny" material="wood" x="3.85" y="-1.75" rotation="0" />
<Block type="RectTiny" material="ice" x="1.75" y="-1.45" rotation="0" />
<Block type="RectTiny" material="ice" x="1.25" y="-1.35" rotation="0" />
<Block type="RectTiny" material="ice" x="5.25" y="-1.35" rotation="0" />
<Block type="RectTiny" material="ice" x="1.65" y="-1.25" rotation="0" />
<Block type="RectTiny" material="ice" x="1.25" y="-1.15" rotation="0" />
<Block type="RectTiny" material="ice" x="5.25" y="-1.15" rotation="0" />
<Block type="RectTiny" material="ice" x="1.65" y="-1.05" rotation="0" />
<Block type="RectTiny" material="ice" x="2.55" y="-0.95" rotation="0" />
<Block type="SquareTiny" material="ice" x="4.35" y="-2.65" rotation="0" />
<Block type="SquareTiny" material="ice" x="4.35" y="-2.45" rotation="0" />
<Block type="SquareTiny" material="ice" x="2.15" y="-0.95" rotation="0" />
<Block type="SquareTiny" material="ice" x="3.35" y="-0.85" rotation="0" />
<Block type="TriangleHole" material="ice" x="4.55" y="-0.05" rotation="0" />
<Block type="TriangleHole" material="ice" x="3.65" y="0.45" rotation="0" />
<Block type="CircleSmall" material="wood" x="4.25" y="-0.25" rotation="0" />
<Block type="CircleSmall" material="wood" x="1.25" y="-0.05" rotation="0" />
<Block type="CircleSmall" material="wood" x="0.55" y="0.05" rotation="0" />
<Block type="CircleSmall" material="wood" x="0.95" y="0.05" rotation="0" />
</GameObjects>
</Level>
