<?xml version="1.0" encoding="utf-16"?>
<Level width ="2">
<Camera x="0" y="2" minWidth="20" maxWidth="30">
<Birds>
<Bird type="BirdBlue"/>
<Bird type="BirdRed"/>
<Bird type="BirdYellow"/>
<Bird type="BirdBlue"/>
<Bird type="BirdBlue"/>
<Bird type="BirdBlue"/>
<Bird type="BirdRed"/>
</Birds>
<Slingshot x="-8" y="-2.5">
<GameObjects>
<Pig type="BasicSmall" material="" x="0.0" y="-3.4" rotation="0" />
<Pig type="BasicSmall" material="" x="0.5" y="-3.4" rotation="0" />
<Pig type="BasicSmall" material="" x="2.2" y="-3.3" rotation="0" />
<Pig type="BasicSmall" material="" x="3.2" y="0.2" rotation="0" />
<Pig type="BasicSmall" material="" x="3.0" y="0.3" rotation="0" />
<Pig type="BasicSmall" material="" x="2.9" y="0.4" rotation="0" />
<Block type="SquareHole" material="ice" x="3.35" y="-3.15" rotation="0" />
<Block type="SquareHole" material="ice" x="3.05" y="-1.35" rotation="0" />
<Block type="RectBig" material="wood" x="2.75" y="-2.45" rotation="90" />
<Block type="RectBig" material="wood" x="2.55" y="-2.35" rotation="90" />
<Block type="RectBig" material="wood" x="2.95" y="-2.35" rotation="90" />
<Block type="RectBig" material="wood" x="2.45" y="-2.05" rotation="90" />
<Block type="RectBig" material="wood" x="3.15" y="-1.75" rotation="90" />
<Block type="RectBig" material="wood" x="3.35" y="-1.65" rotation="90" />
<Block type="RectBig" material="wood" x="2.65" y="-0.15" rotation="90" />
<Block type="RectSmall" material="stone" x="2.85" y="-0.55" rotation="90" />
<Block type="RectSmall" material="stone" x="3.05" y="-0.55" rotation="90" />
<Block type="RectSmall" material="wood" x="2.55" y="-0.35" rotation="90" />
<Block type="RectSmall" material="ice" x="3.25" y="-0.35" rotation="90" />
<Block type="RectSmall" material="ice" x="2.95" y="0.25" rotation="90" />
<Block type="RectTiny" material="stone" x="2.75" y="-3.35" rotation="90" />
<Block type="RectTiny" material="stone" x="2.95" y="-3.25" rotation="90" />
<Block type="SquareTiny" material="stone" x="2.65" y="-3.45" rotation="0" />
<Block type="SquareTiny" material="stone" x="2.95" y="-3.45" rotation="0" />
</GameObjects>
</Level>
