<?xml version="1.0" encoding="utf-16"?>
<Level width ="2">
<Camera x="0" y="2" minWidth="20" maxWidth="30">
<Birds>
<Bird type="BirdBlue"/>
<Bird type="BirdRed"/>
<Bird type="BirdYellow"/>
<Bird type="BirdBlue"/>
<Bird type="BirdBlue"/>
<Bird type="BirdBlue"/>
<Bird type="BirdRed"/>
</Birds>
<Slingshot x="-8" y="-2.5">
<GameObjects>
<Pig type="BasicSmall" material="" x="3.1" y="0.4" rotation="0" />
<Block type="SquareHole" material="ice" x="2.95" y="-0.55" rotation="0" />
<Block type="RectBig" material="wood" x="2.55" y="-2.45" rotation="90" />
<Block type="RectBig" material="wood" x="2.45" y="-1.25" rotation="90" />
<Block type="RectBig" material="wood" x="2.75" y="-1.25" rotation="90" />
<Block type="RectBig" material="wood" x="3.25" y="-1.15" rotation="90" />
<Block type="RectBig" material="wood" x="3.15" y="-0.85" rotation="90" />
<Block type="RectBig" material="wood" x="2.65" y="-0.45" rotation="90" />
<Block type="RectFat" material="wood" x="3.15" y="-3.15" rotation="90" />
<Block type="RectFat" material="wood" x="2.55" y="-3.05" rotation="90" />
<Block type="RectFat" material="wood" x="2.95" y="-3.05" rotation="90" />
<Block type="RectFat" material="wood" x="3.55" y="-3.05" rotation="90" />
<Block type="RectFat" material="wood" x="3.35" y="-2.35" rotation="90" />
<Block type="RectFat" material="wood" x="2.55" y="-2.25" rotation="90" />
<Block type="RectFat" material="wood" x="2.95" y="-2.25" rotation="90" />
<Block type="RectFat" material="ice" x="3.25" y="-1.65" rotation="0" />
<Block type="RectTiny" material="ice" x="2.55" y="-3.45" rotation="0" />
<Block type="CircleSmall" material="ice" x="3.15" y="0.05" rotation="0" />
</GameObjects>
</Level>
