<?xml version="1.0" encoding="utf-16"?>
<Level width ="2">
<Camera x="0" y="2" minWidth="20" maxWidth="30">
<Birds>
<Bird type="BirdBlue"/>
<Bird type="BirdRed"/>
<Bird type="BirdYellow"/>
<Bird type="BirdBlue"/>
<Bird type="BirdBlue"/>
<Bird type="BirdBlue"/>
<Bird type="BirdRed"/>
</Birds>
<Slingshot x="-8" y="-2.5">
<GameObjects>
<Platform type="Platform" material="" x="3.0" y="-3.1" rotation="0" />
<Platform type="Platform" material="" x="2.4" y="-3.15" rotation="0" />
<Platform type="Platform" material="" x="3.4" y="-3.35" rotation="0" />
<Pig type="BasicSmall" material="" x="5.1" y="-3.3" rotation="0" />
<Pig type="BasicSmall" material="" x="2.9" y="0.3" rotation="0" />
<Pig type="BasicSmall" material="" x="2.6" y="0.5" rotation="0" />
<Block type="RectBig" material="wood" x="1.95" y="-2.45" rotation="90" />
<Block type="RectBig" material="wood" x="3.85" y="-2.15" rotation="90" />
<Block type="RectBig" material="ice" x="2.35" y="-0.95" rotation="90" />
<Block type="RectBig" material="wood" x="1.95" y="-0.45" rotation="90" />
<Block type="RectBig" material="wood" x="2.15" y="-0.35" rotation="90" />
<Block type="RectBig" material="stone" x="2.95" y="-3.45" rotation="0" />
<Block type="RectBig" material="stone" x="3.45" y="-0.95" rotation="0" />
<Block type="RectFat" material="wood" x="3.65" y="-1.85" rotation="90" />
<Block type="RectFat" material="ice" x="3.45" y="-1.05" rotation="90" />
<Block type="RectMedium" material="ice" x="2.85" y="-1.55" rotation="90" />
<Block type="RectMedium" material="ice" x="3.05" y="-1.45" rotation="90" />
<Block type="RectMedium" material="stone" x="2.55" y="-1.35" rotation="90" />
<Block type="RectSmall" material="wood" x="2.15" y="-2.75" rotation="90" />
<Block type="RectSmall" material="wood" x="3.45" y="-2.75" rotation="90" />
<Block type="RectSmall" material="wood" x="3.35" y="-2.65" rotation="90" />
<Block type="RectSmall" material="wood" x="2.35" y="-2.55" rotation="90" />
<Block type="RectSmall" material="wood" x="2.55" y="-2.55" rotation="90" />
<Block type="RectSmall" material="wood" x="2.95" y="-2.45" rotation="90" />
<Block type="RectSmall" material="wood" x="3.25" y="-2.45" rotation="90" />
<Block type="RectSmall" material="wood" x="3.75" y="-2.45" rotation="90" />
<Block type="RectSmall" material="wood" x="2.85" y="-2.35" rotation="90" />
<Block type="RectSmall" material="ice" x="3.45" y="-1.35" rotation="90" />
<Block type="RectSmall" material="ice" x="3.25" y="-0.25" rotation="90" />
<Block type="RectTiny" material="stone" x="3.75" y="-2.85" rotation="90" />
<Block type="RectTiny" material="ice" x="2.85" y="-2.65" rotation="90" />
<Block type="RectTiny" material="wood" x="3.45" y="-1.75" rotation="90" />
<Block type="RectTiny" material="stone" x="2.15" y="-1.25" rotation="90" />
<Block type="RectTiny" material="stone" x="3.25" y="-0.95" rotation="90" />
<Block type="RectTiny" material="stone" x="3.25" y="-0.55" rotation="90" />
<Block type="SquareTiny" material="stone" x="3.35" y="-1.85" rotation="0" />
<Block type="SquareTiny" material="stone" x="3.35" y="-1.65" rotation="0" />
<Block type="SquareTiny" material="stone" x="3.35" y="-1.45" rotation="0" />
<Block type="SquareTiny" material="stone" x="3.75" y="-1.35" rotation="0" />
</GameObjects>
</Level>
