<?xml version="1.0" encoding="utf-16"?>
<Level width ="2">
<Camera x="0" y="2" minWidth="20" maxWidth="30">
<Birds>
<Bird type="BirdBlue"/>
<Bird type="BirdRed"/>
<Bird type="BirdYellow"/>
<Bird type="BirdBlue"/>
<Bird type="BirdBlue"/>
<Bird type="BirdBlue"/>
<Bird type="BirdRed"/>
</Birds>
<Slingshot x="-8" y="-2.5">
<GameObjects>
<Platform type="Platform" material="" x="2.6" y="-3.4" rotation="0" />
<Platform type="Platform" material="" x="3.4" y="-3.4" rotation="0" />
<Platform type="Platform" material="" x="3.1" y="-3.3" rotation="0" />
<Platform type="Platform" material="" x="3.9" y="-3.3" rotation="0" />
<Platform type="Platform" material="" x="2.2" y="-3.1" rotation="0" />
<Platform type="Platform" material="" x="2.5" y="-3.45" rotation="0" />
<Pig type="BasicSmall" material="" x="2.8" y="-2.9" rotation="0" />
<Pig type="BasicSmall" material="" x="2.7" y="-2.8" rotation="0" />
<Pig type="BasicSmall" material="" x="3.7" y="-2.8" rotation="0" />
<Pig type="BasicSmall" material="" x="2.4" y="-2.6" rotation="0" />
<Pig type="BasicSmall" material="" x="3.0" y="-0.7" rotation="0" />
<Block type="RectFat" material="wood" x="4.15" y="-2.05" rotation="90" />
<Block type="RectFat" material="wood" x="3.85" y="-1.85" rotation="90" />
<Block type="RectFat" material="stone" x="1.95" y="-3.15" rotation="0" />
<Block type="RectFat" material="wood" x="4.55" y="-3.15" rotation="0" />
<Block type="RectSmall" material="ice" x="4.05" y="-2.65" rotation="90" />
<Block type="RectSmall" material="wood" x="2.05" y="-2.45" rotation="90" />
<Block type="RectSmall" material="wood" x="1.95" y="-2.35" rotation="90" />
<Block type="RectTiny" material="stone" x="2.65" y="-2.15" rotation="0" />
<Block type="SquareTiny" material="ice" x="3.35" y="-2.95" rotation="0" />
<Block type="SquareTiny" material="ice" x="3.45" y="-2.75" rotation="0" />
</GameObjects>
</Level>
