<?xml version="1.0" encoding="utf-16"?>
<Level width ="2">
<Camera x="0" y="2" minWidth="20" maxWidth="30">
<Birds>
<Bird type="BirdBlue"/>
<Bird type="BirdRed"/>
<Bird type="BirdYellow"/>
<Bird type="BirdBlue"/>
<Bird type="BirdBlue"/>
<Bird type="BirdBlue"/>
<Bird type="BirdRed"/>
</Birds>
<Slingshot x="-8" y="-2.5">
<GameObjects>
<Pig type="BasicSmall" material="" x="3.7" y="0.5" rotation="0" />
<Pig type="BasicSmall" material="" x="2.7" y="0.6" rotation="0" />
<Pig type="BasicSmall" material="" x="3.2" y="0.7" rotation="0" />
<Block type="RectBig" material="wood" x="2.85" y="-1.95" rotation="90" />
<Block type="RectBig" material="stone" x="3.75" y="-1.55" rotation="90" />
<Block type="RectBig" material="stone" x="3.95" y="-1.55" rotation="90" />
<Block type="RectBig" material="stone" x="3.05" y="-1.45" rotation="90" />
<Block type="RectBig" material="stone" x="2.35" y="-1.35" rotation="90" />
<Block type="RectBig" material="stone" x="1.95" y="-1.05" rotation="90" />
<Block type="RectBig" material="stone" x="2.55" y="-0.95" rotation="90" />
<Block type="RectBig" material="stone" x="1.85" y="-0.85" rotation="90" />
<Block type="RectBig" material="stone" x="2.15" y="-0.85" rotation="90" />
<Block type="RectBig" material="stone" x="2.85" y="0.05" rotation="90" />
<Block type="RectBig" material="wood" x="2.75" y="-3.45" rotation="0" />
<Block type="RectBig" material="stone" x="4.15" y="-1.05" rotation="0" />
<Block type="RectBig" material="stone" x="4.15" y="-0.85" rotation="0" />
<Block type="RectBig" material="wood" x="3.25" y="-0.15" rotation="0" />
<Block type="RectBig" material="stone" x="4.35" y="0.05" rotation="0" />
<Block type="RectMedium" material="ice" x="3.55" y="-1.55" rotation="90" />
<Block type="RectMedium" material="ice" x="3.45" y="-1.15" rotation="90" />
<Block type="RectSmall" material="stone" x="3.85" y="-3.05" rotation="90" />
<Block type="RectSmall" material="stone" x="1.95" y="-2.95" rotation="90" />
<Block type="RectSmall" material="stone" x="2.25" y="-2.95" rotation="90" />
<Block type="RectSmall" material="stone" x="2.45" y="-2.95" rotation="90" />
<Block type="RectSmall" material="stone" x="2.85" y="-2.95" rotation="90" />
<Block type="RectSmall" material="ice" x="3.05" y="-2.95" rotation="90" />
<Block type="RectSmall" material="stone" x="3.35" y="-2.95" rotation="90" />
<Block type="RectSmall" material="stone" x="3.75" y="-2.95" rotation="90" />
<Block type="RectSmall" material="wood" x="1.85" y="-2.85" rotation="90" />
<Block type="RectSmall" material="wood" x="2.15" y="-2.85" rotation="90" />
<Block type="RectSmall" material="wood" x="3.55" y="-2.85" rotation="90" />
<Block type="RectSmall" material="wood" x="4.05" y="-2.75" rotation="90" />
<Block type="RectSmall" material="wood" x="2.05" y="-2.15" rotation="90" />
<Block type="RectSmall" material="wood" x="2.35" y="-2.15" rotation="90" />
<Block type="RectSmall" material="wood" x="2.55" y="-2.15" rotation="90" />
<Block type="RectSmall" material="wood" x="3.35" y="-2.15" rotation="90" />
<Block type="RectSmall" material="wood" x="1.85" y="-2.05" rotation="90" />
<Block type="RectSmall" material="ice" x="3.35" y="-0.35" rotation="90" />
<Block type="RectSmall" material="ice" x="3.75" y="-0.15" rotation="90" />
<Block type="RectSmall" material="stone" x="3.05" y="-0.25" rotation="0" />
<Block type="RectSmall" material="ice" x="2.65" y="0.05" rotation="0" />
<Block type="RectSmall" material="ice" x="3.45" y="0.15" rotation="0" />
<Block type="RectTiny" material="ice" x="3.95" y="-3.35" rotation="90" />
<Block type="RectTiny" material="wood" x="2.45" y="-0.15" rotation="90" />
<Block type="RectTiny" material="stone" x="3.05" y="0.35" rotation="90" />
<Block type="SquareTiny" material="stone" x="1.75" y="-1.65" rotation="0" />
<Block type="SquareTiny" material="stone" x="3.35" y="-1.65" rotation="0" />
<Block type="SquareTiny" material="stone" x="1.75" y="-1.35" rotation="0" />
<Block type="SquareTiny" material="stone" x="3.35" y="-1.25" rotation="0" />
<Block type="SquareTiny" material="ice" x="2.45" y="0.25" rotation="0" />
</GameObjects>
</Level>
