<?xml version="1.0" encoding="utf-16"?>
<Level width ="2">
<Camera x="0" y="2" minWidth="20" maxWidth="30">
<Birds>
<Bird type="BirdBlue"/>
<Bird type="BirdRed"/>
<Bird type="BirdYellow"/>
<Bird type="BirdBlue"/>
<Bird type="BirdBlue"/>
<Bird type="BirdBlue"/>
<Bird type="BirdRed"/>
</Birds>
<Slingshot x="-8" y="-2.5">
<GameObjects>
<Platform type="Platform" material="" x="-0.8" y="-3.4" rotation="0" />
<Platform type="Platform" material="" x="-0.3" y="-3.4" rotation="0" />
<Platform type="Platform" material="" x="0.2" y="-3.4" rotation="0" />
<Platform type="Platform" material="" x="0.7" y="-3.4" rotation="0" />
<Platform type="Platform" material="" x="1.2" y="-3.4" rotation="0" />
<Platform type="Platform" material="" x="1.7" y="-3.4" rotation="0" />
<Platform type="Platform" material="" x="2.2" y="-3.4" rotation="0" />
<Platform type="Platform" material="" x="2.7" y="-3.4" rotation="0" />
<Platform type="Platform" material="" x="3.2" y="-3.4" rotation="0" />
<Platform type="Platform" material="" x="3.7" y="-3.4" rotation="0" />
<Platform type="Platform" material="" x="4.2" y="-3.4" rotation="0" />
<Platform type="Platform" material="" x="4.7" y="-3.4" rotation="0" />
<Platform type="Platform" material="" x="5.2" y="-3.4" rotation="0" />
<Platform type="Platform" material="" x="5.7" y="-3.4" rotation="0" />
<Platform type="Platform" material="" x="6.2" y="-3.4" rotation="0" />
<Platform type="Platform" material="" x="6.7" y="-3.4" rotation="0" />
<Platform type="Platform" material="" x="-0.5" y="-2.9" rotation="0" />
<Platform type="Platform" material="" x="0.0" y="-2.9" rotation="0" />
<Platform type="Platform" material="" x="0.5" y="-2.9" rotation="0" />
<Platform type="Platform" material="" x="5.3" y="-2.9" rotation="0" />
<Platform type="Platform" material="" x="5.8" y="-2.9" rotation="0" />
<Platform type="Platform" material="" x="6.6" y="-3.05" rotation="0" />
<Pig type="BasicSmall" material="" x="1.5" y="-2.9" rotation="0" />
<Pig type="BasicSmall" material="" x="2.1" y="-2.9" rotation="0" />
<Pig type="BasicSmall" material="" x="3.9" y="-2.9" rotation="0" />
<Pig type="BasicSmall" material="" x="4.4" y="-2.9" rotation="0" />
<Pig type="BasicSmall" material="" x="2.7" y="-2.8" rotation="0" />
<Pig type="BasicSmall" material="" x="5.8" y="-2.4" rotation="0" />
<Pig type="BasicSmall" material="" x="0.2" y="-0.5" rotation="0" />
<Pig type="BasicSmall" material="" x="0.1" y="-0.4" rotation="0" />
<Pig type="BasicSmall" material="" x="0.0" y="-0.3" rotation="0" />
<Pig type="BasicSmall" material="" x="5.6" y="-0.3" rotation="0" />
<Pig type="BasicSmall" material="" x="6.1" y="-0.2" rotation="0" />
<Pig type="BasicSmall" material="" x="-0.1" y="0.4" rotation="0" />
<Pig type="BasicSmall" material="" x="3.3" y="0.8" rotation="0" />
<Pig type="BasicSmall" material="" x="5.9" y="0.8" rotation="0" />
<Pig type="BasicSmall" material="" x="5.8" y="0.9" rotation="0" />
<Pig type="BasicSmall" material="" x="4.6" y="1.0" rotation="0" />
<Pig type="BasicSmall" material="" x="5.3" y="1.0" rotation="0" />
<Block type="SquareHole" material="stone" x="-0.35" y="-2.15" rotation="0" />
<Block type="SquareHole" material="stone" x="0.45" y="-2.15" rotation="0" />
<Block type="SquareHole" material="stone" x="5.35" y="-2.15" rotation="0" />
<Block type="SquareHole" material="stone" x="-0.45" y="-2.05" rotation="0" />
<Block type="SquareHole" material="stone" x="1.85" y="-1.95" rotation="0" />
<Block type="SquareHole" material="stone" x="1.75" y="-1.85" rotation="0" />
<Block type="SquareHole" material="stone" x="2.95" y="-1.75" rotation="0" />
<Block type="SquareHole" material="stone" x="2.85" y="-1.65" rotation="0" />
<Block type="SquareHole" material="stone" x="4.25" y="-1.65" rotation="0" />
<Block type="SquareHole" material="stone" x="2.65" y="-1.55" rotation="0" />
<Block type="SquareHole" material="stone" x="3.75" y="-1.55" rotation="0" />
<Block type="SquareHole" material="stone" x="6.35" y="-1.45" rotation="0" />
<Block type="SquareHole" material="stone" x="0.35" y="-1.35" rotation="0" />
<Block type="SquareHole" material="stone" x="1.15" y="-1.35" rotation="0" />
<Block type="SquareHole" material="stone" x="5.25" y="-1.35" rotation="0" />
<Block type="SquareHole" material="stone" x="-0.35" y="-1.25" rotation="0" />
<Block type="SquareHole" material="stone" x="1.95" y="-1.05" rotation="0" />
<Block type="SquareHole" material="stone" x="0.85" y="-0.55" rotation="0" />
<Block type="SquareHole" material="wood" x="2.25" y="-0.15" rotation="0" />
<Block type="SquareHole" material="stone" x="4.15" y="-0.15" rotation="0" />
<Block type="SquareHole" material="wood" x="5.55" y="-0.05" rotation="0" />
<Block type="SquareHole" material="wood" x="3.05" y="0.05" rotation="0" />
<Block type="SquareHole" material="wood" x="5.25" y="0.05" rotation="0" />
<Block type="SquareHole" material="wood" x="0.75" y="0.15" rotation="0" />
<Block type="SquareHole" material="wood" x="4.95" y="0.15" rotation="0" />
<Block type="SquareHole" material="wood" x="1.75" y="0.25" rotation="0" />
<Block type="SquareHole" material="ice" x="6.35" y="2.25" rotation="0" />
<Block type="RectBig" material="stone" x="3.35" y="-3.05" rotation="0" />
<Block type="RectBig" material="stone" x="7.05" y="-3.05" rotation="0" />
<Block type="RectBig" material="stone" x="7.05" y="-2.85" rotation="0" />
<Block type="RectBig" material="wood" x="4.75" y="-2.25" rotation="0" />
<Block type="RectBig" material="wood" x="1.95" y="-2.15" rotation="0" />
<Block type="RectBig" material="wood" x="4.65" y="-2.15" rotation="0" />
<Block type="RectBig" material="wood" x="2.45" y="-0.75" rotation="0" />
<Block type="RectBig" material="wood" x="4.55" y="-0.75" rotation="0" />
<Block type="RectBig" material="wood" x="4.45" y="-0.65" rotation="0" />
<Block type="RectBig" material="wood" x="3.55" y="-0.55" rotation="0" />
<Block type="RectBig" material="wood" x="3.75" y="-0.35" rotation="0" />
<Block type="RectFat" material="wood" x="1.05" y="-2.65" rotation="90" />
<Block type="RectFat" material="wood" x="4.85" y="-2.55" rotation="90" />
<Block type="RectFat" material="wood" x="3.15" y="-2.35" rotation="90" />
<Block type="RectFat" material="ice" x="6.45" y="-2.25" rotation="90" />
<Block type="RectFat" material="stone" x="3.95" y="0.35" rotation="0" />
<Block type="RectFat" material="stone" x="4.95" y="0.75" rotation="0" />
<Block type="RectFat" material="stone" x="5.75" y="0.75" rotation="0" />
<Block type="RectMedium" material="wood" x="4.85" y="-2.35" rotation="90" />
<Block type="RectMedium" material="stone" x="4.45" y="-1.05" rotation="0" />
<Block type="RectMedium" material="wood" x="6.75" y="-0.65" rotation="0" />
<Block type="RectMedium" material="wood" x="6.65" y="-0.55" rotation="0" />
<Block type="RectMedium" material="ice" x="1.05" y="0.45" rotation="0" />
<Block type="RectMedium" material="stone" x="3.25" y="0.45" rotation="0" />
<Block type="RectMedium" material="stone" x="3.15" y="0.55" rotation="0" />
<Block type="RectMedium" material="wood" x="1.15" y="0.65" rotation="0" />
<Block type="RectSmall" material="ice" x="1.45" y="-2.25" rotation="90" />
<Block type="RectSmall" material="ice" x="2.05" y="-2.25" rotation="90" />
<Block type="RectSmall" material="ice" x="2.75" y="-2.15" rotation="90" />
<Block type="RectSmall" material="wood" x="5.35" y="-0.45" rotation="0" />
<Block type="RectSmall" material="ice" x="2.45" y="0.75" rotation="0" />
<Block type="RectSmall" material="ice" x="4.65" y="0.75" rotation="0" />
<Block type="RectSmall" material="stone" x="1.25" y="0.85" rotation="0" />
<Block type="RectSmall" material="ice" x="2.05" y="0.85" rotation="0" />
<Block type="SquareSmall" material="wood" x="3.25" y="-2.75" rotation="0" />
<Block type="SquareSmall" material="wood" x="3.25" y="-1.05" rotation="0" />
<Block type="SquareSmall" material="ice" x="2.65" y="-0.85" rotation="0" />
<Block type="SquareSmall" material="ice" x="-0.25" y="-0.65" rotation="0" />
<Block type="RectTiny" material="ice" x="1.95" y="-2.45" rotation="90" />
<Block type="RectTiny" material="ice" x="0.95" y="-1.65" rotation="90" />
<Block type="RectTiny" material="wood" x="5.75" y="-1.25" rotation="90" />
<Block type="RectTiny" material="stone" x="2.45" y="-0.85" rotation="90" />
<Block type="RectTiny" material="wood" x="5.75" y="-0.85" rotation="90" />
<Block type="RectTiny" material="wood" x="6.05" y="-0.85" rotation="90" />
<Block type="RectTiny" material="stone" x="0.15" y="-0.75" rotation="90" />
<Block type="RectTiny" material="stone" x="1.55" y="-0.75" rotation="90" />
<Block type="RectTiny" material="ice" x="3.55" y="-0.75" rotation="90" />
<Block type="RectTiny" material="ice" x="3.75" y="-0.75" rotation="90" />
<Block type="RectTiny" material="ice" x="3.95" y="-0.75" rotation="90" />
<Block type="RectTiny" material="ice" x="4.45" y="-0.75" rotation="90" />
<Block type="RectTiny" material="wood" x="5.65" y="-0.75" rotation="90" />
<Block type="RectTiny" material="stone" x="0.05" y="-0.65" rotation="90" />
<Block type="RectTiny" material="ice" x="0.95" y="-3.05" rotation="0" />
<Block type="RectTiny" material="stone" x="-0.45" y="-2.55" rotation="0" />
<Block type="RectTiny" material="stone" x="-0.05" y="-2.55" rotation="0" />
<Block type="RectTiny" material="stone" x="0.35" y="-2.55" rotation="0" />
<Block type="RectTiny" material="wood" x="6.05" y="-1.65" rotation="0" />
<Block type="RectTiny" material="wood" x="5.85" y="-1.55" rotation="0" />
<Block type="RectTiny" material="wood" x="6.05" y="-1.35" rotation="0" />
<Block type="RectTiny" material="wood" x="5.15" y="-0.85" rotation="0" />
<Block type="TriangleHole" material="wood" x="3.95" y="1.15" rotation="0" />
<Block type="TriangleHole" material="stone" x="1.85" y="1.55" rotation="0" />
<Block type="Triangle" material="wood" x="0.85" y="1.15" rotation="90" />
<Block type="Triangle" material="wood" x="2.05" y="1.35" rotation="90" />
<Block type="CircleSmall" material="wood" x="0.45" y="0.75" rotation="0" />
<Block type="CircleSmall" material="wood" x="5.05" y="1.15" rotation="0" />
<Block type="CircleSmall" material="wood" x="1.55" y="1.25" rotation="0" />
<Block type="CircleSmall" material="stone" x="0.35" y="0.55" rotation="0" />
<Block type="CircleSmall" material="ice" x="1.45" y="1.15" rotation="0" />
</GameObjects>
</Level>
