<?xml version="1.0" encoding="utf-16"?>
<Level width ="2">
<Camera x="0" y="2" minWidth="20" maxWidth="30">
<Birds>
<Bird type="BirdBlue"/>
<Bird type="BirdRed"/>
<Bird type="BirdYellow"/>
<Bird type="BirdBlue"/>
<Bird type="BirdBlue"/>
<Bird type="BirdBlue"/>
<Bird type="BirdRed"/>
</Birds>
<Slingshot x="-8" y="-2.5">
<GameObjects>
<Platform type="Platform" material="" x="0.2" y="-3.4" rotation="0" />
<Platform type="Platform" material="" x="0.7" y="-3.4" rotation="0" />
<Platform type="Platform" material="" x="1.2" y="-3.4" rotation="0" />
<Platform type="Platform" material="" x="1.7" y="-3.4" rotation="0" />
<Platform type="Platform" material="" x="-0.1" y="-3.3" rotation="0" />
<Platform type="Platform" material="" x="3.5" y="-3.1" rotation="0" />
<Platform type="Platform" material="" x="-0.2" y="-3.25" rotation="0" />
<Platform type="Platform" material="" x="4.0" y="-3.15" rotation="0" />
<Platform type="Platform" material="" x="-0.3" y="-3.25" rotation="0" />
<TNT type="" x="5.9" y="-3.1" rotation="0" />
<TNT type="" x="2.7" y="-3.0" rotation="0" />
<TNT type="" x="1.8" y="-2.9" rotation="0" />
<TNT type="" x="0.3" y="-1.8" rotation="0" />
<Pig type="BasicSmall" material="" x="4.8" y="-3.2" rotation="0" />
<Pig type="BasicSmall" material="" x="5.3" y="-3.2" rotation="0" />
<Pig type="BasicSmall" material="" x="4.7" y="-3.1" rotation="0" />
<Pig type="BasicSmall" material="" x="4.6" y="-3.0" rotation="0" />
<Pig type="BasicSmall" material="" x="4.3" y="-2.6" rotation="0" />
<Pig type="BasicSmall" material="" x="4.2" y="-2.5" rotation="0" />
<Block type="SquareHole" material="wood" x="3.55" y="-1.15" rotation="0" />
<Block type="SquareHole" material="wood" x="4.35" y="-1.05" rotation="0" />
<Block type="RectBig" material="wood" x="2.95" y="-3.45" rotation="0" />
<Block type="RectBig" material="ice" x="3.25" y="-3.25" rotation="0" />
<Block type="RectBig" material="ice" x="0.85" y="-2.35" rotation="0" />
<Block type="RectBig" material="wood" x="6.25" y="-2.05" rotation="0" />
<Block type="RectBig" material="wood" x="1.85" y="-1.95" rotation="0" />
<Block type="RectBig" material="wood" x="5.95" y="-1.95" rotation="0" />
<Block type="RectBig" material="ice" x="0.75" y="-1.85" rotation="0" />
<Block type="RectBig" material="wood" x="4.75" y="-1.85" rotation="0" />
<Block type="RectBig" material="wood" x="5.85" y="-1.65" rotation="0" />
<Block type="RectBig" material="ice" x="0.65" y="-1.35" rotation="0" />
<Block type="RectBig" material="ice" x="0.65" y="-1.15" rotation="0" />
<Block type="RectFat" material="wood" x="4.15" y="-1.55" rotation="0" />
<Block type="RectFat" material="ice" x="2.15" y="-1.45" rotation="0" />
<Block type="RectFat" material="wood" x="3.15" y="-1.45" rotation="0" />
<Block type="RectFat" material="ice" x="4.95" y="-1.45" rotation="0" />
<Block type="RectFat" material="stone" x="3.05" y="-1.25" rotation="0" />
<Block type="RectFat" material="stone" x="2.35" y="-1.05" rotation="0" />
<Block type="RectMedium" material="ice" x="-0.25" y="-1.95" rotation="90" />
<Block type="RectMedium" material="ice" x="0.05" y="-1.95" rotation="90" />
<Block type="RectMedium" material="ice" x="5.05" y="-1.55" rotation="90" />
<Block type="RectMedium" material="wood" x="4.05" y="-1.95" rotation="0" />
<Block type="RectMedium" material="wood" x="2.55" y="-1.75" rotation="0" />
<Block type="RectMedium" material="wood" x="4.35" y="-1.75" rotation="0" />
<Block type="RectMedium" material="wood" x="1.45" y="-1.65" rotation="0" />
<Block type="RectMedium" material="stone" x="2.85" y="-0.75" rotation="0" />
<Block type="RectMedium" material="wood" x="3.45" y="-0.55" rotation="0" />
<Block type="RectSmall" material="wood" x="4.35" y="-3.05" rotation="90" />
<Block type="RectSmall" material="stone" x="2.05" y="-2.95" rotation="90" />
<Block type="RectSmall" material="wood" x="5.65" y="-2.85" rotation="90" />
<Block type="RectSmall" material="stone" x="6.25" y="-2.85" rotation="90" />
<Block type="RectSmall" material="wood" x="1.05" y="-2.75" rotation="90" />
<Block type="RectSmall" material="wood" x="1.25" y="-2.75" rotation="90" />
<Block type="RectSmall" material="wood" x="1.45" y="-2.75" rotation="90" />
<Block type="RectSmall" material="stone" x="3.05" y="-2.75" rotation="90" />
<Block type="RectSmall" material="wood" x="-0.35" y="-2.65" rotation="90" />
<Block type="RectSmall" material="wood" x="0.25" y="-2.65" rotation="90" />
<Block type="RectSmall" material="wood" x="0.65" y="-2.65" rotation="90" />
<Block type="RectSmall" material="stone" x="2.45" y="-2.65" rotation="90" />
<Block type="RectSmall" material="wood" x="0.15" y="-2.55" rotation="90" />
<Block type="RectSmall" material="wood" x="0.45" y="-2.55" rotation="90" />
<Block type="RectSmall" material="stone" x="2.35" y="-2.55" rotation="90" />
<Block type="RectSmall" material="wood" x="3.85" y="-2.55" rotation="90" />
<Block type="RectSmall" material="wood" x="4.05" y="-2.55" rotation="90" />
<Block type="RectSmall" material="wood" x="5.05" y="-2.55" rotation="90" />
<Block type="RectSmall" material="wood" x="5.45" y="-2.55" rotation="90" />
<Block type="RectSmall" material="stone" x="3.35" y="-2.45" rotation="90" />
<Block type="RectSmall" material="stone" x="6.05" y="-2.45" rotation="90" />
<Block type="RectSmall" material="stone" x="2.85" y="-2.35" rotation="90" />
<Block type="RectSmall" material="ice" x="3.55" y="-2.35" rotation="90" />
<Block type="RectSmall" material="stone" x="1.65" y="-2.25" rotation="90" />
<Block type="RectSmall" material="stone" x="1.95" y="-2.25" rotation="90" />
<Block type="RectSmall" material="ice" x="4.85" y="-2.25" rotation="90" />
<Block type="RectSmall" material="stone" x="5.95" y="-2.25" rotation="90" />
<Block type="RectSmall" material="stone" x="2.15" y="-2.15" rotation="90" />
<Block type="RectSmall" material="stone" x="5.75" y="-2.05" rotation="90" />
<Block type="RectSmall" material="stone" x="6.25" y="-2.05" rotation="90" />
<Block type="RectSmall" material="stone" x="3.05" y="-1.95" rotation="90" />
<Block type="RectSmall" material="stone" x="0.95" y="-2.15" rotation="0" />
<Block type="RectSmall" material="ice" x="3.75" y="-1.75" rotation="0" />
<Block type="RectTiny" material="ice" x="5.45" y="-3.35" rotation="90" />
<Block type="RectTiny" material="ice" x="5.65" y="-3.35" rotation="90" />
<Block type="RectTiny" material="ice" x="6.05" y="-3.35" rotation="90" />
<Block type="RectTiny" material="ice" x="6.25" y="-3.35" rotation="90" />
<Block type="RectTiny" material="ice" x="5.85" y="-3.25" rotation="90" />
<Block type="RectTiny" material="wood" x="2.45" y="-2.95" rotation="90" />
<Block type="RectTiny" material="ice" x="2.35" y="-2.85" rotation="90" />
<Block type="RectTiny" material="wood" x="2.95" y="-1.75" rotation="90" />
<Block type="RectTiny" material="ice" x="0.85" y="-1.35" rotation="90" />
<Block type="RectTiny" material="stone" x="1.75" y="-1.15" rotation="90" />
<Block type="SquareTiny" material="wood" x="5.95" y="-2.75" rotation="0" />
<Block type="SquareTiny" material="wood" x="3.75" y="-2.65" rotation="0" />
<Block type="SquareTiny" material="wood" x="3.75" y="-2.45" rotation="0" />
<Block type="TriangleHole" material="wood" x="6.25" y="-1.45" rotation="0" />
<Block type="TriangleHole" material="wood" x="2.55" y="-0.05" rotation="0" />
<Block type="TriangleHole" material="wood" x="3.35" y="-0.05" rotation="0" />
<Block type="TriangleHole" material="wood" x="1.85" y="0.15" rotation="0" />
<Block type="TriangleHole" material="ice" x="0.85" y="-0.55" rotation="0" />
<Block type="CircleSmall" material="wood" x="2.15" y="-0.45" rotation="0" />
<Block type="CircleSmall" material="wood" x="2.55" y="-0.45" rotation="0" />
<Block type="CircleSmall" material="wood" x="1.95" y="-0.25" rotation="0" />
<Block type="CircleSmall" material="wood" x="1.65" y="-0.15" rotation="0" />
<Block type="CircleSmall" material="ice" x="4.95" y="-0.95" rotation="0" />
<Block type="CircleSmall" material="ice" x="0.05" y="-0.85" rotation="0" />
<Block type="CircleSmall" material="ice" x="0.45" y="-0.85" rotation="0" />
</GameObjects>
</Level>
