<?xml version="1.0" encoding="utf-16"?>
<Level width ="2">
<Camera x="0" y="2" minWidth="20" maxWidth="30">
<Birds>
<Bird type="BirdBlue"/>
<Bird type="BirdRed"/>
<Bird type="BirdYellow"/>
<Bird type="BirdBlue"/>
<Bird type="BirdBlue"/>
<Bird type="BirdBlue"/>
<Bird type="BirdRed"/>
</Birds>
<Slingshot x="-8" y="-2.5">
<GameObjects>
<Platform type="Platform" material="" x="1.4" y="-3.4" rotation="0" />
<Platform type="Platform" material="" x="1.9" y="-3.4" rotation="0" />
<Platform type="Platform" material="" x="2.4" y="-3.4" rotation="0" />
<Platform type="Platform" material="" x="2.9" y="-3.4" rotation="0" />
<Platform type="Platform" material="" x="3.4" y="-3.4" rotation="0" />
<Platform type="Platform" material="" x="3.9" y="-3.4" rotation="0" />
<Platform type="Platform" material="" x="4.4" y="-3.4" rotation="0" />
<Platform type="Platform" material="" x="4.9" y="-3.4" rotation="0" />
<Block type="SquareHole" material="stone" x="1.65" y="-2.75" rotation="0" />
<Block type="SquareHole" material="ice" x="4.65" y="-2.75" rotation="0" />
<Block type="SquareHole" material="wood" x="2.85" y="-1.95" rotation="0" />
<Block type="SquareHole" material="ice" x="4.25" y="-1.85" rotation="0" />
<Block type="SquareHole" material="ice" x="4.15" y="-1.75" rotation="0" />
<Block type="SquareHole" material="stone" x="2.95" y="-0.45" rotation="0" />
<Block type="SquareHole" material="stone" x="2.85" y="-0.35" rotation="0" />
<Block type="RectBig" material="stone" x="2.15" y="-2.35" rotation="0" />
<Block type="RectFat" material="ice" x="1.35" y="-2.25" rotation="90" />
<Block type="RectFat" material="wood" x="2.95" y="-2.95" rotation="0" />
<Block type="RectFat" material="ice" x="4.25" y="-2.95" rotation="0" />
<Block type="RectFat" material="wood" x="4.15" y="-2.35" rotation="0" />
<Block type="RectFat" material="ice" x="3.05" y="-1.35" rotation="0" />
<Block type="RectFat" material="ice" x="2.85" y="-1.25" rotation="0" />
<Block type="RectFat" material="ice" x="3.05" y="-0.85" rotation="0" />
<Block type="RectSmall" material="ice" x="3.85" y="-2.45" rotation="90" />
<Block type="RectSmall" material="ice" x="2.65" y="-2.35" rotation="90" />
<Block type="RectSmall" material="ice" x="2.85" y="-2.35" rotation="90" />
<Block type="RectSmall" material="ice" x="3.05" y="-2.35" rotation="90" />
<Block type="RectSmall" material="ice" x="3.25" y="-2.35" rotation="90" />
<Block type="RectSmall" material="ice" x="4.05" y="-2.35" rotation="90" />
<Block type="RectSmall" material="ice" x="3.95" y="-2.35" rotation="0" />
<Block type="SquareSmall" material="ice" x="1.35" y="-2.75" rotation="0" />
<Block type="SquareSmall" material="ice" x="2.65" y="-0.85" rotation="0" />
<Block type="RectTiny" material="wood" x="4.65" y="-2.15" rotation="90" />
<Block type="RectTiny" material="stone" x="1.45" y="-1.75" rotation="0" />
<Block type="RectTiny" material="ice" x="2.05" y="-1.75" rotation="0" />
<Block type="SquareTiny" material="ice" x="3.75" y="-2.85" rotation="0" />
<Block type="TriangleHole" material="wood" x="1.95" y="-1.85" rotation="0" />
</GameObjects>
</Level>
