<?xml version="1.0" encoding="utf-16"?>
<Level width ="2">
<Camera x="0" y="2" minWidth="20" maxWidth="30">
<Birds>
<Bird type="BirdBlue"/>
<Bird type="BirdRed"/>
<Bird type="BirdYellow"/>
<Bird type="BirdBlue"/>
<Bird type="BirdBlue"/>
<Bird type="BirdBlue"/>
<Bird type="BirdRed"/>
</Birds>
<Slingshot x="-8" y="-2.5">
<GameObjects>
<Platform type="Platform" material="" x="1.7" y="-3.4" rotation="0" />
<Platform type="Platform" material="" x="2.2" y="-3.4" rotation="0" />
<Platform type="Platform" material="" x="2.7" y="-3.4" rotation="0" />
<Platform type="Platform" material="" x="3.2" y="-3.4" rotation="0" />
<Platform type="Platform" material="" x="3.7" y="-3.4" rotation="0" />
<Platform type="Platform" material="" x="4.2" y="-3.4" rotation="0" />
<Platform type="Platform" material="" x="4.7" y="-3.45" rotation="0" />
<Platform type="Platform" material="" x="2.7" y="-0.65" rotation="0" />
<Pig type="BasicSmall" material="" x="2.1" y="-2.8" rotation="0" />
<Pig type="BasicSmall" material="" x="2.6" y="-2.7" rotation="0" />
<Pig type="BasicSmall" material="" x="3.0" y="0.3" rotation="0" />
<Pig type="BasicSmall" material="" x="2.9" y="0.4" rotation="0" />
<Pig type="BasicSmall" material="" x="2.9" y="0.9" rotation="0" />
<Block type="SquareHole" material="stone" x="2.85" y="-1.45" rotation="0" />
<Block type="SquareHole" material="stone" x="3.65" y="-1.35" rotation="0" />
<Block type="SquareHole" material="stone" x="2.85" y="-0.65" rotation="0" />
<Block type="RectBig" material="stone" x="2.85" y="-3.05" rotation="0" />
<Block type="RectBig" material="stone" x="4.05" y="-2.85" rotation="0" />
<Block type="RectBig" material="stone" x="3.25" y="-2.35" rotation="0" />
<Block type="RectFat" material="stone" x="3.05" y="0.15" rotation="90" />
<Block type="RectMedium" material="stone" x="2.85" y="-2.45" rotation="0" />
<Block type="RectMedium" material="ice" x="3.45" y="-2.15" rotation="0" />
<Block type="RectMedium" material="wood" x="3.45" y="-1.95" rotation="0" />
<Block type="SquareSmall" material="stone" x="2.85" y="-0.05" rotation="0" />
<Block type="RectTiny" material="stone" x="2.65" y="-1.85" rotation="90" />
<Block type="RectTiny" material="ice" x="-1.95" y="-1.55" rotation="90" />
<Block type="RectTiny" material="stone" x="3.85" y="-2.65" rotation="0" />
<Block type="RectTiny" material="stone" x="3.45" y="-2.55" rotation="0" />
<Block type="CircleSmall" material="wood" x="2.55" y="-1.95" rotation="0" />
<Block type="CircleSmall" material="stone" x="2.45" y="-2.05" rotation="0" />
</GameObjects>
</Level>
