<?xml version="1.0" encoding="utf-16"?>
<Level width ="2">
<Camera x="0" y="2" minWidth="20" maxWidth="30">
<Birds>
<Bird type="BirdBlue"/>
<Bird type="BirdRed"/>
<Bird type="BirdYellow"/>
<Bird type="BirdBlue"/>
<Bird type="BirdBlue"/>
<Bird type="BirdBlue"/>
<Bird type="BirdRed"/>
</Birds>
<Slingshot x="-8" y="-2.5">
<GameObjects>
<Block type="RectTiny" material="stone" x="-1.0" y="-3.49" rotation="0" />
<Block type="RectTiny" material="wood" x="-0.3" y="-3.49" rotation="0" />
<Pig type="BasicSmall" material="" x="0.2" y="-3.375" rotation="0" />
<Block type="RectTiny" material="wood" x="1.1" y="-3.49" rotation="0" />
<Block type="RectTiny" material="wood" x="1.7" y="-3.49" rotation="0" />
<Pig type="BasicSmall" material="" x="2.7" y="-3.375" rotation="0" />
<Block type="RectTiny" material="stone" x="3.2" y="-3.49" rotation="0" />
<Block type="RectTiny" material="stone" x="3.8" y="-3.49" rotation="0" />
<Block type="SquareHole" material="stone" x="-0.6" y="-2.9100000000000006" rotation="0" />
<Block type="SquareHole" material="ice" x="1.4" y="-2.9100000000000006" rotation="0" />
<Block type="SquareHole" material="stone" x="3.4" y="-2.9100000000000006" rotation="0" />
<Block type="RectBig" material="stone" x="0.3" y="-2.330000000000001" rotation="0" />
<Block type="RectBig" material="stone" x="2.5" y="-2.330000000000001" rotation="0" />
<Block type="CircleSmall" material="stone" x="-0.4" y="-1.945000000000001" rotation="0" />
<Block type="RectSmall" material="wood" x="0.5" y="-2.0600000000000014" rotation="0" />
<Block type="RectSmall" material="stone" x="2.3" y="-2.0600000000000014" rotation="0" />
<Block type="CircleSmall" material="ice" x="3.2" y="-1.945000000000001" rotation="0" />
<Block type="SquareHole" material="stone" x="0.5" y="-1.4800000000000013" rotation="0" />
<Block type="SquareHole" material="stone" x="2.3" y="-1.4800000000000013" rotation="0" />
<Block type="RectTiny" material="stone" x="0.2" y="-0.7950000000000014" rotation="90" />
<Block type="RectTiny" material="stone" x="0.5" y="-0.7950000000000014" rotation="90" />
<Block type="RectTiny" material="stone" x="0.8" y="-0.7950000000000014" rotation="90" />
<Block type="RectTiny" material="ice" x="2.0" y="-0.7950000000000014" rotation="90" />
<Block type="RectTiny" material="wood" x="2.3" y="-0.7950000000000014" rotation="90" />
<Block type="RectTiny" material="ice" x="2.6" y="-0.7950000000000014" rotation="90" />
<Block type="SquareTiny" material="stone" x="0.2" y="-0.4200000000000014" rotation="0" />
<Block type="SquareTiny" material="stone" x="0.5" y="-0.4200000000000014" rotation="0" />
<Block type="SquareTiny" material="ice" x="0.8" y="-0.4200000000000014" rotation="0" />
<Block type="SquareTiny" material="wood" x="2.0" y="-0.4200000000000014" rotation="0" />
<Block type="SquareTiny" material="ice" x="2.3" y="-0.4200000000000014" rotation="0" />
<Block type="SquareTiny" material="ice" x="2.6" y="-0.4200000000000014" rotation="0" />
<Block type="RectFat" material="ice" x="0.5" y="-0.04500000000000144" rotation="0" />
<Block type="RectFat" material="ice" x="2.3" y="-0.04500000000000144" rotation="0" />
<Block type="RectFat" material="ice" x="0.5" y="0.43499999999999855" rotation="0" />
<Block type="RectFat" material="ice" x="2.3" y="0.43499999999999855" rotation="0" />
<Pig type="BasicSmall" material="" x="0.2" y="0.9249999999999986" rotation="0" />
<Block type="CircleSmall" material="wood" x="0.8" y="0.9249999999999986" rotation="0" />
<Block type="Triangle" material="wood" x="2.3" y="1.1099999999999985" rotation="90" />
</GameObjects>
</Level>
