<?xml version="1.0" encoding="utf-16"?>
<Level width ="2">
<Camera x="0" y="2" minWidth="20" maxWidth="30">
<Birds>
<Bird type="BirdBlue"/>
<Bird type="BirdRed"/>
<Bird type="BirdYellow"/>
<Bird type="BirdBlue"/>
<Bird type="BirdBlue"/>
<Bird type="BirdBlue"/>
<Bird type="BirdRed"/>
</Birds>
<Slingshot x="-8" y="-2.5">
<GameObjects>
<Block type="RectFat" material="stone" x="-1.1" y="-3.3850000000000002" rotation="0" />
<Pig type="BasicSmall" material="" x="-0.4" y="-3.375" rotation="0" />
<Block type="RectFat" material="ice" x="0.6" y="-3.3850000000000002" rotation="0" />
<TNT type="" x="1.3" y="-3.325" rotation="0" />
<Block type="RectFat" material="ice" x="2.4" y="-3.3850000000000002" rotation="0" />
<Block type="RectFat" material="wood" x="4.1" y="-3.3850000000000002" rotation="0" />
<Block type="RectTiny" material="stone" x="-1.1" y="-2.9050000000000007" rotation="90" />
<Block type="RectTiny" material="ice" x="0.4" y="-2.9050000000000007" rotation="90" />
<Block type="RectTiny" material="wood" x="0.8" y="-2.9050000000000007" rotation="90" />
<Block type="RectTiny" material="ice" x="2.2" y="-2.9050000000000007" rotation="90" />
<Block type="RectTiny" material="wood" x="2.6" y="-2.9050000000000007" rotation="90" />
<Block type="RectTiny" material="wood" x="4.1" y="-2.9050000000000007" rotation="90" />
<Block type="RectBig" material="wood" x="-1.1" y="-1.6100000000000008" rotation="90" />
<Block type="RectBig" material="ice" x="0.4" y="-1.6100000000000008" rotation="90" />
<Block type="RectBig" material="stone" x="0.8" y="-1.6100000000000008" rotation="90" />
<Block type="RectBig" material="wood" x="2.2" y="-1.6100000000000008" rotation="90" />
<Block type="RectBig" material="wood" x="2.6" y="-1.6100000000000008" rotation="90" />
<Block type="RectBig" material="wood" x="4.1" y="-1.6100000000000008" rotation="90" />
<Block type="RectTiny" material="wood" x="-1.1" y="-0.3150000000000008" rotation="90" />
<Block type="RectTiny" material="ice" x="0.4" y="-0.3150000000000008" rotation="90" />
<Block type="RectTiny" material="wood" x="0.8" y="-0.3150000000000008" rotation="90" />
<Block type="RectTiny" material="stone" x="2.2" y="-0.3150000000000008" rotation="90" />
<Block type="RectTiny" material="wood" x="2.6" y="-0.3150000000000008" rotation="90" />
<Block type="RectTiny" material="wood" x="4.1" y="-0.3150000000000008" rotation="90" />
<Block type="RectMedium" material="stone" x="-0.3" y="0.05999999999999922" rotation="0" />
<Block type="RectMedium" material="ice" x="1.5" y="0.05999999999999922" rotation="0" />
<Block type="RectMedium" material="wood" x="3.3" y="0.05999999999999922" rotation="0" />
<Block type="TriangleHole" material="wood" x="-0.3" y="0.6299999999999992" rotation="0" />
<Block type="TriangleHole" material="ice" x="0.9" y="0.6299999999999992" rotation="0" />
<Block type="CircleSmall" material="ice" x="2.1" y="0.44499999999999923" rotation="0" />
<Block type="TriangleHole" material="wood" x="2.8" y="0.6299999999999992" rotation="0" />
<Block type="TriangleHole" material="wood" x="3.9" y="0.6299999999999992" rotation="0" />
</GameObjects>
</Level>
