<?xml version="1.0" encoding="utf-16"?>
<Level width ="2">
<Camera x="0" y="2" minWidth="20" maxWidth="30">
<Birds>
<Bird type="BirdBlue"/>
<Bird type="BirdRed"/>
<Bird type="BirdYellow"/>
<Bird type="BirdBlue"/>
<Bird type="BirdBlue"/>
<Bird type="BirdBlue"/>
<Bird type="BirdRed"/>
</Birds>
<Slingshot x="-8" y="-2.5">
<GameObjects>
<Block type="RectFat" material="stone" x="0.0" y="-3.3850000000000002" rotation="0" />
<Block type="RectFat" material="wood" x="1.3" y="-3.3850000000000002" rotation="0" />
<Block type="RectFat" material="wood" x="2.6" y="-3.3850000000000002" rotation="0" />
<Block type="RectMedium" material="stone" x="0.4" y="-3.0100000000000007" rotation="0" />
<Block type="RectMedium" material="wood" x="2.2" y="-3.0100000000000007" rotation="0" />
<Pig type="BasicSmall" material="" x="-0.2" y="-2.625000000000001" rotation="0" />
<Block type="RectMedium" material="ice" x="1.3" y="-2.740000000000001" rotation="0" />
<Pig type="BasicSmall" material="" x="2.8" y="-2.625000000000001" rotation="0" />
<Block type="TriangleHole" material="wood" x="0.7" y="-2.1700000000000013" rotation="0" />
<Block type="RectBig" material="ice" x="1.3" y="-1.5500000000000012" rotation="90" />
<Block type="Triangle" material="wood" x="1.9" y="-2.1700000000000013" rotation="90" />
<Pig type="BasicSmall" material="" x="1.3" y="-0.24500000000000116" rotation="0" />
</GameObjects>
</Level>
