<?xml version="1.0" encoding="utf-16"?>
<Level width ="2">
<Camera x="0" y="2" minWidth="20" maxWidth="30">
<Birds>
<Bird type="BirdBlue"/>
<Bird type="BirdRed"/>
<Bird type="BirdYellow"/>
<Bird type="BirdBlue"/>
<Bird type="BirdBlue"/>
<Bird type="BirdBlue"/>
<Bird type="BirdRed"/>
</Birds>
<Slingshot x="-8" y="-2.5">
<GameObjects>
<Block type="RectMedium" material="wood" x="-1.0" y="-3.49" rotation="0" />
<Block type="RectMedium" material="wood" x="0.6" y="-3.49" rotation="0" />
<Block type="RectMedium" material="wood" x="2.6" y="-3.49" rotation="0" />
<Block type="RectMedium" material="wood" x="4.2" y="-3.49" rotation="0" />
<Block type="SquareTiny" material="stone" x="-1.5" y="-3.2200000000000006" rotation="0" />
<Block type="SquareTiny" material="stone" x="-1.1" y="-3.2200000000000006" rotation="0" />
<Block type="SquareTiny" material="stone" x="-0.6" y="-3.2200000000000006" rotation="0" />
<Block type="SquareTiny" material="stone" x="-0.1" y="-3.2200000000000006" rotation="0" />
<Block type="SquareTiny" material="stone" x="0.3" y="-3.2200000000000006" rotation="0" />
<Block type="SquareTiny" material="stone" x="0.7" y="-3.2200000000000006" rotation="0" />
<Block type="SquareTiny" material="stone" x="1.1" y="-3.2200000000000006" rotation="0" />
<Block type="SquareTiny" material="stone" x="1.6" y="-3.49" rotation="0" />
<Block type="SquareTiny" material="stone" x="2.1" y="-3.2200000000000006" rotation="0" />
<Block type="SquareTiny" material="stone" x="2.5" y="-3.2200000000000006" rotation="0" />
<Block type="SquareTiny" material="stone" x="2.9" y="-3.2200000000000006" rotation="0" />
<Block type="SquareTiny" material="stone" x="3.3" y="-3.2200000000000006" rotation="0" />
<Block type="SquareTiny" material="stone" x="3.8" y="-3.2200000000000006" rotation="0" />
<Block type="SquareTiny" material="stone" x="4.3" y="-3.2200000000000006" rotation="0" />
<Block type="SquareTiny" material="stone" x="4.8" y="-3.2200000000000006" rotation="0" />
<Block type="RectSmall" material="stone" x="-1.5" y="-2.635000000000001" rotation="90" />
<Block type="RectSmall" material="stone" x="-1.1" y="-2.635000000000001" rotation="90" />
<Block type="RectSmall" material="stone" x="-0.6" y="-2.635000000000001" rotation="90" />
<Block type="RectSmall" material="stone" x="-0.1" y="-2.635000000000001" rotation="90" />
<Block type="RectSmall" material="stone" x="0.3" y="-2.635000000000001" rotation="90" />
<Block type="RectSmall" material="stone" x="0.7" y="-2.635000000000001" rotation="90" />
<Block type="RectSmall" material="stone" x="1.1" y="-2.635000000000001" rotation="90" />
<Block type="RectSmall" material="stone" x="1.6" y="-2.9050000000000007" rotation="90" />
<Block type="RectSmall" material="stone" x="2.1" y="-2.635000000000001" rotation="90" />
<Block type="RectSmall" material="stone" x="2.5" y="-2.635000000000001" rotation="90" />
<Block type="RectSmall" material="stone" x="2.9" y="-2.635000000000001" rotation="90" />
<Block type="RectSmall" material="stone" x="3.3" y="-2.635000000000001" rotation="90" />
<Block type="RectSmall" material="stone" x="3.8" y="-2.635000000000001" rotation="90" />
<Block type="RectSmall" material="stone" x="4.3" y="-2.635000000000001" rotation="90" />
<Block type="RectSmall" material="stone" x="4.8" y="-2.635000000000001" rotation="90" />
<Block type="RectTiny" material="wood" x="-1.5" y="-1.9450000000000012" rotation="90" />
<Block type="RectTiny" material="wood" x="-1.1" y="-1.9450000000000012" rotation="90" />
<Block type="RectTiny" material="wood" x="-0.6" y="-1.9450000000000012" rotation="90" />
<Block type="RectTiny" material="wood" x="-0.1" y="-1.9450000000000012" rotation="90" />
<Block type="RectTiny" material="wood" x="0.3" y="-1.9450000000000012" rotation="90" />
<Block type="RectTiny" material="wood" x="0.7" y="-1.9450000000000012" rotation="90" />
<Block type="RectTiny" material="wood" x="1.1" y="-1.9450000000000012" rotation="90" />
<Block type="RectTiny" material="wood" x="1.6" y="-2.215000000000001" rotation="90" />
<Block type="RectTiny" material="wood" x="2.1" y="-1.9450000000000012" rotation="90" />
<Block type="RectTiny" material="wood" x="2.5" y="-1.9450000000000012" rotation="90" />
<Block type="RectTiny" material="wood" x="2.9" y="-1.9450000000000012" rotation="90" />
<Block type="RectTiny" material="wood" x="3.3" y="-1.9450000000000012" rotation="90" />
<Block type="RectTiny" material="wood" x="3.8" y="-1.9450000000000012" rotation="90" />
<Block type="RectTiny" material="wood" x="4.3" y="-1.9450000000000012" rotation="90" />
<Block type="RectTiny" material="wood" x="4.8" y="-1.9450000000000012" rotation="90" />
<Block type="RectBig" material="ice" x="-0.6" y="-1.570000000000001" rotation="0" />
<Block type="RectBig" material="ice" x="1.6" y="-1.570000000000001" rotation="0" />
<Block type="RectBig" material="ice" x="3.8" y="-1.570000000000001" rotation="0" />
<Block type="Triangle" material="ice" x="-1.3" y="-1.0000000000000009" rotation="90" />
<Pig type="BasicSmall" material="" x="-0.6" y="-1.1850000000000007" rotation="0" />
<Block type="TriangleHole" material="wood" x="0.1" y="-1.0000000000000009" rotation="0" />
<Block type="TriangleHole" material="wood" x="0.9" y="-1.0000000000000009" rotation="0" />
<Block type="CircleSmall" material="ice" x="1.6" y="-1.1850000000000007" rotation="0" />
<Block type="CircleSmall" material="wood" x="2.3" y="-1.1850000000000007" rotation="0" />
<Block type="CircleSmall" material="stone" x="3.1" y="-1.1850000000000007" rotation="0" />
<Block type="TriangleHole" material="stone" x="3.8" y="-1.0000000000000009" rotation="0" />
<Pig type="BasicSmall" material="" x="4.5" y="-1.1850000000000007" rotation="0" />
</GameObjects>
</Level>
