<?xml version="1.0" encoding="utf-16"?>
<Level width ="2">
<Camera x="0" y="2" minWidth="20" maxWidth="30">
<Birds>
<Bird type="BirdBlue"/>
<Bird type="BirdRed"/>
<Bird type="BirdYellow"/>
<Bird type="BirdBlue"/>
<Bird type="BirdBlue"/>
<Bird type="BirdBlue"/>
<Bird type="BirdRed"/>
</Birds>
<Slingshot x="-8" y="-2.5">
<GameObjects>
<Block type="RectTiny" material="stone" x="0.0" y="-3.3850000000000002" rotation="90" />
<Block type="RectTiny" material="stone" x="0.3" y="-3.3850000000000002" rotation="90" />
<Block type="RectTiny" material="wood" x="0.6" y="-3.3850000000000002" rotation="90" />
<Block type="RectTiny" material="wood" x="0.9" y="-3.3850000000000002" rotation="90" />
<Block type="RectTiny" material="stone" x="1.2" y="-3.3850000000000002" rotation="90" />
<Block type="RectTiny" material="stone" x="1.5" y="-3.3850000000000002" rotation="90" />
<Block type="RectTiny" material="ice" x="1.8" y="-3.3850000000000002" rotation="90" />
<Block type="RectTiny" material="ice" x="2.1" y="-3.3850000000000002" rotation="90" />
<Block type="RectTiny" material="stone" x="2.4" y="-3.3850000000000002" rotation="90" />
<Block type="RectTiny" material="stone" x="0.0" y="-2.9050000000000007" rotation="90" />
<Block type="RectTiny" material="wood" x="0.3" y="-2.9050000000000007" rotation="90" />
<Block type="RectTiny" material="stone" x="0.6" y="-2.9050000000000007" rotation="90" />
<Block type="RectTiny" material="stone" x="0.9" y="-2.9050000000000007" rotation="90" />
<Block type="RectTiny" material="stone" x="1.2" y="-2.9050000000000007" rotation="90" />
<Block type="RectTiny" material="ice" x="1.5" y="-2.9050000000000007" rotation="90" />
<Block type="RectTiny" material="ice" x="1.8" y="-2.9050000000000007" rotation="90" />
<Block type="RectTiny" material="ice" x="2.1" y="-2.9050000000000007" rotation="90" />
<Block type="RectTiny" material="stone" x="2.4" y="-2.9050000000000007" rotation="90" />
<Block type="RectBig" material="stone" x="0.0" y="-1.6100000000000008" rotation="90" />
<Block type="RectBig" material="wood" x="0.3" y="-1.6100000000000008" rotation="90" />
<Block type="RectBig" material="wood" x="0.6" y="-1.6100000000000008" rotation="90" />
<Block type="RectBig" material="stone" x="0.9" y="-1.6100000000000008" rotation="90" />
<Block type="RectBig" material="wood" x="1.2" y="-1.6100000000000008" rotation="90" />
<Block type="RectBig" material="wood" x="1.5" y="-1.6100000000000008" rotation="90" />
<Block type="RectBig" material="stone" x="1.8" y="-1.6100000000000008" rotation="90" />
<Block type="RectBig" material="wood" x="2.1" y="-1.6100000000000008" rotation="90" />
<Block type="RectBig" material="stone" x="2.4" y="-1.6100000000000008" rotation="90" />
<Block type="RectSmall" material="ice" x="0.3" y="-0.42000000000000076" rotation="0" />
<Block type="RectSmall" material="wood" x="1.2" y="-0.42000000000000076" rotation="0" />
<Block type="RectSmall" material="wood" x="2.1" y="-0.42000000000000076" rotation="0" />
<Block type="SquareSmall" material="ice" x="0.3" y="-0.045000000000000775" rotation="0" />
<Block type="SquareSmall" material="ice" x="1.2" y="-0.045000000000000775" rotation="0" />
<Block type="SquareSmall" material="ice" x="2.1" y="-0.045000000000000775" rotation="0" />
<Block type="SquareTiny" material="ice" x="0.3" y="0.3299999999999992" rotation="0" />
<Block type="RectTiny" material="ice" x="1.2" y="0.3299999999999992" rotation="0" />
<Block type="RectTiny" material="wood" x="2.1" y="0.3299999999999992" rotation="0" />
<Pig type="BasicSmall" material="" x="0.3" y="0.7149999999999992" rotation="0" />
<Pig type="BasicSmall" material="" x="1.2" y="0.7149999999999992" rotation="0" />
<Pig type="BasicSmall" material="" x="2.1" y="0.7149999999999992" rotation="0" />
</GameObjects>
</Level>
