<?xml version="1.0" encoding="utf-16"?>
<Level width ="2">
<Camera x="0" y="2" minWidth="20" maxWidth="30">
<Birds>
<Bird type="BirdBlue"/>
<Bird type="BirdRed"/>
<Bird type="BirdYellow"/>
<Bird type="BirdBlue"/>
<Bird type="BirdBlue"/>
<Bird type="BirdBlue"/>
<Bird type="BirdRed"/>
</Birds>
<Slingshot x="-8" y="-2.5">
<GameObjects>
<Pig type="BasicSmall" material="" x="-1.2" y="-3.375" rotation="0" />
<Pig type="BasicSmall" material="" x="6.2" y="-3.375" rotation="0" />
<Block type="RectMedium" material="wood" x="0.8" y="-3.49" rotation="0" />
<Block type="RectMedium" material="wood" x="2.6" y="-3.49" rotation="0" />
<Block type="SquareHole" material="wood" x="0.4" y="-2.9100000000000006" rotation="0" />
<Block type="SquareHole" material="wood" x="1.2" y="-2.9100000000000006" rotation="0" />
<Block type="SquareHole" material="wood" x="2.2" y="-2.9100000000000006" rotation="0" />
<Block type="SquareHole" material="wood" x="3.0" y="-2.9100000000000006" rotation="0" />
<Block type="RectMedium" material="stone" x="0.8" y="-2.330000000000001" rotation="0" />
<Block type="RectMedium" material="wood" x="2.6" y="-2.330000000000001" rotation="0" />
<Block type="SquareTiny" material="wood" x="0.5" y="-2.0600000000000014" rotation="0" />
<Block type="SquareTiny" material="wood" x="1.1" y="-2.0600000000000014" rotation="0" />
<Block type="SquareTiny" material="ice" x="2.3" y="-2.0600000000000014" rotation="0" />
<Block type="SquareTiny" material="ice" x="2.9" y="-2.0600000000000014" rotation="0" />
<Block type="SquareTiny" material="stone" x="0.5" y="-1.7900000000000011" rotation="0" />
<Block type="SquareTiny" material="wood" x="1.1" y="-1.7900000000000011" rotation="0" />
<Block type="SquareTiny" material="ice" x="2.3" y="-1.7900000000000011" rotation="0" />
<Block type="SquareTiny" material="ice" x="2.9" y="-1.7900000000000011" rotation="0" />
<Block type="SquareHole" material="stone" x="0.8" y="-1.210000000000001" rotation="0" />
<Block type="SquareHole" material="wood" x="2.6" y="-1.210000000000001" rotation="0" />
<Block type="RectBig" material="stone" x="1.7" y="-0.6300000000000011" rotation="0" />
<Block type="SquareSmall" material="wood" x="1.2" y="-0.25500000000000117" rotation="0" />
<Block type="SquareSmall" material="wood" x="1.7" y="-0.25500000000000117" rotation="0" />
<Block type="SquareSmall" material="wood" x="2.2" y="-0.25500000000000117" rotation="0" />
<Block type="SquareTiny" material="wood" x="1.2" y="0.11999999999999883" rotation="0" />
<Block type="SquareTiny" material="wood" x="1.7" y="0.11999999999999883" rotation="0" />
<Block type="SquareTiny" material="wood" x="2.2" y="0.11999999999999883" rotation="0" />
<Block type="RectTiny" material="wood" x="1.2" y="0.49499999999999883" rotation="90" />
<Block type="RectTiny" material="wood" x="1.7" y="0.49499999999999883" rotation="90" />
<Block type="RectTiny" material="wood" x="2.2" y="0.49499999999999883" rotation="90" />
<Pig type="BasicSmall" material="" x="1.2" y="0.9849999999999989" rotation="0" />
<Pig type="BasicSmall" material="" x="1.8" y="0.9849999999999989" rotation="0" />
<Pig type="BasicSmall" material="" x="2.4" y="0.9849999999999989" rotation="0" />
</GameObjects>
</Level>
