<?xml version="1.0" encoding="utf-16"?>
<Level width ="2">
<Camera x="0" y="2" minWidth="20" maxWidth="30">
<Birds>
<Bird type="BirdBlue"/>
<Bird type="BirdRed"/>
<Bird type="BirdYellow"/>
<Bird type="BirdBlue"/>
<Bird type="BirdBlue"/>
<Bird type="BirdBlue"/>
<Bird type="BirdRed"/>
</Birds>
<Slingshot x="-8" y="-2.5">
<GameObjects>
<Block type="SquareSmall" material="stone" x="0.0" y="-3.3850000000000002" rotation="0" />
<Block type="SquareSmall" material="stone" x="0.6" y="-3.3850000000000002" rotation="0" />
<Block type="SquareSmall" material="stone" x="1.2" y="-3.3850000000000002" rotation="0" />
<Block type="SquareSmall" material="stone" x="1.8" y="-3.3850000000000002" rotation="0" />
<Block type="SquareSmall" material="stone" x="2.4" y="-3.3850000000000002" rotation="0" />
<Block type="RectFat" material="stone" x="0.0" y="-2.6950000000000007" rotation="90" />
<Block type="RectFat" material="wood" x="0.6" y="-2.6950000000000007" rotation="90" />
<Block type="RectFat" material="wood" x="1.2" y="-2.6950000000000007" rotation="90" />
<Block type="RectFat" material="wood" x="1.8" y="-2.6950000000000007" rotation="90" />
<Block type="RectFat" material="wood" x="2.4" y="-2.6950000000000007" rotation="90" />
<Block type="RectTiny" material="wood" x="0.0" y="-2.110000000000001" rotation="0" />
<Block type="RectTiny" material="wood" x="0.6" y="-2.110000000000001" rotation="0" />
<Block type="RectTiny" material="wood" x="1.2" y="-2.110000000000001" rotation="0" />
<Block type="RectTiny" material="wood" x="1.8" y="-2.110000000000001" rotation="0" />
<Block type="RectTiny" material="wood" x="2.4" y="-2.110000000000001" rotation="0" />
<Block type="SquareSmall" material="ice" x="0.0" y="-1.7350000000000012" rotation="0" />
<Block type="SquareSmall" material="ice" x="0.6" y="-1.7350000000000012" rotation="0" />
<Block type="SquareSmall" material="ice" x="1.2" y="-1.7350000000000012" rotation="0" />
<Block type="SquareSmall" material="ice" x="1.8" y="-1.7350000000000012" rotation="0" />
<Block type="SquareSmall" material="ice" x="2.4" y="-1.7350000000000012" rotation="0" />
<Block type="RectTiny" material="stone" x="0.0" y="-1.360000000000001" rotation="0" />
<Block type="RectTiny" material="stone" x="0.6" y="-1.360000000000001" rotation="0" />
<Block type="RectTiny" material="stone" x="1.2" y="-1.360000000000001" rotation="0" />
<Block type="RectTiny" material="stone" x="1.8" y="-1.360000000000001" rotation="0" />
<Block type="RectTiny" material="stone" x="2.4" y="-1.360000000000001" rotation="0" />
<Block type="RectSmall" material="wood" x="0.0" y="-0.7750000000000008" rotation="90" />
<Block type="RectSmall" material="wood" x="0.6" y="-0.7750000000000008" rotation="90" />
<Block type="RectSmall" material="wood" x="1.2" y="-0.7750000000000008" rotation="90" />
<Block type="RectSmall" material="wood" x="1.8" y="-0.7750000000000008" rotation="90" />
<Block type="RectFat" material="wood" x="2.4" y="-0.7750000000000008" rotation="90" />
<Block type="RectSmall" material="stone" x="0.0" y="0.12499999999999918" rotation="90" />
<Block type="RectSmall" material="stone" x="0.6" y="0.12499999999999918" rotation="90" />
<Block type="RectSmall" material="stone" x="1.2" y="0.12499999999999918" rotation="90" />
<Block type="RectSmall" material="stone" x="1.8" y="0.12499999999999918" rotation="90" />
<Block type="RectSmall" material="stone" x="2.4" y="0.12499999999999918" rotation="90" />
<Pig type="BasicSmall" material="" x="0.0" y="0.8249999999999992" rotation="0" />
<Block type="CircleSmall" material="stone" x="0.6" y="0.8249999999999992" rotation="0" />
<Pig type="BasicSmall" material="" x="1.2" y="0.8249999999999992" rotation="0" />
<Block type="CircleSmall" material="wood" x="1.8" y="0.8249999999999992" rotation="0" />
<Pig type="BasicSmall" material="" x="2.4" y="0.8249999999999992" rotation="0" />
</GameObjects>
</Level>
