<?xml version="1.0" encoding="utf-16"?>
<Level width ="2">
<Camera x="0" y="2" minWidth="20" maxWidth="30">
<Birds>
<Bird type="BirdBlue"/>
<Bird type="BirdRed"/>
<Bird type="BirdYellow"/>
<Bird type="BirdBlue"/>
<Bird type="BirdBlue"/>
<Bird type="BirdBlue"/>
<Bird type="BirdRed"/>
</Birds>
<Slingshot x="-8" y="-2.5">
<GameObjects>
<Block type="RectFat" material="wood" x="-1.0" y="-3.3850000000000002" rotation="0" />
<Block type="RectFat" material="stone" x="0.4" y="-3.3850000000000002" rotation="0" />
<Block type="RectFat" material="stone" x="1.3" y="-3.3850000000000002" rotation="0" />
<Block type="RectFat" material="stone" x="2.2" y="-3.3850000000000002" rotation="0" />
<Block type="SquareSmall" material="wood" x="-1.0" y="-2.9050000000000007" rotation="0" />
<Block type="RectFat" material="stone" x="0.4" y="-2.9050000000000007" rotation="0" />
<Block type="RectFat" material="wood" x="1.3" y="-2.9050000000000007" rotation="0" />
<Block type="RectFat" material="stone" x="2.2" y="-2.9050000000000007" rotation="0" />
<Block type="SquareHole" material="wood" x="-1.0" y="-2.220000000000001" rotation="0" />
<Block type="SquareHole" material="stone" x="0.4" y="-2.220000000000001" rotation="0" />
<Block type="SquareHole" material="stone" x="1.3" y="-2.220000000000001" rotation="0" />
<Block type="SquareHole" material="stone" x="2.2" y="-2.220000000000001" rotation="0" />
<Block type="RectTiny" material="wood" x="-1.0" y="-1.535000000000001" rotation="90" />
<Block type="RectFat" material="stone" x="0.4" y="-1.535000000000001" rotation="0" />
<Block type="RectFat" material="stone" x="1.3" y="-1.535000000000001" rotation="0" />
<Block type="RectFat" material="ice" x="2.2" y="-1.535000000000001" rotation="0" />
<Block type="SquareSmall" material="wood" x="-1.0" y="-1.0550000000000008" rotation="0" />
<Block type="RectSmall" material="stone" x="0.4" y="-1.1600000000000008" rotation="0" />
<Block type="RectSmall" material="stone" x="1.3" y="-1.1600000000000008" rotation="0" />
<Block type="RectSmall" material="ice" x="2.2" y="-1.1600000000000008" rotation="0" />
<Block type="CircleSmall" material="wood" x="0.1" y="-0.7750000000000007" rotation="0" />
<Block type="SquareTiny" material="stone" x="0.6" y="-0.8900000000000007" rotation="0" />
<Block type="RectSmall" material="ice" x="2.0" y="-0.8900000000000007" rotation="0" />
<Block type="SquareHole" material="wood" x="-1.0" y="-0.3700000000000009" rotation="0" />
<Block type="RectMedium" material="ice" x="1.3" y="-0.6200000000000007" rotation="0" />
<Block type="RectTiny" material="ice" x="0.6" y="-0.24500000000000072" rotation="90" />
<Block type="RectTiny" material="ice" x="0.9" y="-0.24500000000000072" rotation="90" />
<Block type="SquareSmall" material="stone" x="1.3" y="-0.24500000000000072" rotation="0" />
<Block type="RectTiny" material="ice" x="1.7" y="-0.24500000000000072" rotation="90" />
<Block type="RectTiny" material="ice" x="2.0" y="-0.24500000000000072" rotation="90" />
<Block type="SquareTiny" material="ice" x="0.6" y="0.12999999999999928" rotation="0" />
<Block type="SquareTiny" material="ice" x="0.9" y="0.12999999999999928" rotation="0" />
<Block type="SquareTiny" material="ice" x="1.3" y="0.12999999999999928" rotation="0" />
<Block type="SquareTiny" material="wood" x="1.7" y="0.12999999999999928" rotation="0" />
<Block type="SquareTiny" material="wood" x="2.0" y="0.12999999999999928" rotation="0" />
<Block type="CircleSmall" material="ice" x="0.6" y="0.5149999999999993" rotation="0" />
<Block type="SquareTiny" material="stone" x="1.3" y="0.39999999999999925" rotation="0" />
<Block type="TriangleHole" material="wood" x="2.0" y="0.6999999999999993" rotation="0" />
<Pig type="BasicSmall" material="" x="1.3" y="0.7849999999999993" rotation="0" />
</GameObjects>
</Level>
