<?xml version="1.0" encoding="utf-16"?>
<Level width ="2">
<Camera x="0" y="2" minWidth="20" maxWidth="30">
<Birds>
<Bird type="BirdBlue"/>
<Bird type="BirdRed"/>
<Bird type="BirdYellow"/>
<Bird type="BirdBlue"/>
<Bird type="BirdBlue"/>
<Bird type="BirdBlue"/>
<Bird type="BirdRed"/>
</Birds>
<Slingshot x="-8" y="-2.5">
<GameObjects>
<Platform type="Platform" material="" x="-1.2" y="-3.29" rotation="0" />
<Platform type="Platform" material="" x="-0.6" y="-3.29" rotation="0" />
<Platform type="Platform" material="" x="0.0" y="-3.29" rotation="0" />
<Platform type="Platform" material="" x="0.6" y="-3.29" rotation="0" />
<Platform type="Platform" material="" x="1.2" y="-3.29" rotation="0" />
<Platform type="Platform" material="" x="1.8" y="-3.29" rotation="0" />
<Platform type="Platform" material="" x="2.4" y="-3.29" rotation="0" />
<Platform type="Platform" material="" x="3.0" y="-3.29" rotation="0" />
<Platform type="Platform" material="" x="3.6" y="-3.29" rotation="0" />
<Platform type="Platform" material="" x="4.2" y="-3.29" rotation="0" />
<Block type="SquareSmall" material="stone" x="-1.3" y="-2.7150000000000003" rotation="0" />
<Block type="SquareSmall" material="ice" x="-0.7" y="-2.7150000000000003" rotation="0" />
<Block type="SquareSmall" material="ice" x="-0.1" y="-2.7150000000000003" rotation="0" />
<Block type="SquareSmall" material="ice" x="0.6" y="-2.7150000000000003" rotation="0" />
<Block type="SquareSmall" material="ice" x="1.2" y="-2.7150000000000003" rotation="0" />
<Block type="SquareSmall" material="ice" x="1.8" y="-2.7150000000000003" rotation="0" />
<Block type="SquareSmall" material="ice" x="2.4" y="-2.7150000000000003" rotation="0" />
<Block type="SquareSmall" material="ice" x="3.1" y="-2.7150000000000003" rotation="0" />
<Block type="SquareSmall" material="ice" x="3.7" y="-2.7150000000000003" rotation="0" />
<Block type="SquareSmall" material="ice" x="4.3" y="-2.7150000000000003" rotation="0" />
<Block type="SquareSmall" material="wood" x="-1.3" y="-2.2350000000000008" rotation="0" />
<Block type="SquareSmall" material="wood" x="-0.7" y="-2.2350000000000008" rotation="0" />
<Block type="SquareSmall" material="wood" x="-0.1" y="-2.2350000000000008" rotation="0" />
<Block type="SquareSmall" material="wood" x="0.6" y="-2.2350000000000008" rotation="0" />
<Block type="SquareSmall" material="wood" x="1.2" y="-2.2350000000000008" rotation="0" />
<Block type="SquareSmall" material="wood" x="1.8" y="-2.2350000000000008" rotation="0" />
<Block type="SquareSmall" material="wood" x="2.4" y="-2.2350000000000008" rotation="0" />
<Block type="SquareSmall" material="wood" x="3.1" y="-2.2350000000000008" rotation="0" />
<Block type="SquareSmall" material="wood" x="3.7" y="-2.2350000000000008" rotation="0" />
<Block type="SquareSmall" material="wood" x="4.3" y="-2.2350000000000008" rotation="0" />
<Block type="RectFat" material="stone" x="-1.3" y="-1.5450000000000008" rotation="90" />
<Block type="RectFat" material="stone" x="-0.7" y="-1.5450000000000008" rotation="90" />
<Block type="RectFat" material="stone" x="-0.1" y="-1.5450000000000008" rotation="90" />
<Block type="RectFat" material="stone" x="0.6" y="-1.5450000000000008" rotation="90" />
<Block type="RectFat" material="stone" x="1.2" y="-1.5450000000000008" rotation="90" />
<Block type="RectFat" material="stone" x="1.8" y="-1.5450000000000008" rotation="90" />
<Block type="RectFat" material="stone" x="2.4" y="-1.5450000000000008" rotation="90" />
<Block type="RectFat" material="stone" x="3.1" y="-1.5450000000000008" rotation="90" />
<Block type="RectFat" material="stone" x="3.7" y="-1.5450000000000008" rotation="90" />
<Block type="RectFat" material="stone" x="4.3" y="-1.5450000000000008" rotation="90" />
<Block type="SquareSmall" material="ice" x="-1.3" y="-0.8550000000000008" rotation="0" />
<Block type="SquareSmall" material="ice" x="-0.7" y="-0.8550000000000008" rotation="0" />
<Block type="SquareSmall" material="ice" x="-0.1" y="-0.8550000000000008" rotation="0" />
<Block type="SquareSmall" material="ice" x="0.6" y="-0.8550000000000008" rotation="0" />
<Block type="SquareSmall" material="ice" x="1.2" y="-0.8550000000000008" rotation="0" />
<Block type="SquareSmall" material="ice" x="1.8" y="-0.8550000000000008" rotation="0" />
<Block type="SquareSmall" material="ice" x="2.4" y="-0.8550000000000008" rotation="0" />
<Block type="SquareSmall" material="ice" x="3.1" y="-0.8550000000000008" rotation="0" />
<Block type="SquareSmall" material="ice" x="3.7" y="-0.8550000000000008" rotation="0" />
<Block type="SquareSmall" material="ice" x="4.3" y="-0.8550000000000008" rotation="0" />
<Block type="RectFat" material="ice" x="-1.3" y="-0.1650000000000008" rotation="90" />
<Block type="RectFat" material="ice" x="-0.7" y="-0.1650000000000008" rotation="90" />
<Block type="RectFat" material="ice" x="-0.1" y="-0.1650000000000008" rotation="90" />
<Block type="RectSmall" material="ice" x="0.6" y="-0.1650000000000008" rotation="90" />
<Block type="RectSmall" material="ice" x="1.2" y="-0.1650000000000008" rotation="90" />
<Block type="RectFat" material="ice" x="1.8" y="-0.1650000000000008" rotation="90" />
<Block type="RectSmall" material="ice" x="2.4" y="-0.1650000000000008" rotation="90" />
<Block type="RectFat" material="ice" x="3.1" y="-0.1650000000000008" rotation="90" />
<Block type="RectFat" material="ice" x="3.7" y="-0.1650000000000008" rotation="90" />
<Block type="RectFat" material="ice" x="4.3" y="-0.1650000000000008" rotation="90" />
<Block type="SquareHole" material="stone" x="-1.0" y="0.7299999999999992" rotation="0" />
<Block type="SquareHole" material="stone" x="0.3" y="0.7299999999999992" rotation="0" />
<Block type="SquareHole" material="stone" x="1.5" y="0.7299999999999992" rotation="0" />
<Block type="SquareHole" material="ice" x="2.7" y="0.7299999999999992" rotation="0" />
<Block type="SquareHole" material="stone" x="4.0" y="0.7299999999999992" rotation="0" />
<Pig type="BasicSmall" material="" x="-1.0" y="1.4249999999999994" rotation="0" />
<Block type="Triangle" material="wood" x="0.5" y="1.6099999999999992" rotation="0" />
<Pig type="BasicSmall" material="" x="1.5" y="1.4249999999999994" rotation="0" />
<Block type="CircleSmall" material="ice" x="2.5" y="1.4249999999999994" rotation="0" />
<Pig type="BasicSmall" material="" x="3.0" y="1.4249999999999994" rotation="0" />
<Block type="CircleSmall" material="ice" x="3.7" y="1.4249999999999994" rotation="0" />
<Pig type="BasicSmall" material="" x="4.3" y="1.4249999999999994" rotation="0" />
</GameObjects>
</Level>
