<?xml version="1.0" encoding="utf-16"?>
<Level width ="2">
<Camera x="0" y="2" minWidth="20" maxWidth="30">
<Birds>
<Bird type="BirdBlue"/>
<Bird type="BirdRed"/>
<Bird type="BirdYellow"/>
<Bird type="BirdBlue"/>
<Bird type="BirdBlue"/>
<Bird type="BirdBlue"/>
<Bird type="BirdRed"/>
</Birds>
<Slingshot x="-8" y="-2.5">
<GameObjects>
<Block type="RectBig" material="stone" x="-0.9" y="-3.49" rotation="0" />
<Block type="RectBig" material="stone" x="1.6" y="-3.49" rotation="0" />
<Block type="RectBig" material="ice" x="4.1" y="-3.49" rotation="0" />
<TNT type="" x="-1.6" y="-3.0550000000000006" rotation="0" />
<Block type="RectTiny" material="stone" x="-0.9" y="-3.1150000000000007" rotation="90" />
<Block type="RectTiny" material="wood" x="-0.6" y="-3.1150000000000007" rotation="90" />
<Block type="RectTiny" material="wood" x="-0.3" y="-3.1150000000000007" rotation="90" />
<Block type="RectTiny" material="stone" x="1.3" y="-3.1150000000000007" rotation="90" />
<Block type="RectTiny" material="wood" x="1.6" y="-3.1150000000000007" rotation="90" />
<Block type="RectTiny" material="ice" x="1.9" y="-3.1150000000000007" rotation="90" />
<Pig type="BasicSmall" material="" x="2.3" y="-3.1050000000000004" rotation="0" />
<Block type="RectTiny" material="ice" x="3.5" y="-3.1150000000000007" rotation="90" />
<Block type="RectTiny" material="ice" x="3.8" y="-3.1150000000000007" rotation="90" />
<Block type="RectTiny" material="ice" x="4.1" y="-3.1150000000000007" rotation="90" />
<TNT type="" x="4.8" y="-3.0550000000000006" rotation="0" />
<Block type="RectSmall" material="wood" x="-0.9" y="-2.425000000000001" rotation="90" />
<Block type="RectSmall" material="wood" x="-0.6" y="-2.425000000000001" rotation="90" />
<Block type="RectSmall" material="wood" x="-0.3" y="-2.425000000000001" rotation="90" />
<Block type="RectSmall" material="wood" x="1.3" y="-2.425000000000001" rotation="90" />
<Block type="RectSmall" material="ice" x="1.6" y="-2.425000000000001" rotation="90" />
<Block type="RectSmall" material="wood" x="1.9" y="-2.425000000000001" rotation="90" />
<Block type="RectSmall" material="ice" x="3.5" y="-2.425000000000001" rotation="90" />
<Block type="RectSmall" material="ice" x="3.8" y="-2.425000000000001" rotation="90" />
<Block type="RectSmall" material="ice" x="4.1" y="-2.425000000000001" rotation="90" />
<Block type="RectTiny" material="wood" x="-0.6" y="-1.7350000000000012" rotation="90" />
<Block type="RectFat" material="wood" x="1.6" y="-1.7350000000000012" rotation="0" />
<Block type="RectFat" material="ice" x="3.8" y="-1.7350000000000012" rotation="0" />
<Block type="RectBig" material="wood" x="0.3" y="-1.360000000000001" rotation="0" />
<Block type="RectBig" material="wood" x="2.9" y="-1.360000000000001" rotation="0" />
<Block type="RectBig" material="wood" x="0.3" y="-1.0900000000000007" rotation="0" />
<Block type="RectBig" material="wood" x="2.9" y="-1.0900000000000007" rotation="0" />
<Block type="TriangleHole" material="stone" x="-0.4" y="-0.5200000000000007" rotation="0" />
<Block type="RectSmall" material="wood" x="0.6" y="-0.8200000000000007" rotation="0" />
<Block type="RectSmall" material="wood" x="1.6" y="-0.8200000000000007" rotation="0" />
<Block type="RectSmall" material="wood" x="2.6" y="-0.8200000000000007" rotation="0" />
<Block type="CircleSmall" material="stone" x="3.6" y="-0.7050000000000007" rotation="0" />
<Block type="SquareHole" material="wood" x="0.6" y="-0.24000000000000077" rotation="0" />
<Block type="SquareHole" material="wood" x="1.6" y="-0.24000000000000077" rotation="0" />
<Block type="SquareHole" material="wood" x="2.6" y="-0.24000000000000077" rotation="0" />
<Block type="RectTiny" material="wood" x="0.7" y="0.3399999999999992" rotation="0" />
<Block type="RectSmall" material="wood" x="1.6" y="0.3399999999999992" rotation="0" />
<Block type="RectTiny" material="wood" x="2.5" y="0.3399999999999992" rotation="0" />
<Block type="RectTiny" material="wood" x="0.7" y="0.6099999999999992" rotation="0" />
<Block type="RectSmall" material="wood" x="1.6" y="0.6099999999999992" rotation="0" />
<Block type="RectTiny" material="ice" x="2.5" y="0.6099999999999992" rotation="0" />
<Block type="CircleSmall" material="ice" x="0.7" y="0.9949999999999992" rotation="0" />
<Block type="CircleSmall" material="wood" x="1.3" y="0.9949999999999992" rotation="0" />
<Block type="TriangleHole" material="stone" x="2.5" y="1.1799999999999993" rotation="0" />
</GameObjects>
</Level>
