<?xml version="1.0" encoding="utf-16"?>
<Level width ="2">
<Camera x="0" y="2" minWidth="20" maxWidth="30">
<Birds>
<Bird type="BirdBlue"/>
<Bird type="BirdRed"/>
<Bird type="BirdYellow"/>
<Bird type="BirdBlue"/>
<Bird type="BirdBlue"/>
<Bird type="BirdBlue"/>
<Bird type="BirdRed"/>
</Birds>
<Slingshot x="-8" y="-2.5">
<GameObjects>
<Block type="RectMedium" material="wood" x="0.2" y="-3.49" rotation="0" />
<Block type="RectMedium" material="wood" x="2.4" y="-3.49" rotation="0" />
<Pig type="BasicSmall" material="" x="-0.3" y="-3.1050000000000004" rotation="0" />
<Block type="SquareSmall" material="ice" x="0.3" y="-3.1150000000000007" rotation="0" />
<Block type="SquareSmall" material="ice" x="0.8" y="-3.1150000000000007" rotation="0" />
<Block type="SquareSmall" material="ice" x="1.8" y="-3.1150000000000007" rotation="0" />
<Block type="SquareSmall" material="ice" x="2.3" y="-3.1150000000000007" rotation="0" />
<TNT type="" x="2.9" y="-3.0550000000000006" rotation="0" />
<Block type="RectSmall" material="wood" x="0.4" y="-2.425000000000001" rotation="90" />
<Block type="RectSmall" material="wood" x="0.8" y="-2.425000000000001" rotation="90" />
<Block type="RectSmall" material="wood" x="1.8" y="-2.425000000000001" rotation="90" />
<Block type="RectSmall" material="wood" x="2.2" y="-2.425000000000001" rotation="90" />
<Block type="RectTiny" material="ice" x="0.4" y="-1.7350000000000012" rotation="90" />
<Block type="RectTiny" material="ice" x="0.8" y="-1.7350000000000012" rotation="90" />
<Block type="RectTiny" material="ice" x="1.8" y="-1.7350000000000012" rotation="90" />
<Block type="RectTiny" material="ice" x="2.2" y="-1.7350000000000012" rotation="90" />
<Block type="RectTiny" material="ice" x="0.4" y="-1.255000000000001" rotation="90" />
<Block type="RectTiny" material="ice" x="0.8" y="-1.255000000000001" rotation="90" />
<Block type="RectTiny" material="ice" x="1.8" y="-1.255000000000001" rotation="90" />
<Block type="RectTiny" material="ice" x="2.2" y="-1.255000000000001" rotation="90" />
<Block type="RectBig" material="wood" x="1.3" y="-0.8800000000000009" rotation="0" />
<Block type="RectTiny" material="wood" x="0.4" y="-0.5050000000000009" rotation="90" />
<Block type="RectTiny" material="wood" x="0.8" y="-0.5050000000000009" rotation="90" />
<Block type="SquareSmall" material="wood" x="1.8" y="-0.5050000000000009" rotation="0" />
<Block type="RectTiny" material="wood" x="2.2" y="-0.5050000000000009" rotation="90" />
<Block type="RectBig" material="stone" x="1.3" y="-0.13000000000000095" rotation="0" />
<Block type="RectTiny" material="ice" x="0.8" y="0.24499999999999905" rotation="90" />
<Block type="CircleSmall" material="ice" x="1.3" y="0.25499999999999906" rotation="0" />
<Block type="SquareSmall" material="ice" x="1.8" y="0.24499999999999905" rotation="0" />
<Block type="CircleSmall" material="stone" x="0.8" y="0.7349999999999991" rotation="0" />
<Block type="CircleSmall" material="ice" x="1.8" y="0.7349999999999991" rotation="0" />
</GameObjects>
</Level>
