<?xml version="1.0" encoding="utf-16"?>
<Level width ="2">
<Camera x="0" y="2" minWidth="20" maxWidth="30">
<Birds>
<Bird type="BirdBlue"/>
<Bird type="BirdRed"/>
<Bird type="BirdYellow"/>
<Bird type="BirdBlue"/>
<Bird type="BirdBlue"/>
<Bird type="BirdBlue"/>
<Bird type="BirdRed"/>
</Birds>
<Slingshot x="-8" y="-2.5">
<GameObjects>
<Block type="RectTiny" material="ice" x="-0.8" y="-3.49" rotation="0" />
<Block type="RectTiny" material="wood" x="0.1" y="-3.49" rotation="0" />
<Block type="RectTiny" material="wood" x="1.0" y="-3.49" rotation="0" />
<Block type="RectTiny" material="ice" x="1.8" y="-3.49" rotation="0" />
<Block type="RectTiny" material="ice" x="2.7" y="-3.49" rotation="0" />
<Block type="RectTiny" material="ice" x="3.6" y="-3.49" rotation="0" />
<Block type="RectTiny" material="ice" x="-0.8" y="-3.2200000000000006" rotation="0" />
<Block type="RectTiny" material="stone" x="0.1" y="-3.2200000000000006" rotation="0" />
<Block type="RectTiny" material="wood" x="1.0" y="-3.2200000000000006" rotation="0" />
<Block type="RectTiny" material="ice" x="1.8" y="-3.2200000000000006" rotation="0" />
<Block type="RectTiny" material="wood" x="2.7" y="-3.2200000000000006" rotation="0" />
<Block type="RectTiny" material="ice" x="3.6" y="-3.2200000000000006" rotation="0" />
<Block type="RectTiny" material="ice" x="-0.8" y="-2.950000000000001" rotation="0" />
<Block type="RectTiny" material="stone" x="0.1" y="-2.950000000000001" rotation="0" />
<Block type="RectTiny" material="ice" x="1.0" y="-2.950000000000001" rotation="0" />
<Block type="RectTiny" material="ice" x="1.8" y="-2.950000000000001" rotation="0" />
<Block type="RectTiny" material="wood" x="2.7" y="-2.950000000000001" rotation="0" />
<Block type="RectTiny" material="ice" x="3.6" y="-2.950000000000001" rotation="0" />
<Block type="RectTiny" material="ice" x="-0.8" y="-2.6800000000000015" rotation="0" />
<Block type="RectTiny" material="wood" x="0.1" y="-2.6800000000000015" rotation="0" />
<Block type="RectTiny" material="stone" x="1.0" y="-2.6800000000000015" rotation="0" />
<Block type="RectTiny" material="ice" x="1.8" y="-2.6800000000000015" rotation="0" />
<Block type="RectTiny" material="wood" x="2.7" y="-2.6800000000000015" rotation="0" />
<Block type="RectTiny" material="wood" x="3.6" y="-2.6800000000000015" rotation="0" />
<Block type="SquareSmall" material="ice" x="-0.8" y="-2.305000000000002" rotation="0" />
<Block type="SquareSmall" material="ice" x="0.1" y="-2.305000000000002" rotation="0" />
<Block type="SquareSmall" material="ice" x="1.0" y="-2.305000000000002" rotation="0" />
<Block type="SquareSmall" material="wood" x="1.8" y="-2.305000000000002" rotation="0" />
<Block type="SquareSmall" material="wood" x="2.7" y="-2.305000000000002" rotation="0" />
<Block type="SquareSmall" material="wood" x="3.6" y="-2.305000000000002" rotation="0" />
<Block type="SquareSmall" material="ice" x="-0.8" y="-1.825000000000002" rotation="0" />
<Block type="SquareSmall" material="ice" x="0.1" y="-1.825000000000002" rotation="0" />
<Block type="SquareSmall" material="ice" x="1.0" y="-1.825000000000002" rotation="0" />
<Block type="SquareSmall" material="wood" x="1.8" y="-1.825000000000002" rotation="0" />
<Block type="SquareSmall" material="wood" x="2.7" y="-1.825000000000002" rotation="0" />
<Block type="SquareSmall" material="ice" x="3.6" y="-1.825000000000002" rotation="0" />
<Block type="RectTiny" material="stone" x="-0.8" y="-1.4500000000000017" rotation="0" />
<Block type="RectTiny" material="ice" x="0.1" y="-1.4500000000000017" rotation="0" />
<Block type="RectTiny" material="ice" x="1.0" y="-1.4500000000000017" rotation="0" />
<Block type="RectTiny" material="stone" x="1.8" y="-1.4500000000000017" rotation="0" />
<Block type="RectTiny" material="stone" x="2.7" y="-1.4500000000000017" rotation="0" />
<Block type="RectTiny" material="ice" x="3.6" y="-1.4500000000000017" rotation="0" />
<Block type="RectTiny" material="stone" x="-0.8" y="-1.0750000000000015" rotation="90" />
<Block type="SquareSmall" material="ice" x="0.1" y="-1.0750000000000015" rotation="0" />
<Block type="SquareSmall" material="ice" x="1.0" y="-1.0750000000000015" rotation="0" />
<Block type="SquareSmall" material="stone" x="1.8" y="-1.0750000000000015" rotation="0" />
<Block type="SquareSmall" material="wood" x="2.7" y="-1.0750000000000015" rotation="0" />
<Block type="SquareSmall" material="ice" x="3.6" y="-1.0750000000000015" rotation="0" />
<Block type="RectBig" material="stone" x="0.1" y="-0.7000000000000015" rotation="0" />
<Block type="RectBig" material="stone" x="2.7" y="-0.7000000000000015" rotation="0" />
<Pig type="BasicSmall" material="" x="-0.6" y="-0.31500000000000156" rotation="0" />
<Block type="RectFat" material="wood" x="0.2" y="-0.11500000000000153" rotation="90" />
<Block type="RectFat" material="ice" x="0.9" y="-0.11500000000000153" rotation="90" />
<Block type="RectFat" material="ice" x="1.9" y="-0.11500000000000153" rotation="90" />
<Block type="RectFat" material="ice" x="2.6" y="-0.11500000000000153" rotation="90" />
<Pig type="BasicSmall" material="" x="3.4" y="-0.31500000000000156" rotation="0" />
<Block type="RectTiny" material="ice" x="0.2" y="0.5749999999999985" rotation="90" />
<Block type="SquareSmall" material="ice" x="0.9" y="0.5749999999999985" rotation="0" />
<Block type="SquareSmall" material="stone" x="1.9" y="0.5749999999999985" rotation="0" />
<Block type="RectTiny" material="ice" x="2.6" y="0.5749999999999985" rotation="90" />
<Block type="TriangleHole" material="stone" x="0.2" y="1.2499999999999984" rotation="0" />
<Block type="CircleSmall" material="stone" x="0.9" y="1.0649999999999986" rotation="0" />
<Block type="CircleSmall" material="wood" x="1.9" y="1.0649999999999986" rotation="0" />
<Block type="CircleSmall" material="stone" x="2.6" y="1.0649999999999986" rotation="0" />
</GameObjects>
</Level>
