<?xml version="1.0" encoding="utf-16"?>
<Level width ="2">
<Camera x="0" y="2" minWidth="20" maxWidth="30">
<Birds>
<Bird type="BirdBlue"/>
<Bird type="BirdRed"/>
<Bird type="BirdYellow"/>
<Bird type="BirdBlue"/>
<Bird type="BirdBlue"/>
<Bird type="BirdBlue"/>
<Bird type="BirdRed"/>
</Birds>
<Slingshot x="-8" y="-2.5">
<GameObjects>
<Platform type="Platform" material="" x="0.2" y="-3.29" rotation="0" />
<Platform type="Platform" material="" x="0.8" y="-3.29" rotation="0" />
<Platform type="Platform" material="" x="1.4" y="-3.29" rotation="0" />
<Platform type="Platform" material="" x="2.0" y="-3.29" rotation="0" />
<Platform type="Platform" material="" x="2.6" y="-3.29" rotation="0" />
<Pig type="BasicSmall" material="" x="3.2" y="-3.375" rotation="0" />
<Block type="RectSmall" material="ice" x="0.0" y="-2.5050000000000003" rotation="90" />
<Block type="RectSmall" material="stone" x="0.3" y="-2.5050000000000003" rotation="90" />
<Block type="RectSmall" material="ice" x="0.6" y="-2.5050000000000003" rotation="90" />
<Block type="RectSmall" material="stone" x="0.9" y="-2.5050000000000003" rotation="90" />
<Block type="RectSmall" material="wood" x="1.2" y="-2.5050000000000003" rotation="90" />
<Block type="RectSmall" material="stone" x="1.5" y="-2.5050000000000003" rotation="90" />
<Block type="RectSmall" material="ice" x="1.8" y="-2.5050000000000003" rotation="90" />
<Block type="RectSmall" material="ice" x="2.1" y="-2.5050000000000003" rotation="90" />
<Block type="RectSmall" material="ice" x="2.4" y="-2.5050000000000003" rotation="90" />
<Block type="RectTiny" material="ice" x="0.0" y="-1.8150000000000004" rotation="90" />
<Block type="RectTiny" material="ice" x="0.3" y="-1.8150000000000004" rotation="90" />
<Block type="RectTiny" material="stone" x="0.6" y="-1.8150000000000004" rotation="90" />
<Block type="RectTiny" material="wood" x="0.9" y="-1.8150000000000004" rotation="90" />
<Block type="RectTiny" material="wood" x="1.2" y="-1.8150000000000004" rotation="90" />
<Block type="RectTiny" material="stone" x="1.5" y="-1.8150000000000004" rotation="90" />
<Block type="RectTiny" material="stone" x="1.8" y="-1.8150000000000004" rotation="90" />
<Block type="RectTiny" material="ice" x="2.1" y="-1.8150000000000004" rotation="90" />
<Block type="RectTiny" material="ice" x="2.4" y="-1.8150000000000004" rotation="90" />
<Block type="RectTiny" material="ice" x="0.0" y="-1.3350000000000002" rotation="90" />
<Block type="RectTiny" material="ice" x="0.3" y="-1.3350000000000002" rotation="90" />
<Block type="RectTiny" material="ice" x="0.6" y="-1.3350000000000002" rotation="90" />
<Block type="RectTiny" material="stone" x="0.9" y="-1.3350000000000002" rotation="90" />
<Block type="RectTiny" material="stone" x="1.2" y="-1.3350000000000002" rotation="90" />
<Block type="RectTiny" material="stone" x="1.5" y="-1.3350000000000002" rotation="90" />
<Block type="RectTiny" material="stone" x="1.8" y="-1.3350000000000002" rotation="90" />
<Block type="RectTiny" material="ice" x="2.1" y="-1.3350000000000002" rotation="90" />
<Block type="RectTiny" material="stone" x="2.4" y="-1.3350000000000002" rotation="90" />
<Block type="RectTiny" material="ice" x="0.0" y="-0.8550000000000001" rotation="90" />
<Block type="RectTiny" material="ice" x="0.3" y="-0.8550000000000001" rotation="90" />
<Block type="RectTiny" material="ice" x="0.6" y="-0.8550000000000001" rotation="90" />
<Block type="RectTiny" material="stone" x="0.9" y="-0.8550000000000001" rotation="90" />
<Block type="RectTiny" material="wood" x="1.2" y="-0.8550000000000001" rotation="90" />
<Block type="RectTiny" material="wood" x="1.5" y="-0.8550000000000001" rotation="90" />
<Block type="RectTiny" material="stone" x="1.8" y="-0.8550000000000001" rotation="90" />
<Block type="RectTiny" material="ice" x="2.1" y="-0.8550000000000001" rotation="90" />
<Block type="RectTiny" material="wood" x="2.4" y="-0.8550000000000001" rotation="90" />
<Block type="SquareTiny" material="ice" x="0.0" y="-0.48000000000000015" rotation="0" />
<Block type="SquareTiny" material="ice" x="0.3" y="-0.48000000000000015" rotation="0" />
<Block type="SquareTiny" material="ice" x="0.6" y="-0.48000000000000015" rotation="0" />
<Block type="SquareTiny" material="wood" x="0.9" y="-0.48000000000000015" rotation="0" />
<Block type="SquareTiny" material="wood" x="1.2" y="-0.48000000000000015" rotation="0" />
<Block type="SquareTiny" material="ice" x="1.5" y="-0.48000000000000015" rotation="0" />
<Block type="SquareTiny" material="stone" x="1.8" y="-0.48000000000000015" rotation="0" />
<Block type="SquareTiny" material="ice" x="2.1" y="-0.48000000000000015" rotation="0" />
<Block type="SquareTiny" material="ice" x="2.4" y="-0.48000000000000015" rotation="0" />
<Block type="SquareHole" material="ice" x="0.3" y="0.09999999999999983" rotation="0" />
<Block type="SquareHole" material="stone" x="1.2" y="0.09999999999999983" rotation="0" />
<Block type="SquareHole" material="ice" x="2.1" y="0.09999999999999983" rotation="0" />
<Block type="RectSmall" material="ice" x="0.3" y="0.6799999999999998" rotation="0" />
<Block type="RectSmall" material="ice" x="1.2" y="0.6799999999999998" rotation="0" />
<Block type="RectSmall" material="ice" x="2.1" y="0.6799999999999998" rotation="0" />
<Block type="SquareTiny" material="ice" x="0.3" y="0.9499999999999998" rotation="0" />
<Block type="SquareTiny" material="stone" x="0.7" y="0.9499999999999998" rotation="0" />
<Block type="SquareTiny" material="ice" x="1.2" y="0.9499999999999998" rotation="0" />
<Block type="SquareTiny" material="stone" x="1.7" y="0.9499999999999998" rotation="0" />
<Block type="SquareTiny" material="stone" x="2.1" y="0.9499999999999998" rotation="0" />
<Pig type="BasicSmall" material="" x="0.3" y="1.335" rotation="0" />
<Pig type="BasicSmall" material="" x="1.2" y="1.335" rotation="0" />
<Pig type="BasicSmall" material="" x="2.1" y="1.335" rotation="0" />
</GameObjects>
</Level>
