<?xml version="1.0" encoding="utf-16"?>
<Level width ="2">
<Camera x="0" y="2" minWidth="20" maxWidth="30">
<Birds>
<Bird type="BirdBlue"/>
<Bird type="BirdRed"/>
<Bird type="BirdYellow"/>
<Bird type="BirdBlue"/>
<Bird type="BirdBlue"/>
<Bird type="BirdBlue"/>
<Bird type="BirdRed"/>
</Birds>
<Slingshot x="-8" y="-2.5">
<GameObjects>
<Block type="RectBig" material="stone" x="0.3" y="-3.49" rotation="0" />
<Block type="RectBig" material="stone" x="2.3" y="-3.49" rotation="0" />
<Pig type="BasicSmall" material="" x="-0.4" y="-3.1050000000000004" rotation="0" />
<Block type="RectBig" material="stone" x="0.3" y="-2.3000000000000007" rotation="90" />
<Block type="RectBig" material="stone" x="0.9" y="-2.3000000000000007" rotation="90" />
<Block type="RectBig" material="stone" x="1.7" y="-2.3000000000000007" rotation="90" />
<Block type="RectBig" material="stone" x="2.3" y="-2.3000000000000007" rotation="90" />
<TNT type="" x="3.0" y="-3.0550000000000006" rotation="0" />
<Block type="RectSmall" material="stone" x="0.6" y="-1.1100000000000005" rotation="0" />
<Block type="RectSmall" material="stone" x="2.0" y="-1.1100000000000005" rotation="0" />
<Block type="RectBig" material="stone" x="1.3" y="-0.8400000000000004" rotation="0" />
<Block type="RectBig" material="stone" x="1.3" y="-0.5700000000000004" rotation="0" />
<Block type="CircleSmall" material="wood" x="0.6" y="-0.1850000000000004" rotation="0" />
<Block type="CircleSmall" material="wood" x="1.3" y="-0.1850000000000004" rotation="0" />
<Pig type="BasicSmall" material="" x="1.9" y="-0.1850000000000004" rotation="0" />
</GameObjects>
</Level>
