<?xml version="1.0" encoding="utf-16"?>
<Level width ="2">
<Camera x="0" y="2" minWidth="20" maxWidth="30">
<Birds>
<Bird type="BirdBlue"/>
<Bird type="BirdRed"/>
<Bird type="BirdYellow"/>
<Bird type="BirdBlue"/>
<Bird type="BirdBlue"/>
<Bird type="BirdBlue"/>
<Bird type="BirdRed"/>
</Birds>
<Slingshot x="-8" y="-2.5">
<GameObjects>
<Block type="SquareTiny" material="ice" x="-1.4" y="-3.49" rotation="0" />
<TNT type="" x="0.0" y="-3.325" rotation="0" />
<Block type="SquareTiny" material="wood" x="0.5" y="-3.49" rotation="0" />
<Block type="SquareTiny" material="wood" x="0.7" y="-3.49" rotation="0" />
<Pig type="BasicSmall" material="" x="1.1" y="-3.375" rotation="0" />
<Block type="SquareTiny" material="stone" x="2.5" y="-3.49" rotation="0" />
<Block type="SquareTiny" material="wood" x="2.7" y="-3.49" rotation="0" />
<Block type="SquareTiny" material="wood" x="4.6" y="-3.49" rotation="0" />
<Block type="RectBig" material="wood" x="-1.4" y="-2.3000000000000007" rotation="90" />
<Block type="RectBig" material="wood" x="0.5" y="-2.3000000000000007" rotation="90" />
<Block type="RectBig" material="ice" x="0.7" y="-2.3000000000000007" rotation="90" />
<Block type="RectBig" material="stone" x="2.5" y="-2.3000000000000007" rotation="90" />
<Block type="RectBig" material="wood" x="2.7" y="-2.3000000000000007" rotation="90" />
<Block type="RectBig" material="wood" x="4.6" y="-2.3000000000000007" rotation="90" />
<Block type="RectBig" material="ice" x="-0.5" y="-1.1100000000000005" rotation="0" />
<Block type="RectBig" material="stone" x="1.6" y="-1.1100000000000005" rotation="0" />
<Block type="RectBig" material="ice" x="3.7" y="-1.1100000000000005" rotation="0" />
<Block type="CircleSmall" material="ice" x="-1.2" y="-0.7250000000000004" rotation="0" />
<Block type="RectTiny" material="ice" x="-0.4" y="-0.7350000000000004" rotation="90" />
<Block type="RectTiny" material="stone" x="1.1" y="-0.7350000000000004" rotation="90" />
<Block type="Triangle" material="wood" x="1.6" y="-0.5400000000000005" rotation="0" />
<Block type="RectTiny" material="stone" x="2.1" y="-0.7350000000000004" rotation="90" />
<Block type="RectTiny" material="wood" x="3.6" y="-0.7350000000000004" rotation="90" />
<Block type="CircleSmall" material="ice" x="4.4" y="-0.7250000000000004" rotation="0" />
<Block type="RectMedium" material="ice" x="0.3" y="-0.3600000000000005" rotation="0" />
<Block type="RectMedium" material="stone" x="2.9" y="-0.3600000000000005" rotation="0" />
<Block type="CircleSmall" material="wood" x="-0.2" y="0.02499999999999951" rotation="0" />
<Block type="CircleSmall" material="stone" x="0.3" y="0.02499999999999951" rotation="0" />
<Block type="CircleSmall" material="ice" x="0.9" y="0.02499999999999951" rotation="0" />
<Block type="CircleSmall" material="wood" x="2.3" y="0.02499999999999951" rotation="0" />
<Block type="CircleSmall" material="wood" x="2.9" y="0.02499999999999951" rotation="0" />
<Block type="CircleSmall" material="ice" x="3.4" y="0.02499999999999951" rotation="0" />
</GameObjects>
</Level>
