<?xml version="1.0" encoding="utf-16"?>
<Level width ="2">
<Camera x="0" y="2" minWidth="20" maxWidth="30">
<Birds>
<Bird type="BirdBlue"/>
<Bird type="BirdRed"/>
<Bird type="BirdYellow"/>
<Bird type="BirdBlue"/>
<Bird type="BirdBlue"/>
<Bird type="BirdBlue"/>
<Bird type="BirdRed"/>
</Birds>
<Slingshot x="-8" y="-2.5">
<GameObjects>
<Block type="RectFat" material="ice" x="-1.2" y="-3.1750000000000003" rotation="90" />
<Block type="RectFat" material="ice" x="-0.6" y="-3.1750000000000003" rotation="90" />
<Pig type="BasicSmall" material="" x="-0.1" y="-3.375" rotation="0" />
<Block type="RectFat" material="stone" x="0.6" y="-3.1750000000000003" rotation="90" />
<Block type="RectFat" material="wood" x="1.2" y="-3.1750000000000003" rotation="90" />
<Block type="RectFat" material="stone" x="1.8" y="-3.1750000000000003" rotation="90" />
<Block type="RectFat" material="wood" x="2.4" y="-3.1750000000000003" rotation="90" />
<TNT type="" x="2.9" y="-3.325" rotation="0" />
<Block type="RectFat" material="stone" x="3.6" y="-3.1750000000000003" rotation="90" />
<Block type="RectFat" material="stone" x="4.2" y="-3.1750000000000003" rotation="90" />
<Block type="RectTiny" material="stone" x="-1.2" y="-2.5900000000000007" rotation="0" />
<Block type="RectTiny" material="stone" x="-0.6" y="-2.5900000000000007" rotation="0" />
<Block type="RectTiny" material="ice" x="0.6" y="-2.5900000000000007" rotation="0" />
<Block type="RectTiny" material="ice" x="1.2" y="-2.5900000000000007" rotation="0" />
<Block type="RectTiny" material="ice" x="1.8" y="-2.5900000000000007" rotation="0" />
<Block type="RectTiny" material="ice" x="2.4" y="-2.5900000000000007" rotation="0" />
<Block type="RectTiny" material="wood" x="3.6" y="-2.5900000000000007" rotation="0" />
<Block type="RectTiny" material="wood" x="4.2" y="-2.5900000000000007" rotation="0" />
<Block type="RectFat" material="stone" x="-0.9" y="-2.215000000000001" rotation="0" />
<Block type="RectFat" material="wood" x="0.9" y="-2.215000000000001" rotation="0" />
<Block type="RectFat" material="stone" x="2.1" y="-2.215000000000001" rotation="0" />
<Block type="RectFat" material="stone" x="3.9" y="-2.215000000000001" rotation="0" />
<Block type="RectSmall" material="ice" x="-1.2" y="-1.5250000000000012" rotation="90" />
<Block type="RectSmall" material="stone" x="-0.9" y="-1.5250000000000012" rotation="90" />
<Block type="RectSmall" material="ice" x="-0.6" y="-1.5250000000000012" rotation="90" />
<Block type="RectSmall" material="ice" x="0.6" y="-1.5250000000000012" rotation="90" />
<Block type="RectSmall" material="wood" x="0.9" y="-1.5250000000000012" rotation="90" />
<Block type="RectSmall" material="wood" x="1.2" y="-1.5250000000000012" rotation="90" />
<Block type="RectSmall" material="ice" x="1.8" y="-1.5250000000000012" rotation="90" />
<Block type="RectSmall" material="wood" x="2.1" y="-1.5250000000000012" rotation="90" />
<Block type="RectSmall" material="ice" x="2.4" y="-1.5250000000000012" rotation="90" />
<Block type="RectSmall" material="stone" x="3.6" y="-1.5250000000000012" rotation="90" />
<Block type="RectSmall" material="ice" x="3.9" y="-1.5250000000000012" rotation="90" />
<Block type="RectSmall" material="wood" x="4.2" y="-1.5250000000000012" rotation="90" />
<Block type="RectSmall" material="wood" x="-0.9" y="-0.9400000000000012" rotation="0" />
<Block type="RectSmall" material="ice" x="0.9" y="-0.9400000000000012" rotation="0" />
<Block type="RectSmall" material="stone" x="2.1" y="-0.9400000000000012" rotation="0" />
<Block type="RectSmall" material="ice" x="3.9" y="-0.9400000000000012" rotation="0" />
<Block type="SquareHole" material="stone" x="-0.9" y="-0.3600000000000012" rotation="0" />
<Block type="SquareHole" material="wood" x="0.9" y="-0.3600000000000012" rotation="0" />
<Block type="SquareHole" material="stone" x="2.1" y="-0.3600000000000012" rotation="0" />
<Block type="SquareHole" material="wood" x="3.9" y="-0.3600000000000012" rotation="0" />
<Block type="RectBig" material="wood" x="0.0" y="0.21999999999999875" rotation="0" />
<Block type="RectBig" material="wood" x="3.0" y="0.21999999999999875" rotation="0" />
<Block type="Triangle" material="stone" x="-0.7" y="0.7899999999999987" rotation="90" />
<Block type="CircleSmall" material="wood" x="0.0" y="0.6049999999999988" rotation="0" />
<Block type="CircleSmall" material="ice" x="0.7" y="0.6049999999999988" rotation="0" />
<Block type="CircleSmall" material="ice" x="2.3" y="0.6049999999999988" rotation="0" />
<Block type="Triangle" material="ice" x="3.0" y="0.7899999999999987" rotation="0" />
<Block type="CircleSmall" material="wood" x="3.7" y="0.6049999999999988" rotation="0" />
</GameObjects>
</Level>
