<?xml version="1.0" encoding="utf-16"?>
<Level width ="2">
<Camera x="0" y="2" minWidth="20" maxWidth="30">
<Birds>
<Bird type="BirdBlue"/>
<Bird type="BirdRed"/>
<Bird type="BirdYellow"/>
<Bird type="BirdBlue"/>
<Bird type="BirdBlue"/>
<Bird type="BirdBlue"/>
<Bird type="BirdRed"/>
</Birds>
<Slingshot x="-8" y="-2.5">
<GameObjects>
<Platform type="Platform" material="" x="-0.5" y="-3.29" rotation="0" />
<Platform type="Platform" material="" x="0.2" y="-3.29" rotation="0" />
<Platform type="Platform" material="" x="0.8" y="-3.29" rotation="0" />
<Platform type="Platform" material="" x="1.4" y="-3.29" rotation="0" />
<Platform type="Platform" material="" x="2.0" y="-3.29" rotation="0" />
<Platform type="Platform" material="" x="2.6" y="-3.29" rotation="0" />
<Platform type="Platform" material="" x="3.3" y="-3.29" rotation="0" />
<Block type="SquareSmall" material="wood" x="-0.3" y="-2.7150000000000003" rotation="0" />
<Block type="RectTiny" material="wood" x="0.5" y="-2.7150000000000003" rotation="90" />
<Block type="RectTiny" material="ice" x="2.3" y="-2.7150000000000003" rotation="90" />
<Block type="SquareHole" material="ice" x="-0.3" y="-2.0300000000000007" rotation="0" />
<Block type="RectBig" material="ice" x="1.4" y="-2.3400000000000007" rotation="0" />
<Block type="RectTiny" material="ice" x="0.5" y="-1.965000000000001" rotation="90" />
<Block type="RectTiny" material="ice" x="0.9" y="-1.965000000000001" rotation="90" />
<Block type="RectTiny" material="stone" x="1.9" y="-1.965000000000001" rotation="90" />
<Block type="RectTiny" material="stone" x="2.3" y="-1.965000000000001" rotation="90" />
<Block type="RectBig" material="stone" x="1.4" y="-1.5900000000000007" rotation="0" />
<Block type="RectTiny" material="ice" x="-0.3" y="-1.4500000000000006" rotation="0" />
<Block type="RectTiny" material="ice" x="0.5" y="-1.2150000000000005" rotation="90" />
<Block type="RectTiny" material="stone" x="1.4" y="-1.2150000000000005" rotation="90" />
<Block type="RectTiny" material="stone" x="2.3" y="-1.2150000000000005" rotation="90" />
<Block type="SquareHole" material="wood" x="-0.3" y="-0.8700000000000006" rotation="0" />
<Block type="RectBig" material="stone" x="1.4" y="-0.8400000000000004" rotation="0" />
<Block type="RectFat" material="stone" x="1.1" y="-0.25500000000000045" rotation="90" />
<Block type="RectFat" material="stone" x="1.7" y="-0.25500000000000045" rotation="90" />
<Block type="SquareSmall" material="ice" x="1.1" y="0.43499999999999955" rotation="0" />
<Block type="SquareSmall" material="stone" x="1.7" y="0.43499999999999955" rotation="0" />
<Block type="RectFat" material="stone" x="1.4" y="0.9149999999999996" rotation="0" />
<Block type="RectTiny" material="ice" x="1.4" y="1.2899999999999998" rotation="0" />
<Pig type="BasicSmall" material="" x="1.4" y="1.675" rotation="0" />
</GameObjects>
</Level>
