<?xml version="1.0" encoding="utf-16"?>
<Level width ="2">
<Camera x="0" y="2" minWidth="20" maxWidth="30">
<Birds>
<Bird type="BirdBlue"/>
<Bird type="BirdRed"/>
<Bird type="BirdYellow"/>
<Bird type="BirdBlue"/>
<Bird type="BirdBlue"/>
<Bird type="BirdBlue"/>
<Bird type="BirdRed"/>
</Birds>
<Slingshot x="-8" y="-2.5">
<GameObjects>
<Pig type="BasicSmall" material="" x="3.2" y="-3.375" rotation="0" />
<Block type="RectSmall" material="wood" x="0.3" y="-3.1750000000000003" rotation="90" />
<Block type="RectSmall" material="wood" x="0.7" y="-3.1750000000000003" rotation="90" />
<Block type="RectSmall" material="wood" x="1.2" y="-3.1750000000000003" rotation="90" />
<Block type="RectSmall" material="wood" x="1.7" y="-3.1750000000000003" rotation="90" />
<Block type="RectSmall" material="wood" x="2.1" y="-3.1750000000000003" rotation="90" />
<Block type="RectSmall" material="wood" x="0.3" y="-2.275000000000001" rotation="90" />
<Block type="RectSmall" material="wood" x="0.7" y="-2.275000000000001" rotation="90" />
<Block type="RectSmall" material="wood" x="1.2" y="-2.275000000000001" rotation="90" />
<Block type="RectSmall" material="wood" x="1.7" y="-2.275000000000001" rotation="90" />
<Block type="RectSmall" material="wood" x="2.1" y="-2.275000000000001" rotation="90" />
<Block type="RectSmall" material="ice" x="0.3" y="-1.3750000000000007" rotation="90" />
<Block type="RectSmall" material="ice" x="0.7" y="-1.3750000000000007" rotation="90" />
<Block type="RectSmall" material="ice" x="1.2" y="-1.3750000000000007" rotation="90" />
<Block type="RectSmall" material="ice" x="1.7" y="-1.3750000000000007" rotation="90" />
<Block type="RectSmall" material="ice" x="2.1" y="-1.3750000000000007" rotation="90" />
<Block type="RectSmall" material="ice" x="0.3" y="-0.4750000000000006" rotation="90" />
<Block type="RectSmall" material="ice" x="0.7" y="-0.4750000000000006" rotation="90" />
<Block type="RectSmall" material="ice" x="1.2" y="-0.4750000000000006" rotation="90" />
<Block type="RectSmall" material="ice" x="1.7" y="-0.4750000000000006" rotation="90" />
<Block type="RectSmall" material="ice" x="2.1" y="-0.4750000000000006" rotation="90" />
<Block type="RectBig" material="stone" x="1.2" y="0.1099999999999994" rotation="0" />
<Block type="RectTiny" material="wood" x="0.7" y="0.3799999999999994" rotation="0" />
<Pig type="BasicSmall" material="" x="1.2" y="0.4949999999999994" rotation="0" />
<Block type="RectTiny" material="wood" x="1.7" y="0.3799999999999994" rotation="0" />
<Pig type="BasicSmall" material="" x="0.7" y="0.7649999999999995" rotation="0" />
<Pig type="BasicSmall" material="" x="1.7" y="0.7649999999999995" rotation="0" />
</GameObjects>
</Level>
