<?xml version="1.0" encoding="utf-16"?>
<Level width ="2">
<Camera x="0" y="2" minWidth="20" maxWidth="30">
<Birds>
<Bird type="BirdBlue"/>
<Bird type="BirdRed"/>
<Bird type="BirdYellow"/>
<Bird type="BirdBlue"/>
<Bird type="BirdBlue"/>
<Bird type="BirdBlue"/>
<Bird type="BirdRed"/>
</Birds>
<Slingshot x="-8" y="-2.5">
<GameObjects>
<Block type="RectMedium" material="ice" x="0.0" y="-3.49" rotation="0" />
<Pig type="BasicSmall" material="" x="1.1" y="-3.375" rotation="0" />
<Block type="RectMedium" material="ice" x="2.6" y="-3.49" rotation="0" />
<TNT type="" x="-0.6" y="-3.0550000000000006" rotation="0" />
<Block type="RectSmall" material="ice" x="0.0" y="-2.9050000000000007" rotation="90" />
<Block type="RectSmall" material="ice" x="0.3" y="-2.9050000000000007" rotation="90" />
<Block type="RectSmall" material="ice" x="0.6" y="-2.9050000000000007" rotation="90" />
<Block type="RectSmall" material="wood" x="2.0" y="-2.9050000000000007" rotation="90" />
<Block type="RectSmall" material="wood" x="2.3" y="-2.9050000000000007" rotation="90" />
<Block type="RectSmall" material="wood" x="2.6" y="-2.9050000000000007" rotation="90" />
<Block type="SquareTiny" material="ice" x="0.0" y="-2.320000000000001" rotation="0" />
<Block type="SquareTiny" material="ice" x="0.3" y="-2.320000000000001" rotation="0" />
<Block type="SquareTiny" material="ice" x="0.6" y="-2.320000000000001" rotation="0" />
<Block type="SquareTiny" material="ice" x="2.0" y="-2.320000000000001" rotation="0" />
<Block type="SquareTiny" material="ice" x="2.3" y="-2.320000000000001" rotation="0" />
<Block type="SquareTiny" material="ice" x="2.6" y="-2.320000000000001" rotation="0" />
<Block type="RectSmall" material="wood" x="0.3" y="-2.0500000000000016" rotation="0" />
<Block type="RectSmall" material="wood" x="2.3" y="-2.0500000000000016" rotation="0" />
<Block type="RectFat" material="stone" x="0.3" y="-1.6750000000000014" rotation="0" />
<Block type="RectFat" material="stone" x="2.3" y="-1.6750000000000014" rotation="0" />
<Block type="RectTiny" material="ice" x="0.4" y="-1.3000000000000012" rotation="0" />
<Block type="RectTiny" material="ice" x="2.2" y="-1.3000000000000012" rotation="0" />
<Block type="SquareSmall" material="wood" x="0.4" y="-0.925000000000001" rotation="0" />
<Block type="SquareSmall" material="wood" x="2.2" y="-0.925000000000001" rotation="0" />
<Block type="RectBig" material="ice" x="1.3" y="-0.550000000000001" rotation="0" />
<Block type="CircleSmall" material="ice" x="0.6" y="-0.16500000000000103" rotation="0" />
<Block type="RectFat" material="stone" x="1.3" y="-0.17500000000000104" rotation="0" />
<Block type="Triangle" material="stone" x="1.6" y="0.49999999999999895" rotation="90" />
</GameObjects>
</Level>
