<?xml version="1.0" encoding="utf-16"?>
<Level width ="2">
<Camera x="0" y="2" minWidth="20" maxWidth="30">
<Birds>
<Bird type="BirdBlue"/>
<Bird type="BirdRed"/>
<Bird type="BirdYellow"/>
<Bird type="BirdBlue"/>
<Bird type="BirdBlue"/>
<Bird type="BirdBlue"/>
<Bird type="BirdRed"/>
</Birds>
<Slingshot x="-8" y="-2.5">
<GameObjects>
<Block type="RectFat" material="stone" x="-0.3" y="-3.3850000000000002" rotation="0" />
<Block type="RectFat" material="wood" x="1.3" y="-3.3850000000000002" rotation="0" />
<Block type="RectFat" material="wood" x="2.9" y="-3.3850000000000002" rotation="0" />
<Block type="RectMedium" material="stone" x="0.4" y="-3.0100000000000007" rotation="0" />
<Block type="RectMedium" material="wood" x="2.2" y="-3.0100000000000007" rotation="0" />
<Pig type="BasicSmall" material="" x="-0.1" y="-2.625000000000001" rotation="0" />
<Block type="SquareHole" material="wood" x="0.6" y="-2.430000000000001" rotation="0" />
<Block type="SquareHole" material="wood" x="2.0" y="-2.430000000000001" rotation="0" />
<Block type="CircleSmall" material="wood" x="2.7" y="-2.625000000000001" rotation="0" />
<Block type="RectSmall" material="wood" x="0.4" y="-1.535000000000001" rotation="90" />
<Block type="RectSmall" material="wood" x="0.9" y="-1.535000000000001" rotation="90" />
<Block type="RectSmall" material="wood" x="1.7" y="-1.535000000000001" rotation="90" />
<Block type="RectFat" material="wood" x="2.2" y="-1.535000000000001" rotation="90" />
<Block type="CircleSmall" material="wood" x="0.4" y="-0.835000000000001" rotation="0" />
<Block type="CircleSmall" material="ice" x="0.9" y="-0.835000000000001" rotation="0" />
<Block type="CircleSmall" material="wood" x="1.7" y="-0.835000000000001" rotation="0" />
<Pig type="BasicSmall" material="" x="2.2" y="-0.835000000000001" rotation="0" />
</GameObjects>
</Level>
