<?xml version="1.0" encoding="utf-16"?>
<Level width ="2">
<Camera x="0" y="2" minWidth="20" maxWidth="30">
<Birds>
<Bird type="BirdBlue"/>
<Bird type="BirdRed"/>
<Bird type="BirdYellow"/>
<Bird type="BirdBlue"/>
<Bird type="BirdBlue"/>
<Bird type="BirdBlue"/>
<Bird type="BirdRed"/>
</Birds>
<Slingshot x="-8" y="-2.5">
<GameObjects>
<Block type="RectTiny" material="stone" x="-0.7" y="-3.49" rotation="0" />
<Block type="RectTiny" material="wood" x="0.0" y="-3.49" rotation="0" />
<Pig type="BasicSmall" material="" x="0.5" y="-3.375" rotation="0" />
<Block type="RectTiny" material="stone" x="1.1" y="-3.49" rotation="0" />
<Block type="RectTiny" material="stone" x="1.7" y="-3.49" rotation="0" />
<Pig type="BasicSmall" material="" x="2.4" y="-3.375" rotation="0" />
<Block type="RectTiny" material="stone" x="2.9" y="-3.49" rotation="0" />
<Block type="RectTiny" material="stone" x="3.5" y="-3.49" rotation="0" />
<Block type="SquareSmall" material="wood" x="-0.7" y="-3.1150000000000007" rotation="0" />
<Block type="SquareSmall" material="wood" x="0.0" y="-3.1150000000000007" rotation="0" />
<Block type="SquareSmall" material="ice" x="1.1" y="-3.1150000000000007" rotation="0" />
<Block type="SquareSmall" material="ice" x="1.7" y="-3.1150000000000007" rotation="0" />
<Block type="SquareSmall" material="ice" x="2.8" y="-3.1150000000000007" rotation="0" />
<Block type="SquareSmall" material="ice" x="3.5" y="-3.1150000000000007" rotation="0" />
<Block type="RectTiny" material="wood" x="-0.7" y="-2.740000000000001" rotation="0" />
<Block type="RectTiny" material="wood" x="0.0" y="-2.740000000000001" rotation="0" />
<Block type="RectTiny" material="wood" x="1.1" y="-2.740000000000001" rotation="0" />
<Block type="RectTiny" material="wood" x="1.7" y="-2.740000000000001" rotation="0" />
<Block type="RectTiny" material="wood" x="2.8" y="-2.740000000000001" rotation="0" />
<Block type="RectTiny" material="wood" x="3.5" y="-2.740000000000001" rotation="0" />
<Block type="RectSmall" material="wood" x="-0.3" y="-2.4700000000000015" rotation="0" />
<Block type="RectSmall" material="wood" x="1.4" y="-2.4700000000000015" rotation="0" />
<Block type="RectSmall" material="wood" x="3.1" y="-2.4700000000000015" rotation="0" />
<Block type="RectTiny" material="wood" x="-0.7" y="-2.095000000000002" rotation="90" />
<Block type="RectTiny" material="wood" x="0.0" y="-2.095000000000002" rotation="90" />
<Block type="RectTiny" material="wood" x="1.1" y="-2.095000000000002" rotation="90" />
<Block type="RectTiny" material="wood" x="1.7" y="-2.095000000000002" rotation="90" />
<Block type="RectTiny" material="wood" x="2.8" y="-2.095000000000002" rotation="90" />
<Block type="RectTiny" material="wood" x="3.5" y="-2.095000000000002" rotation="90" />
<Block type="RectTiny" material="wood" x="-0.7" y="-1.6150000000000018" rotation="90" />
<Block type="RectTiny" material="wood" x="0.0" y="-1.6150000000000018" rotation="90" />
<Block type="RectTiny" material="wood" x="1.1" y="-1.6150000000000018" rotation="90" />
<Block type="RectTiny" material="wood" x="1.7" y="-1.6150000000000018" rotation="90" />
<Block type="RectTiny" material="wood" x="2.8" y="-1.6150000000000018" rotation="90" />
<Block type="RectTiny" material="wood" x="3.5" y="-1.6150000000000018" rotation="90" />
<Block type="RectFat" material="ice" x="-0.3" y="-1.1350000000000016" rotation="0" />
<Block type="RectFat" material="ice" x="1.4" y="-1.1350000000000016" rotation="0" />
<Block type="RectFat" material="ice" x="3.1" y="-1.1350000000000016" rotation="0" />
<Block type="CircleSmall" material="stone" x="-0.6" y="-0.6450000000000016" rotation="0" />
<Block type="RectSmall" material="ice" x="-0.3" y="-0.4450000000000016" rotation="90" />
<Block type="RectSmall" material="ice" x="1.2" y="-0.4450000000000016" rotation="90" />
<Block type="RectSmall" material="ice" x="1.6" y="-0.4450000000000016" rotation="90" />
<Block type="RectSmall" material="ice" x="3.1" y="-0.4450000000000016" rotation="90" />
<Block type="CircleSmall" material="ice" x="3.4" y="-0.6450000000000016" rotation="0" />
<Block type="RectMedium" material="wood" x="0.4" y="0.13999999999999838" rotation="0" />
<Block type="RectMedium" material="wood" x="2.4" y="0.13999999999999838" rotation="0" />
<Block type="CircleSmall" material="stone" x="-0.1" y="0.5249999999999985" rotation="0" />
<Block type="RectSmall" material="ice" x="0.7" y="0.40999999999999837" rotation="0" />
<Block type="RectSmall" material="ice" x="2.1" y="0.40999999999999837" rotation="0" />
<Block type="CircleSmall" material="stone" x="2.9" y="0.5249999999999985" rotation="0" />
<Block type="RectSmall" material="wood" x="0.7" y="0.6799999999999984" rotation="0" />
<Block type="RectSmall" material="wood" x="2.1" y="0.6799999999999984" rotation="0" />
<Block type="CircleSmall" material="stone" x="0.4" y="1.0649999999999984" rotation="0" />
<Block type="CircleSmall" material="ice" x="0.9" y="1.0649999999999984" rotation="0" />
<Block type="Triangle" material="stone" x="1.9" y="1.2499999999999984" rotation="0" />
</GameObjects>
</Level>
