<?xml version="1.0" encoding="utf-16"?>
<Level width ="2">
<Camera x="0" y="2" minWidth="20" maxWidth="30">
<Birds>
<Bird type="BirdBlue"/>
<Bird type="BirdRed"/>
<Bird type="BirdYellow"/>
<Bird type="BirdBlue"/>
<Bird type="BirdBlue"/>
<Bird type="BirdBlue"/>
<Bird type="BirdRed"/>
</Birds>
<Slingshot x="-8" y="-2.5">
<GameObjects>
<Block type="RectSmall" material="stone" x="0.0" y="-3.1750000000000003" rotation="90" />
<Block type="RectSmall" material="stone" x="0.3" y="-3.1750000000000003" rotation="90" />
<Block type="RectSmall" material="stone" x="0.6" y="-3.1750000000000003" rotation="90" />
<Block type="RectSmall" material="stone" x="0.9" y="-3.1750000000000003" rotation="90" />
<Block type="RectSmall" material="stone" x="1.2" y="-3.1750000000000003" rotation="90" />
<Block type="RectSmall" material="stone" x="1.5" y="-3.1750000000000003" rotation="90" />
<Block type="RectSmall" material="stone" x="1.8" y="-3.1750000000000003" rotation="90" />
<Block type="RectSmall" material="stone" x="2.1" y="-3.1750000000000003" rotation="90" />
<Block type="RectSmall" material="stone" x="2.4" y="-3.1750000000000003" rotation="90" />
<Block type="RectSmall" material="wood" x="0.0" y="-2.275000000000001" rotation="90" />
<Block type="RectSmall" material="wood" x="0.3" y="-2.275000000000001" rotation="90" />
<Block type="RectSmall" material="wood" x="0.6" y="-2.275000000000001" rotation="90" />
<Block type="RectSmall" material="wood" x="0.9" y="-2.275000000000001" rotation="90" />
<Block type="RectSmall" material="wood" x="1.2" y="-2.275000000000001" rotation="90" />
<Block type="RectSmall" material="wood" x="1.5" y="-2.275000000000001" rotation="90" />
<Block type="RectSmall" material="wood" x="1.8" y="-2.275000000000001" rotation="90" />
<Block type="RectSmall" material="wood" x="2.1" y="-2.275000000000001" rotation="90" />
<Block type="RectSmall" material="wood" x="2.4" y="-2.275000000000001" rotation="90" />
<Block type="RectSmall" material="stone" x="0.0" y="-1.3750000000000007" rotation="90" />
<Block type="RectSmall" material="stone" x="0.3" y="-1.3750000000000007" rotation="90" />
<Block type="RectSmall" material="stone" x="0.6" y="-1.3750000000000007" rotation="90" />
<Block type="RectSmall" material="stone" x="0.9" y="-1.3750000000000007" rotation="90" />
<Block type="RectSmall" material="stone" x="1.2" y="-1.3750000000000007" rotation="90" />
<Block type="RectSmall" material="stone" x="1.5" y="-1.3750000000000007" rotation="90" />
<Block type="RectSmall" material="stone" x="1.8" y="-1.3750000000000007" rotation="90" />
<Block type="RectSmall" material="stone" x="2.1" y="-1.3750000000000007" rotation="90" />
<Block type="RectSmall" material="stone" x="2.4" y="-1.3750000000000007" rotation="90" />
<Block type="SquareTiny" material="ice" x="0.0" y="-0.7900000000000006" rotation="0" />
<Block type="SquareTiny" material="ice" x="0.3" y="-0.7900000000000006" rotation="0" />
<Block type="SquareTiny" material="ice" x="0.6" y="-0.7900000000000006" rotation="0" />
<Block type="SquareTiny" material="ice" x="0.9" y="-0.7900000000000006" rotation="0" />
<Block type="SquareTiny" material="ice" x="1.2" y="-0.7900000000000006" rotation="0" />
<Block type="SquareTiny" material="ice" x="1.5" y="-0.7900000000000006" rotation="0" />
<Block type="SquareTiny" material="ice" x="1.8" y="-0.7900000000000006" rotation="0" />
<Block type="SquareTiny" material="ice" x="2.1" y="-0.7900000000000006" rotation="0" />
<Block type="SquareTiny" material="ice" x="2.4" y="-0.7900000000000006" rotation="0" />
<Block type="SquareHole" material="wood" x="0.3" y="-0.21000000000000063" rotation="0" />
<Block type="SquareHole" material="wood" x="1.2" y="-0.21000000000000063" rotation="0" />
<Block type="SquareHole" material="wood" x="2.1" y="-0.21000000000000063" rotation="0" />
<Block type="CircleSmall" material="stone" x="0.0" y="0.4849999999999994" rotation="0" />
<Block type="SquareTiny" material="stone" x="0.6" y="0.36999999999999933" rotation="0" />
<Block type="RectSmall" material="stone" x="1.8" y="0.36999999999999933" rotation="0" />
<Pig type="BasicSmall" material="" x="0.6" y="0.7549999999999993" rotation="0" />
<Pig type="BasicSmall" material="" x="1.5" y="0.7549999999999993" rotation="0" />
<Pig type="BasicSmall" material="" x="2.1" y="0.7549999999999993" rotation="0" />
</GameObjects>
</Level>
