<?xml version="1.0" encoding="utf-16"?>
<Level width ="2">
<Camera x="0" y="2" minWidth="20" maxWidth="30">
<Birds>
<Bird type="BirdBlue"/>
<Bird type="BirdRed"/>
<Bird type="BirdYellow"/>
<Bird type="BirdBlue"/>
<Bird type="BirdBlue"/>
<Bird type="BirdBlue"/>
<Bird type="BirdRed"/>
</Birds>
<Slingshot x="-8" y="-2.5">
<GameObjects>
<Platform type="Platform" material="" x="-0.7" y="-3.29" rotation="0" />
<Platform type="Platform" material="" x="-0.1" y="-3.29" rotation="0" />
<Platform type="Platform" material="" x="0.5" y="-3.29" rotation="0" />
<Platform type="Platform" material="" x="1.1" y="-3.29" rotation="0" />
<Platform type="Platform" material="" x="1.7" y="-3.29" rotation="0" />
<Platform type="Platform" material="" x="2.3" y="-3.29" rotation="0" />
<Platform type="Platform" material="" x="2.9" y="-3.29" rotation="0" />
<Platform type="Platform" material="" x="3.5" y="-3.29" rotation="0" />
<Block type="RectTiny" material="stone" x="-0.8" y="-2.8200000000000003" rotation="0" />
<Block type="RectTiny" material="wood" x="-0.1" y="-2.8200000000000003" rotation="0" />
<Block type="RectTiny" material="wood" x="0.4" y="-2.8200000000000003" rotation="0" />
<Block type="RectTiny" material="wood" x="1.0" y="-2.8200000000000003" rotation="0" />
<Block type="RectTiny" material="wood" x="1.8" y="-2.8200000000000003" rotation="0" />
<Block type="RectTiny" material="wood" x="2.4" y="-2.8200000000000003" rotation="0" />
<Block type="RectTiny" material="wood" x="2.9" y="-2.8200000000000003" rotation="0" />
<Block type="RectTiny" material="wood" x="3.6" y="-2.8200000000000003" rotation="0" />
<Block type="RectTiny" material="stone" x="-0.8" y="-2.5500000000000007" rotation="0" />
<Block type="RectTiny" material="stone" x="-0.1" y="-2.5500000000000007" rotation="0" />
<Block type="RectTiny" material="stone" x="0.4" y="-2.5500000000000007" rotation="0" />
<Block type="RectTiny" material="stone" x="1.0" y="-2.5500000000000007" rotation="0" />
<Block type="RectTiny" material="stone" x="1.8" y="-2.5500000000000007" rotation="0" />
<Block type="RectTiny" material="stone" x="2.4" y="-2.5500000000000007" rotation="0" />
<Block type="RectTiny" material="stone" x="2.9" y="-2.5500000000000007" rotation="0" />
<Block type="RectTiny" material="stone" x="3.6" y="-2.5500000000000007" rotation="0" />
<Block type="SquareSmall" material="stone" x="-0.8" y="-2.175000000000001" rotation="0" />
<Block type="SquareSmall" material="stone" x="-0.1" y="-2.175000000000001" rotation="0" />
<Block type="SquareSmall" material="stone" x="0.4" y="-2.175000000000001" rotation="0" />
<Block type="SquareSmall" material="stone" x="1.0" y="-2.175000000000001" rotation="0" />
<Block type="SquareSmall" material="stone" x="1.8" y="-2.175000000000001" rotation="0" />
<Block type="SquareSmall" material="stone" x="2.4" y="-2.175000000000001" rotation="0" />
<Block type="SquareSmall" material="stone" x="2.9" y="-2.175000000000001" rotation="0" />
<Block type="SquareSmall" material="stone" x="3.6" y="-2.175000000000001" rotation="0" />
<Block type="RectTiny" material="stone" x="-0.8" y="-1.800000000000001" rotation="0" />
<Block type="RectTiny" material="stone" x="-0.1" y="-1.800000000000001" rotation="0" />
<Block type="RectTiny" material="stone" x="0.4" y="-1.800000000000001" rotation="0" />
<Block type="RectTiny" material="stone" x="1.0" y="-1.800000000000001" rotation="0" />
<Block type="RectTiny" material="stone" x="1.8" y="-1.800000000000001" rotation="0" />
<Block type="RectTiny" material="stone" x="2.4" y="-1.800000000000001" rotation="0" />
<Block type="RectTiny" material="stone" x="2.9" y="-1.800000000000001" rotation="0" />
<Block type="RectTiny" material="stone" x="3.6" y="-1.800000000000001" rotation="0" />
<Block type="SquareSmall" material="stone" x="-0.8" y="-1.4250000000000007" rotation="0" />
<Block type="SquareSmall" material="stone" x="-0.1" y="-1.4250000000000007" rotation="0" />
<Block type="SquareSmall" material="stone" x="0.4" y="-1.4250000000000007" rotation="0" />
<Block type="SquareSmall" material="stone" x="1.0" y="-1.4250000000000007" rotation="0" />
<Block type="SquareSmall" material="stone" x="1.8" y="-1.4250000000000007" rotation="0" />
<Block type="SquareSmall" material="stone" x="2.4" y="-1.4250000000000007" rotation="0" />
<Block type="SquareSmall" material="stone" x="2.9" y="-1.4250000000000007" rotation="0" />
<Block type="SquareSmall" material="stone" x="3.6" y="-1.4250000000000007" rotation="0" />
<Block type="RectFat" material="stone" x="-0.8" y="-0.7350000000000005" rotation="90" />
<Block type="RectFat" material="wood" x="-0.1" y="-0.7350000000000005" rotation="90" />
<Block type="RectFat" material="wood" x="0.4" y="-0.7350000000000005" rotation="90" />
<Block type="RectFat" material="wood" x="1.0" y="-0.7350000000000005" rotation="90" />
<Block type="RectFat" material="wood" x="1.8" y="-0.7350000000000005" rotation="90" />
<Block type="RectFat" material="wood" x="2.4" y="-0.7350000000000005" rotation="90" />
<Block type="RectFat" material="wood" x="2.9" y="-0.7350000000000005" rotation="90" />
<Block type="RectFat" material="wood" x="3.6" y="-0.7350000000000005" rotation="90" />
<Block type="RectTiny" material="ice" x="-0.8" y="-0.15000000000000058" rotation="0" />
<Block type="RectTiny" material="ice" x="-0.1" y="-0.15000000000000058" rotation="0" />
<Block type="RectTiny" material="ice" x="0.4" y="-0.15000000000000058" rotation="0" />
<Block type="RectTiny" material="ice" x="1.0" y="-0.15000000000000058" rotation="0" />
<Block type="RectTiny" material="ice" x="1.8" y="-0.15000000000000058" rotation="0" />
<Block type="RectTiny" material="ice" x="2.4" y="-0.15000000000000058" rotation="0" />
<Block type="RectTiny" material="ice" x="2.9" y="-0.15000000000000058" rotation="0" />
<Block type="RectTiny" material="ice" x="3.6" y="-0.15000000000000058" rotation="0" />
<Block type="SquareTiny" material="wood" x="-0.8" y="0.11999999999999943" rotation="0" />
<Block type="SquareTiny" material="wood" x="-0.1" y="0.11999999999999943" rotation="0" />
<Block type="RectTiny" material="wood" x="0.4" y="0.11999999999999943" rotation="0" />
<Block type="RectTiny" material="wood" x="1.0" y="0.11999999999999943" rotation="0" />
<Block type="RectTiny" material="wood" x="1.8" y="0.11999999999999943" rotation="0" />
<Block type="SquareTiny" material="wood" x="2.4" y="0.11999999999999943" rotation="0" />
<Block type="SquareTiny" material="wood" x="2.9" y="0.11999999999999943" rotation="0" />
<Block type="SquareTiny" material="wood" x="3.6" y="0.11999999999999943" rotation="0" />
<Block type="RectTiny" material="stone" x="-0.8" y="0.4949999999999994" rotation="90" />
<Block type="RectTiny" material="stone" x="-0.1" y="0.4949999999999994" rotation="90" />
<Block type="RectTiny" material="stone" x="0.4" y="0.4949999999999994" rotation="90" />
<Block type="RectTiny" material="stone" x="1.0" y="0.4949999999999994" rotation="90" />
<Block type="RectTiny" material="stone" x="1.8" y="0.4949999999999994" rotation="90" />
<Block type="RectTiny" material="stone" x="2.4" y="0.4949999999999994" rotation="90" />
<Block type="RectTiny" material="stone" x="2.9" y="0.4949999999999994" rotation="90" />
<Block type="RectTiny" material="stone" x="3.6" y="0.4949999999999994" rotation="90" />
<Block type="SquareTiny" material="wood" x="-0.8" y="0.8699999999999994" rotation="0" />
<Block type="SquareTiny" material="wood" x="-0.1" y="0.8699999999999994" rotation="0" />
<Block type="SquareTiny" material="wood" x="0.4" y="0.8699999999999994" rotation="0" />
<Block type="SquareTiny" material="wood" x="1.0" y="0.8699999999999994" rotation="0" />
<Block type="SquareTiny" material="wood" x="1.8" y="0.8699999999999994" rotation="0" />
<Block type="SquareTiny" material="wood" x="2.4" y="0.8699999999999994" rotation="0" />
<Block type="SquareTiny" material="wood" x="2.9" y="0.8699999999999994" rotation="0" />
<Block type="SquareTiny" material="wood" x="3.6" y="0.8699999999999994" rotation="0" />
<Block type="RectSmall" material="stone" x="-0.4" y="1.1399999999999995" rotation="0" />
<Block type="RectSmall" material="ice" x="0.7" y="1.1399999999999995" rotation="0" />
<Block type="RectSmall" material="stone" x="2.1" y="1.1399999999999995" rotation="0" />
<Block type="RectSmall" material="stone" x="3.2" y="1.1399999999999995" rotation="0" />
<Pig type="BasicSmall" material="" x="-0.4" y="1.5249999999999997" rotation="0" />
<Pig type="BasicSmall" material="" x="0.4" y="1.5249999999999997" rotation="0" />
<Block type="CircleSmall" material="wood" x="1.0" y="1.5249999999999997" rotation="0" />
<Pig type="BasicSmall" material="" x="1.8" y="1.5249999999999997" rotation="0" />
<Block type="CircleSmall" material="ice" x="2.4" y="1.5249999999999997" rotation="0" />
<Block type="CircleSmall" material="stone" x="3.0" y="1.5249999999999997" rotation="0" />
<Pig type="BasicSmall" material="" x="3.5" y="1.5249999999999997" rotation="0" />
</GameObjects>
</Level>
