<?xml version="1.0" encoding="utf-16"?>
<Level width ="2">
<Camera x="0" y="2" minWidth="20" maxWidth="30">
<Birds>
<Bird type="BirdBlue"/>
<Bird type="BirdRed"/>
<Bird type="BirdYellow"/>
<Bird type="BirdBlue"/>
<Bird type="BirdBlue"/>
<Bird type="BirdBlue"/>
<Bird type="BirdRed"/>
</Birds>
<Slingshot x="-8" y="-2.5">
<GameObjects>
<Platform type="Platform" material="" x="-1.7" y="-3.29" rotation="0" />
<Platform type="Platform" material="" x="-1.1" y="-3.29" rotation="0" />
<Platform type="Platform" material="" x="-0.5" y="-3.29" rotation="0" />
<Platform type="Platform" material="" x="0.1" y="-3.29" rotation="0" />
<Platform type="Platform" material="" x="0.7" y="-3.29" rotation="0" />
<Platform type="Platform" material="" x="1.3" y="-3.29" rotation="0" />
<Platform type="Platform" material="" x="1.9" y="-3.29" rotation="0" />
<Platform type="Platform" material="" x="2.5" y="-3.29" rotation="0" />
<Platform type="Platform" material="" x="3.1" y="-3.29" rotation="0" />
<Platform type="Platform" material="" x="3.7" y="-3.29" rotation="0" />
<Platform type="Platform" material="" x="4.3" y="-3.29" rotation="0" />
<Platform type="Platform" material="" x="4.9" y="-3.29" rotation="0" />
<Platform type="Platform" material="" x="5.5" y="-3.29" rotation="0" />
<Block type="RectTiny" material="wood" x="-1.8" y="-2.8200000000000003" rotation="0" />
<TNT type="" x="-0.7" y="-2.6550000000000002" rotation="0" />
<Block type="RectTiny" material="wood" x="-0.2" y="-2.8200000000000003" rotation="0" />
<Pig type="BasicSmall" material="" x="0.3" y="-2.705" rotation="0" />
<Block type="RectTiny" material="wood" x="1.4" y="-2.8200000000000003" rotation="0" />
<Block type="RectTiny" material="wood" x="2.0" y="-2.8200000000000003" rotation="0" />
<Pig type="BasicSmall" material="" x="3.1" y="-2.705" rotation="0" />
<Block type="RectTiny" material="wood" x="3.6" y="-2.8200000000000003" rotation="0" />
<TNT type="" x="4.1" y="-2.6550000000000002" rotation="0" />
<Block type="RectTiny" material="wood" x="5.2" y="-2.8200000000000003" rotation="0" />
<Block type="SquareSmall" material="wood" x="-1.8" y="-2.4450000000000007" rotation="0" />
<Block type="SquareSmall" material="wood" x="-0.2" y="-2.4450000000000007" rotation="0" />
<Block type="SquareSmall" material="wood" x="1.4" y="-2.4450000000000007" rotation="0" />
<Block type="SquareSmall" material="wood" x="2.0" y="-2.4450000000000007" rotation="0" />
<Block type="SquareSmall" material="wood" x="3.6" y="-2.4450000000000007" rotation="0" />
<Block type="SquareSmall" material="wood" x="5.2" y="-2.4450000000000007" rotation="0" />
<Block type="RectTiny" material="ice" x="-1.8" y="-1.965000000000001" rotation="90" />
<Block type="RectTiny" material="ice" x="-0.2" y="-1.965000000000001" rotation="90" />
<Block type="RectTiny" material="ice" x="1.4" y="-1.965000000000001" rotation="90" />
<Block type="RectTiny" material="ice" x="2.0" y="-1.965000000000001" rotation="90" />
<Block type="RectTiny" material="ice" x="3.6" y="-1.965000000000001" rotation="90" />
<Block type="RectTiny" material="ice" x="5.2" y="-1.965000000000001" rotation="90" />
<Block type="RectMedium" material="ice" x="-1.1" y="-1.5900000000000007" rotation="0" />
<Block type="RectMedium" material="ice" x="0.7" y="-1.5900000000000007" rotation="0" />
<Block type="RectMedium" material="ice" x="2.7" y="-1.5900000000000007" rotation="0" />
<Block type="RectMedium" material="ice" x="4.5" y="-1.5900000000000007" rotation="0" />
<Block type="CircleSmall" material="stone" x="-1.6" y="-1.2050000000000005" rotation="0" />
<Block type="SquareSmall" material="stone" x="-1.1" y="-1.2150000000000005" rotation="0" />
<Block type="CircleSmall" material="wood" x="-0.5" y="-1.2050000000000005" rotation="0" />
<Block type="SquareSmall" material="stone" x="0.4" y="-1.2150000000000005" rotation="0" />
<Block type="SquareSmall" material="stone" x="1.0" y="-1.2150000000000005" rotation="0" />
<Block type="SquareSmall" material="stone" x="2.4" y="-1.2150000000000005" rotation="0" />
<Block type="SquareSmall" material="stone" x="3.0" y="-1.2150000000000005" rotation="0" />
<Block type="CircleSmall" material="ice" x="3.9" y="-1.2050000000000005" rotation="0" />
<Block type="SquareSmall" material="stone" x="4.5" y="-1.2150000000000005" rotation="0" />
<Block type="CircleSmall" material="wood" x="5.0" y="-1.2050000000000005" rotation="0" />
<Block type="RectFat" material="ice" x="-1.1" y="-0.5250000000000004" rotation="90" />
<Block type="RectFat" material="ice" x="0.4" y="-0.5250000000000004" rotation="90" />
<Block type="RectFat" material="ice" x="1.0" y="-0.5250000000000004" rotation="90" />
<Block type="RectFat" material="ice" x="2.4" y="-0.5250000000000004" rotation="90" />
<Block type="RectFat" material="ice" x="3.0" y="-0.5250000000000004" rotation="90" />
<Block type="RectFat" material="ice" x="4.5" y="-0.5250000000000004" rotation="90" />
<Block type="RectTiny" material="stone" x="-1.1" y="0.05999999999999964" rotation="0" />
<Block type="RectTiny" material="stone" x="0.4" y="0.05999999999999964" rotation="0" />
<Block type="RectTiny" material="stone" x="1.0" y="0.05999999999999964" rotation="0" />
<Block type="RectTiny" material="stone" x="2.4" y="0.05999999999999964" rotation="0" />
<Block type="RectTiny" material="stone" x="3.0" y="0.05999999999999964" rotation="0" />
<Block type="RectTiny" material="stone" x="4.5" y="0.05999999999999964" rotation="0" />
<Block type="RectFat" material="wood" x="-1.1" y="0.6449999999999997" rotation="90" />
<Block type="RectFat" material="wood" x="0.4" y="0.6449999999999997" rotation="90" />
<Block type="RectFat" material="wood" x="1.0" y="0.6449999999999997" rotation="90" />
<Block type="RectFat" material="wood" x="2.4" y="0.6449999999999997" rotation="90" />
<Block type="RectFat" material="wood" x="3.0" y="0.6449999999999997" rotation="90" />
<Block type="RectFat" material="wood" x="4.5" y="0.6449999999999997" rotation="90" />
<Block type="RectMedium" material="stone" x="-0.3" y="1.2299999999999998" rotation="0" />
<Block type="RectMedium" material="stone" x="1.7" y="1.2299999999999998" rotation="0" />
<Block type="RectMedium" material="stone" x="3.7" y="1.2299999999999998" rotation="0" />
<Block type="CircleSmall" material="wood" x="-0.9" y="1.615" rotation="0" />
<Block type="CircleSmall" material="wood" x="-0.3" y="1.615" rotation="0" />
<Block type="CircleSmall" material="stone" x="0.2" y="1.615" rotation="0" />
<Block type="TriangleHole" material="ice" x="1.7" y="1.7999999999999998" rotation="0" />
<Block type="TriangleHole" material="wood" x="3.2" y="1.7999999999999998" rotation="0" />
<Block type="CircleSmall" material="wood" x="4.3" y="1.615" rotation="0" />
</GameObjects>
</Level>
