<?xml version="1.0" encoding="utf-16"?>
<Level width ="2">
<Camera x="0" y="2" minWidth="20" maxWidth="30">
<Birds>
<Bird type="BirdBlue"/>
<Bird type="BirdRed"/>
<Bird type="BirdYellow"/>
<Bird type="BirdBlue"/>
<Bird type="BirdBlue"/>
<Bird type="BirdBlue"/>
<Bird type="BirdRed"/>
</Birds>
<Slingshot x="-8" y="-2.5">
<GameObjects>
<Block type="RectMedium" material="wood" x="0.3" y="-3.49" rotation="0" />
<Block type="RectMedium" material="stone" x="2.3" y="-3.49" rotation="0" />
<Pig type="BasicSmall" material="" x="-0.3" y="-3.1050000000000004" rotation="0" />
<Block type="RectSmall" material="wood" x="0.3" y="-2.9050000000000007" rotation="90" />
<Block type="RectSmall" material="stone" x="0.9" y="-2.9050000000000007" rotation="90" />
<Block type="RectSmall" material="stone" x="1.7" y="-2.9050000000000007" rotation="90" />
<Block type="RectSmall" material="ice" x="2.3" y="-2.9050000000000007" rotation="90" />
<Pig type="BasicSmall" material="" x="2.9" y="-3.1050000000000004" rotation="0" />
<Block type="SquareHole" material="ice" x="0.6" y="-2.010000000000001" rotation="0" />
<Block type="SquareHole" material="stone" x="2.0" y="-2.010000000000001" rotation="0" />
<Block type="RectBig" material="ice" x="1.3" y="-1.430000000000001" rotation="0" />
<Pig type="BasicSmall" material="" x="0.7" y="-1.0450000000000008" rotation="0" />
<Block type="CircleSmall" material="ice" x="1.3" y="-1.0450000000000008" rotation="0" />
<Block type="Triangle" material="ice" x="2.0" y="-0.860000000000001" rotation="90" />
</GameObjects>
</Level>
