<?xml version="1.0" encoding="utf-16"?>
<Level width ="2">
<Camera x="0" y="2" minWidth="20" maxWidth="30">
<Birds>
<Bird type="BirdBlue"/>
<Bird type="BirdRed"/>
<Bird type="BirdYellow"/>
<Bird type="BirdBlue"/>
<Bird type="BirdBlue"/>
<Bird type="BirdBlue"/>
<Bird type="BirdRed"/>
</Birds>
<Slingshot x="-8" y="-2.5">
<GameObjects>
<Block type="RectBig" material="stone" x="0.2" y="-3.49" rotation="0" />
<Block type="RectBig" material="ice" x="2.4" y="-3.49" rotation="0" />
<Pig type="BasicSmall" material="" x="-0.5" y="-3.1050000000000004" rotation="0" />
<Block type="RectFat" material="wood" x="0.5" y="-3.1150000000000007" rotation="0" />
<Block type="RectFat" material="wood" x="2.1" y="-3.1150000000000007" rotation="0" />
<Pig type="BasicSmall" material="" x="3.1" y="-3.1050000000000004" rotation="0" />
<Block type="RectSmall" material="wood" x="0.2" y="-2.425000000000001" rotation="90" />
<Block type="RectSmall" material="wood" x="0.5" y="-2.425000000000001" rotation="90" />
<Block type="RectSmall" material="wood" x="0.8" y="-2.425000000000001" rotation="90" />
<Block type="RectSmall" material="wood" x="1.8" y="-2.425000000000001" rotation="90" />
<Block type="RectSmall" material="wood" x="2.1" y="-2.425000000000001" rotation="90" />
<Block type="RectSmall" material="wood" x="2.3" y="-2.425000000000001" rotation="90" />
<Block type="RectTiny" material="wood" x="0.2" y="-1.7350000000000012" rotation="90" />
<Block type="RectTiny" material="wood" x="0.5" y="-1.7350000000000012" rotation="90" />
<Block type="RectTiny" material="wood" x="0.8" y="-1.7350000000000012" rotation="90" />
<Block type="RectTiny" material="wood" x="1.8" y="-1.7350000000000012" rotation="90" />
<Block type="RectTiny" material="ice" x="2.1" y="-1.7350000000000012" rotation="90" />
<Block type="RectTiny" material="ice" x="2.3" y="-1.7350000000000012" rotation="90" />
<Block type="RectSmall" material="wood" x="0.2" y="-1.045000000000001" rotation="90" />
<Block type="RectSmall" material="wood" x="0.5" y="-1.045000000000001" rotation="90" />
<Block type="RectSmall" material="wood" x="0.8" y="-1.045000000000001" rotation="90" />
<Block type="RectSmall" material="wood" x="1.8" y="-1.045000000000001" rotation="90" />
<Block type="RectSmall" material="wood" x="2.1" y="-1.045000000000001" rotation="90" />
<Block type="RectSmall" material="ice" x="2.3" y="-1.045000000000001" rotation="90" />
<Block type="RectSmall" material="ice" x="0.2" y="-0.14500000000000102" rotation="90" />
<Block type="RectSmall" material="wood" x="0.5" y="-0.14500000000000102" rotation="90" />
<Block type="RectSmall" material="wood" x="0.8" y="-0.14500000000000102" rotation="90" />
<Block type="RectSmall" material="ice" x="1.8" y="-0.14500000000000102" rotation="90" />
<Block type="RectSmall" material="ice" x="2.1" y="-0.14500000000000102" rotation="90" />
<Block type="RectSmall" material="ice" x="2.3" y="-0.14500000000000102" rotation="90" />
<Block type="SquareTiny" material="stone" x="0.2" y="0.43999999999999895" rotation="0" />
<Block type="SquareTiny" material="ice" x="0.8" y="0.43999999999999895" rotation="0" />
<Block type="SquareTiny" material="ice" x="1.8" y="0.43999999999999895" rotation="0" />
<Block type="SquareTiny" material="wood" x="2.3" y="0.43999999999999895" rotation="0" />
<Block type="Circle" material="stone" x="0.8" y="0.999999999999999" rotation="0" />
<Block type="CircleSmall" material="ice" x="1.8" y="0.824999999999999" rotation="0" />
<Pig type="BasicSmall" material="" x="2.3" y="0.824999999999999" rotation="0" />
</GameObjects>
</Level>
