<?xml version="1.0" encoding="utf-16"?>
<Level width ="2">
<Camera x="0" y="2" minWidth="20" maxWidth="30">
<Birds>
<Bird type="BirdBlue"/>
<Bird type="BirdRed"/>
<Bird type="BirdYellow"/>
<Bird type="BirdBlue"/>
<Bird type="BirdBlue"/>
<Bird type="BirdBlue"/>
<Bird type="BirdRed"/>
</Birds>
<Slingshot x="-8" y="-2.5">
<GameObjects>
<Block type="SquareSmall" material="stone" x="-0.4" y="-3.3850000000000002" rotation="0" />
<Block type="SquareSmall" material="wood" x="0.3" y="-3.3850000000000002" rotation="0" />
<Block type="SquareSmall" material="wood" x="1.0" y="-3.3850000000000002" rotation="0" />
<Block type="SquareSmall" material="wood" x="1.6" y="-3.3850000000000002" rotation="0" />
<Block type="SquareSmall" material="wood" x="2.3" y="-3.3850000000000002" rotation="0" />
<Block type="SquareSmall" material="wood" x="3.0" y="-3.3850000000000002" rotation="0" />
<Block type="RectTiny" material="stone" x="-0.4" y="-3.0100000000000007" rotation="0" />
<Block type="RectTiny" material="wood" x="0.3" y="-3.0100000000000007" rotation="0" />
<Block type="RectTiny" material="wood" x="1.0" y="-3.0100000000000007" rotation="0" />
<Block type="RectTiny" material="wood" x="1.6" y="-3.0100000000000007" rotation="0" />
<Block type="RectTiny" material="wood" x="2.3" y="-3.0100000000000007" rotation="0" />
<Block type="RectTiny" material="wood" x="3.0" y="-3.0100000000000007" rotation="0" />
<Block type="SquareSmall" material="stone" x="-0.4" y="-2.635000000000001" rotation="0" />
<Block type="SquareSmall" material="wood" x="0.3" y="-2.635000000000001" rotation="0" />
<Block type="SquareSmall" material="wood" x="1.0" y="-2.635000000000001" rotation="0" />
<Block type="SquareSmall" material="stone" x="1.6" y="-2.635000000000001" rotation="0" />
<Block type="SquareSmall" material="ice" x="2.3" y="-2.635000000000001" rotation="0" />
<Block type="SquareSmall" material="stone" x="3.0" y="-2.635000000000001" rotation="0" />
<Block type="SquareTiny" material="stone" x="-0.4" y="-2.2600000000000016" rotation="0" />
<Block type="SquareTiny" material="wood" x="0.3" y="-2.2600000000000016" rotation="0" />
<Block type="SquareTiny" material="stone" x="1.0" y="-2.2600000000000016" rotation="0" />
<Block type="RectTiny" material="ice" x="1.6" y="-2.2600000000000016" rotation="0" />
<Block type="RectTiny" material="stone" x="2.3" y="-2.2600000000000016" rotation="0" />
<Block type="RectTiny" material="wood" x="3.0" y="-2.2600000000000016" rotation="0" />
<Block type="RectSmall" material="wood" x="0.0" y="-1.9900000000000018" rotation="0" />
<Block type="RectSmall" material="ice" x="1.3" y="-1.9900000000000018" rotation="0" />
<Block type="RectSmall" material="stone" x="2.6" y="-1.9900000000000018" rotation="0" />
<Block type="RectMedium" material="stone" x="0.4" y="-1.7200000000000015" rotation="0" />
<Block type="RectMedium" material="stone" x="2.2" y="-1.7200000000000015" rotation="0" />
<Pig type="BasicSmall" material="" x="-0.2" y="-1.3350000000000013" rotation="0" />
<Block type="CircleSmall" material="ice" x="0.4" y="-1.3350000000000013" rotation="0" />
<Block type="RectSmall" material="wood" x="1.3" y="-1.4500000000000013" rotation="0" />
<Block type="TriangleHole" material="wood" x="2.8" y="-1.1500000000000015" rotation="0" />
<Block type="RectSmall" material="wood" x="1.0" y="-0.8650000000000011" rotation="90" />
<Block type="RectSmall" material="wood" x="1.3" y="-0.8650000000000011" rotation="90" />
<Block type="RectSmall" material="stone" x="1.6" y="-0.8650000000000011" rotation="90" />
<TNT type="" x="2.0" y="-1.2850000000000013" rotation="0" />
<Block type="RectSmall" material="stone" x="1.3" y="-0.28000000000000114" rotation="0" />
<Block type="RectTiny" material="stone" x="1.3" y="0.09499999999999885" rotation="90" />
<Block type="Circle" material="ice" x="1.3" y="0.7599999999999989" rotation="0" />
</GameObjects>
</Level>
