<?xml version="1.0" encoding="utf-16"?>
<Level width ="2">
<Camera x="0" y="2" minWidth="20" maxWidth="30">
<Birds>
<Bird type="BirdBlue"/>
<Bird type="BirdRed"/>
<Bird type="BirdYellow"/>
<Bird type="BirdBlue"/>
<Bird type="BirdBlue"/>
<Bird type="BirdBlue"/>
<Bird type="BirdRed"/>
</Birds>
<Slingshot x="-8" y="-2.5">
<GameObjects>
<Pig type="BasicSmall" material="" x="-1.1" y="-3.375" rotation="0" />
<Block type="RectBig" material="stone" x="1.3" y="-3.49" rotation="0" />
<Block type="SquareHole" material="wood" x="0.9" y="-2.9100000000000006" rotation="0" />
<Block type="SquareHole" material="wood" x="1.7" y="-2.9100000000000006" rotation="0" />
<Block type="RectMedium" material="wood" x="1.3" y="-2.330000000000001" rotation="0" />
<Block type="RectBig" material="ice" x="0.5" y="-1.140000000000001" rotation="90" />
<Block type="RectBig" material="ice" x="0.9" y="-1.140000000000001" rotation="90" />
<Block type="RectBig" material="wood" x="1.3" y="-1.140000000000001" rotation="90" />
<Block type="RectBig" material="ice" x="1.7" y="-1.140000000000001" rotation="90" />
<Block type="RectBig" material="ice" x="2.1" y="-1.140000000000001" rotation="90" />
<Pig type="BasicSmall" material="" x="0.5" y="0.16499999999999904" rotation="0" />
<Pig type="BasicSmall" material="" x="1.3" y="0.16499999999999904" rotation="0" />
<Pig type="BasicSmall" material="" x="2.1" y="0.16499999999999904" rotation="0" />
</GameObjects>
</Level>
