<?xml version="1.0" encoding="utf-16"?>
<Level width ="2">
<Camera x="0" y="2" minWidth="20" maxWidth="30">
<Birds>
<Bird type="BirdBlue"/>
<Bird type="BirdRed"/>
<Bird type="BirdYellow"/>
<Bird type="BirdBlue"/>
<Bird type="BirdBlue"/>
<Bird type="BirdBlue"/>
<Bird type="BirdRed"/>
</Birds>
<Slingshot x="-8" y="-2.5">
<GameObjects>
<Platform type="Platform" material="" x="0.1" y="-3.29" rotation="0" />
<Platform type="Platform" material="" x="0.7" y="-3.29" rotation="0" />
<Platform type="Platform" material="" x="1.3" y="-3.29" rotation="0" />
<Platform type="Platform" material="" x="1.9" y="-3.29" rotation="0" />
<Platform type="Platform" material="" x="2.5" y="-3.29" rotation="0" />
<Block type="RectTiny" material="wood" x="-0.8" y="-3.3850000000000002" rotation="90" />
<Block type="RectTiny" material="wood" x="-0.8" y="-2.9050000000000007" rotation="90" />
<Block type="SquareSmall" material="ice" x="0.0" y="-2.7150000000000003" rotation="0" />
<Block type="SquareSmall" material="ice" x="0.6" y="-2.7150000000000003" rotation="0" />
<Block type="SquareSmall" material="ice" x="1.3" y="-2.7150000000000003" rotation="0" />
<Block type="SquareSmall" material="wood" x="2.0" y="-2.7150000000000003" rotation="0" />
<Block type="SquareSmall" material="wood" x="2.6" y="-2.7150000000000003" rotation="0" />
<Block type="RectFat" material="wood" x="-0.8" y="-2.425000000000001" rotation="0" />
<Block type="RectFat" material="ice" x="0.0" y="-2.025000000000001" rotation="90" />
<Block type="RectFat" material="wood" x="0.6" y="-2.025000000000001" rotation="90" />
<Block type="RectFat" material="wood" x="1.3" y="-2.025000000000001" rotation="90" />
<Block type="RectFat" material="wood" x="2.0" y="-2.025000000000001" rotation="90" />
<Block type="RectFat" material="stone" x="2.6" y="-2.025000000000001" rotation="90" />
<Block type="SquareSmall" material="stone" x="-0.8" y="-1.9450000000000012" rotation="0" />
<Block type="RectTiny" material="ice" x="0.0" y="-1.4400000000000006" rotation="0" />
<Block type="RectTiny" material="wood" x="0.6" y="-1.4400000000000006" rotation="0" />
<Block type="RectTiny" material="ice" x="1.3" y="-1.4400000000000006" rotation="0" />
<Block type="RectTiny" material="wood" x="2.0" y="-1.4400000000000006" rotation="0" />
<Block type="RectTiny" material="wood" x="2.6" y="-1.4400000000000006" rotation="0" />
<Block type="RectFat" material="stone" x="-0.8" y="-1.465000000000001" rotation="0" />
<Block type="RectTiny" material="wood" x="0.0" y="-1.1700000000000004" rotation="0" />
<Block type="RectTiny" material="wood" x="0.6" y="-1.1700000000000004" rotation="0" />
<Block type="RectTiny" material="ice" x="1.3" y="-1.1700000000000004" rotation="0" />
<Block type="RectTiny" material="wood" x="2.0" y="-1.1700000000000004" rotation="0" />
<Block type="RectTiny" material="stone" x="2.6" y="-1.1700000000000004" rotation="0" />
<Block type="RectSmall" material="stone" x="-0.8" y="-1.0900000000000007" rotation="0" />
<Block type="SquareSmall" material="ice" x="0.0" y="-0.7950000000000003" rotation="0" />
<Block type="SquareSmall" material="wood" x="0.6" y="-0.7950000000000003" rotation="0" />
<Block type="SquareSmall" material="ice" x="1.3" y="-0.7950000000000003" rotation="0" />
<Block type="SquareSmall" material="wood" x="2.0" y="-0.7950000000000003" rotation="0" />
<Block type="SquareSmall" material="stone" x="2.6" y="-0.7950000000000003" rotation="0" />
<Block type="RectFat" material="wood" x="-0.8" y="-0.7150000000000007" rotation="0" />
<Block type="RectTiny" material="ice" x="0.0" y="-0.4200000000000003" rotation="0" />
<Block type="RectTiny" material="wood" x="0.6" y="-0.4200000000000003" rotation="0" />
<Block type="RectTiny" material="wood" x="1.3" y="-0.4200000000000003" rotation="0" />
<Block type="RectTiny" material="wood" x="2.0" y="-0.4200000000000003" rotation="0" />
<Block type="RectTiny" material="wood" x="2.6" y="-0.4200000000000003" rotation="0" />
<Block type="SquareHole" material="wood" x="-0.8" y="-0.03000000000000079" rotation="0" />
<Block type="SquareSmall" material="ice" x="0.0" y="-0.04500000000000033" rotation="0" />
<Block type="SquareSmall" material="ice" x="0.6" y="-0.04500000000000033" rotation="0" />
<Block type="SquareSmall" material="wood" x="1.3" y="-0.04500000000000033" rotation="0" />
<Block type="SquareSmall" material="wood" x="2.0" y="-0.04500000000000033" rotation="0" />
<Block type="SquareSmall" material="stone" x="2.6" y="-0.04500000000000033" rotation="0" />
<Block type="RectTiny" material="ice" x="0.0" y="0.43499999999999966" rotation="90" />
<Block type="SquareSmall" material="wood" x="0.6" y="0.43499999999999966" rotation="0" />
<Block type="RectTiny" material="ice" x="1.3" y="0.43499999999999966" rotation="90" />
<Block type="RectTiny" material="stone" x="2.0" y="0.43499999999999966" rotation="90" />
<Block type="RectTiny" material="stone" x="2.6" y="0.43499999999999966" rotation="90" />
<Block type="SquareTiny" material="ice" x="0.0" y="0.8099999999999997" rotation="0" />
<Block type="SquareTiny" material="wood" x="0.6" y="0.8099999999999997" rotation="0" />
<Block type="SquareTiny" material="ice" x="1.3" y="0.8099999999999997" rotation="0" />
<Block type="SquareTiny" material="wood" x="2.0" y="0.8099999999999997" rotation="0" />
<Block type="SquareTiny" material="stone" x="2.6" y="0.8099999999999997" rotation="0" />
<Pig type="BasicSmall" material="" x="0.0" y="1.1949999999999998" rotation="0" />
<Block type="Circle" material="ice" x="0.7" y="1.3699999999999999" rotation="0" />
<Pig type="BasicSmall" material="" x="1.4" y="1.1949999999999998" rotation="0" />
<Pig type="BasicSmall" material="" x="2.0" y="1.1949999999999998" rotation="0" />
<Pig type="BasicSmall" material="" x="2.6" y="1.1949999999999998" rotation="0" />
</GameObjects>
</Level>
