<?xml version="1.0" encoding="utf-16"?>
<Level width ="2">
<Camera x="0" y="2" minWidth="20" maxWidth="30">
<Birds>
<Bird type="BirdBlue"/>
<Bird type="BirdRed"/>
<Bird type="BirdYellow"/>
<Bird type="BirdBlue"/>
<Bird type="BirdBlue"/>
<Bird type="BirdBlue"/>
<Bird type="BirdRed"/>
</Birds>
<Slingshot x="-8" y="-2.5">
<GameObjects>
<Block type="RectSmall" material="stone" x="-1.6" y="-3.49" rotation="0" />
<Block type="RectSmall" material="stone" x="-1.6" y="-3.2200000000000006" rotation="0" />
<Block type="RectBig" material="ice" x="0.4" y="-3.49" rotation="0" />
<Block type="RectBig" material="stone" x="2.4" y="-3.49" rotation="0" />
<Block type="SquareHole" material="ice" x="-1.6" y="-2.640000000000001" rotation="0" />
<Pig type="BasicSmall" material="" x="-0.3" y="-3.1050000000000004" rotation="0" />
<Block type="RectTiny" material="wood" x="0.4" y="-3.1150000000000007" rotation="90" />
<Block type="RectTiny" material="wood" x="0.7" y="-3.1150000000000007" rotation="90" />
<Block type="RectTiny" material="wood" x="1.0" y="-3.1150000000000007" rotation="90" />
<Block type="RectTiny" material="stone" x="1.8" y="-3.1150000000000007" rotation="90" />
<Block type="RectTiny" material="wood" x="2.1" y="-3.1150000000000007" rotation="90" />
<Block type="RectTiny" material="stone" x="2.4" y="-3.1150000000000007" rotation="90" />
<TNT type="" x="3.1" y="-3.0550000000000006" rotation="0" />
<Block type="SquareTiny" material="stone" x="0.4" y="-2.740000000000001" rotation="0" />
<Block type="SquareTiny" material="wood" x="1.0" y="-2.740000000000001" rotation="0" />
<Block type="SquareTiny" material="ice" x="1.8" y="-2.740000000000001" rotation="0" />
<Block type="SquareTiny" material="wood" x="2.4" y="-2.740000000000001" rotation="0" />
<Block type="RectSmall" material="stone" x="-1.6" y="-2.0600000000000014" rotation="0" />
<Block type="RectSmall" material="stone" x="0.7" y="-2.4700000000000015" rotation="0" />
<Block type="RectSmall" material="wood" x="2.1" y="-2.4700000000000015" rotation="0" />
<Block type="SquareHole" material="stone" x="-1.6" y="-1.4800000000000013" rotation="0" />
<Block type="RectSmall" material="wood" x="0.7" y="-2.200000000000002" rotation="0" />
<Block type="RectSmall" material="wood" x="2.1" y="-2.200000000000002" rotation="0" />
<Block type="RectFat" material="stone" x="0.4" y="-1.615000000000002" rotation="90" />
<Block type="RectFat" material="stone" x="0.9" y="-1.615000000000002" rotation="90" />
<Block type="RectFat" material="wood" x="1.9" y="-1.615000000000002" rotation="90" />
<Block type="RectFat" material="stone" x="2.4" y="-1.615000000000002" rotation="90" />
<Block type="SquareTiny" material="stone" x="0.5" y="-1.0300000000000018" rotation="0" />
<Block type="SquareTiny" material="stone" x="0.9" y="-1.0300000000000018" rotation="0" />
<Block type="SquareTiny" material="wood" x="1.9" y="-1.0300000000000018" rotation="0" />
<Block type="SquareTiny" material="wood" x="2.3" y="-1.0300000000000018" rotation="0" />
<Block type="RectBig" material="stone" x="1.4" y="-0.7600000000000018" rotation="0" />
<Block type="RectMedium" material="wood" x="1.4" y="-0.4900000000000018" rotation="0" />
<Block type="SquareTiny" material="stone" x="0.7" y="-0.22000000000000186" rotation="0" />
<Block type="RectTiny" material="stone" x="1.4" y="-0.22000000000000186" rotation="0" />
<Block type="SquareTiny" material="wood" x="2.1" y="-0.22000000000000186" rotation="0" />
<Block type="RectMedium" material="stone" x="1.4" y="0.04999999999999814" rotation="0" />
<Block type="RectTiny" material="stone" x="1.1" y="0.4249999999999981" rotation="90" />
<Block type="RectTiny" material="stone" x="1.7" y="0.4249999999999981" rotation="90" />
<Block type="Circle" material="ice" x="1.1" y="1.0899999999999983" rotation="0" />
<Pig type="BasicSmall" material="" x="1.8" y="0.9149999999999981" rotation="0" />
</GameObjects>
</Level>
