<?xml version="1.0" encoding="utf-16"?>
<Level width ="2">
<Camera x="0" y="2" minWidth="20" maxWidth="30">
<Birds>
<Bird type="BirdBlue"/>
<Bird type="BirdRed"/>
<Bird type="BirdYellow"/>
<Bird type="BirdBlue"/>
<Bird type="BirdBlue"/>
<Bird type="BirdBlue"/>
<Bird type="BirdRed"/>
</Birds>
<Slingshot x="-8" y="-2.5">
<GameObjects>
<Pig type="BasicSmall" material="" x="-1.1" y="-3.375" rotation="0" />
<Pig type="BasicSmall" material="" x="6.3" y="-3.375" rotation="0" />
<Block type="RectSmall" material="stone" x="0.7" y="-3.49" rotation="0" />
<Block type="RectSmall" material="wood" x="1.7" y="-3.49" rotation="0" />
<Block type="RectSmall" material="stone" x="2.7" y="-3.49" rotation="0" />
<Block type="SquareHole" material="stone" x="1.0" y="-2.9100000000000006" rotation="0" />
<Pig type="BasicSmall" material="" x="1.7" y="-3.1050000000000004" rotation="0" />
<Block type="SquareHole" material="stone" x="2.4" y="-2.9100000000000006" rotation="0" />
<Block type="RectFat" material="stone" x="1.0" y="-2.225000000000001" rotation="0" />
<Block type="RectFat" material="stone" x="2.4" y="-2.225000000000001" rotation="0" />
<Block type="RectMedium" material="stone" x="1.7" y="-1.850000000000001" rotation="0" />
<Block type="RectFat" material="stone" x="1.4" y="-1.2650000000000008" rotation="90" />
<Block type="RectFat" material="ice" x="2.0" y="-1.2650000000000008" rotation="90" />
<Block type="RectFat" material="stone" x="1.7" y="-0.5750000000000007" rotation="0" />
<Block type="SquareHole" material="stone" x="1.7" y="0.10999999999999922" rotation="0" />
<Pig type="BasicSmall" material="" x="1.4" y="0.8049999999999993" rotation="0" />
<Pig type="BasicSmall" material="" x="2.0" y="0.8049999999999993" rotation="0" />
</GameObjects>
</Level>
