<?xml version="1.0" encoding="utf-16"?>
<Level width ="2">
<Camera x="0" y="2" minWidth="20" maxWidth="30">
<Birds>
<Bird type="BirdBlue"/>
<Bird type="BirdRed"/>
<Bird type="BirdYellow"/>
<Bird type="BirdBlue"/>
<Bird type="BirdBlue"/>
<Bird type="BirdBlue"/>
<Bird type="BirdRed"/>
</Birds>
<Slingshot x="-8" y="-2.5">
<GameObjects>
<Block type="SquareHole" material="stone" x="0.1" y="-3.18" rotation="0" />
<Block type="SquareHole" material="ice" x="1.3" y="-3.18" rotation="0" />
<Block type="SquareHole" material="ice" x="2.5" y="-3.18" rotation="0" />
<Block type="RectSmall" material="stone" x="-0.2" y="-2.2850000000000006" rotation="90" />
<Block type="RectSmall" material="ice" x="0.1" y="-2.2850000000000006" rotation="90" />
<Block type="RectSmall" material="ice" x="0.4" y="-2.2850000000000006" rotation="90" />
<Block type="RectSmall" material="ice" x="1.0" y="-2.2850000000000006" rotation="90" />
<Block type="RectSmall" material="ice" x="1.3" y="-2.2850000000000006" rotation="90" />
<Block type="RectSmall" material="wood" x="1.6" y="-2.2850000000000006" rotation="90" />
<Block type="RectSmall" material="wood" x="2.2" y="-2.2850000000000006" rotation="90" />
<Block type="RectSmall" material="ice" x="2.5" y="-2.2850000000000006" rotation="90" />
<Block type="RectSmall" material="wood" x="2.8" y="-2.2850000000000006" rotation="90" />
<Block type="SquareHole" material="wood" x="0.1" y="-1.3900000000000006" rotation="0" />
<Block type="SquareHole" material="ice" x="1.3" y="-1.3900000000000006" rotation="0" />
<Block type="SquareHole" material="ice" x="2.5" y="-1.3900000000000006" rotation="0" />
<Block type="RectSmall" material="wood" x="0.1" y="-0.8100000000000006" rotation="0" />
<Block type="RectSmall" material="wood" x="1.3" y="-0.8100000000000006" rotation="0" />
<Block type="RectSmall" material="wood" x="2.5" y="-0.8100000000000006" rotation="0" />
<Block type="SquareHole" material="stone" x="0.1" y="-0.23000000000000065" rotation="0" />
<Block type="SquareHole" material="stone" x="1.3" y="-0.23000000000000065" rotation="0" />
<Block type="SquareHole" material="wood" x="2.5" y="-0.23000000000000065" rotation="0" />
<Pig type="BasicSmall" material="" x="0.1" y="0.46499999999999936" rotation="0" />
<Block type="CircleSmall" material="stone" x="1.0" y="0.46499999999999936" rotation="0" />
<Pig type="BasicSmall" material="" x="1.6" y="0.46499999999999936" rotation="0" />
<Block type="CircleSmall" material="ice" x="2.2" y="0.46499999999999936" rotation="0" />
<Pig type="BasicSmall" material="" x="2.8" y="0.46499999999999936" rotation="0" />
</GameObjects>
</Level>
