<?xml version="1.0" encoding="utf-16"?>
<Level width ="2">
<Camera x="0" y="2" minWidth="20" maxWidth="30">
<Birds>
<Bird type="BirdBlue"/>
<Bird type="BirdRed"/>
<Bird type="BirdYellow"/>
<Bird type="BirdBlue"/>
<Bird type="BirdBlue"/>
<Bird type="BirdBlue"/>
<Bird type="BirdRed"/>
</Birds>
<Slingshot x="-8" y="-2.5">
<GameObjects>
<Block type="RectTiny" material="stone" x="0.2" y="-3.3850000000000002" rotation="90" />
<Block type="RectTiny" material="ice" x="0.6" y="-3.3850000000000002" rotation="90" />
<Block type="RectTiny" material="wood" x="1.1" y="-3.3850000000000002" rotation="90" />
<Block type="RectTiny" material="stone" x="1.6" y="-3.3850000000000002" rotation="90" />
<Block type="RectTiny" material="stone" x="2.0" y="-3.3850000000000002" rotation="90" />
<Block type="SquareTiny" material="ice" x="0.2" y="-3.0100000000000007" rotation="0" />
<Block type="SquareTiny" material="ice" x="0.6" y="-3.0100000000000007" rotation="0" />
<Block type="SquareTiny" material="stone" x="1.1" y="-3.0100000000000007" rotation="0" />
<Block type="SquareTiny" material="ice" x="1.6" y="-3.0100000000000007" rotation="0" />
<Block type="SquareTiny" material="wood" x="2.0" y="-3.0100000000000007" rotation="0" />
<Block type="RectBig" material="ice" x="1.1" y="-2.740000000000001" rotation="0" />
<Block type="RectFat" material="wood" x="0.4" y="-2.1550000000000016" rotation="90" />
<Block type="RectFat" material="stone" x="1.1" y="-2.1550000000000016" rotation="90" />
<Block type="RectFat" material="stone" x="1.8" y="-2.1550000000000016" rotation="90" />
<Block type="RectTiny" material="wood" x="0.4" y="-1.5700000000000014" rotation="0" />
<Block type="RectTiny" material="stone" x="1.1" y="-1.5700000000000014" rotation="0" />
<Block type="RectTiny" material="wood" x="1.8" y="-1.5700000000000014" rotation="0" />
<Block type="RectFat" material="wood" x="0.4" y="-0.9850000000000012" rotation="90" />
<Block type="RectSmall" material="stone" x="1.1" y="-0.9850000000000012" rotation="90" />
<Block type="RectSmall" material="wood" x="1.8" y="-0.9850000000000012" rotation="90" />
<Block type="SquareSmall" material="wood" x="0.4" y="-0.2950000000000012" rotation="0" />
<Block type="RectTiny" material="stone" x="1.1" y="-0.2950000000000012" rotation="90" />
<Block type="RectTiny" material="stone" x="1.8" y="-0.2950000000000012" rotation="90" />
<Pig type="BasicSmall" material="" x="0.4" y="0.19499999999999879" rotation="0" />
<Block type="Circle" material="wood" x="1.1" y="0.36999999999999883" rotation="0" />
<Pig type="BasicSmall" material="" x="1.8" y="0.19499999999999879" rotation="0" />
</GameObjects>
</Level>
