<?xml version="1.0" encoding="utf-16"?>
<Level width ="2">
<Camera x="0" y="2" minWidth="20" maxWidth="30">
<Birds>
<Bird type="BirdBlue"/>
<Bird type="BirdRed"/>
<Bird type="BirdYellow"/>
<Bird type="BirdBlue"/>
<Bird type="BirdBlue"/>
<Bird type="BirdBlue"/>
<Bird type="BirdRed"/>
</Birds>
<Slingshot x="-8" y="-2.5">
<GameObjects>
<Platform type="Platform" material="" x="-1.5" y="-3.29" rotation="0" />
<Platform type="Platform" material="" x="-0.9" y="-3.29" rotation="0" />
<Platform type="Platform" material="" x="-0.3" y="-3.29" rotation="0" />
<Platform type="Platform" material="" x="0.4" y="-3.29" rotation="0" />
<Platform type="Platform" material="" x="1.0" y="-3.29" rotation="0" />
<Platform type="Platform" material="" x="1.6" y="-3.29" rotation="0" />
<Platform type="Platform" material="" x="2.2" y="-3.29" rotation="0" />
<Platform type="Platform" material="" x="2.8" y="-3.29" rotation="0" />
<Platform type="Platform" material="" x="3.5" y="-3.29" rotation="0" />
<Platform type="Platform" material="" x="4.1" y="-3.29" rotation="0" />
<Platform type="Platform" material="" x="4.7" y="-3.29" rotation="0" />
<Block type="RectSmall" material="wood" x="-1.7" y="-2.5050000000000003" rotation="90" />
<Block type="RectSmall" material="wood" x="-1.3" y="-2.5050000000000003" rotation="90" />
<Block type="RectSmall" material="wood" x="-0.7" y="-2.5050000000000003" rotation="90" />
<Block type="RectSmall" material="wood" x="-0.2" y="-2.5050000000000003" rotation="90" />
<Block type="RectSmall" material="wood" x="0.2" y="-2.5050000000000003" rotation="90" />
<Block type="RectSmall" material="stone" x="0.7" y="-2.5050000000000003" rotation="90" />
<Block type="RectSmall" material="stone" x="1.1" y="-2.5050000000000003" rotation="90" />
<Block type="RectSmall" material="ice" x="1.6" y="-2.5050000000000003" rotation="90" />
<Block type="RectSmall" material="ice" x="2.1" y="-2.5050000000000003" rotation="90" />
<Block type="RectSmall" material="wood" x="2.5" y="-2.5050000000000003" rotation="90" />
<Block type="RectSmall" material="stone" x="3.0" y="-2.5050000000000003" rotation="90" />
<Block type="RectSmall" material="ice" x="3.4" y="-2.5050000000000003" rotation="90" />
<Block type="RectSmall" material="ice" x="3.9" y="-2.5050000000000003" rotation="90" />
<Block type="RectSmall" material="stone" x="4.5" y="-2.5050000000000003" rotation="90" />
<Block type="RectSmall" material="stone" x="4.9" y="-2.5050000000000003" rotation="90" />
<Block type="SquareTiny" material="wood" x="-1.7" y="-1.9200000000000004" rotation="0" />
<Block type="SquareTiny" material="wood" x="-1.3" y="-1.9200000000000004" rotation="0" />
<Block type="SquareTiny" material="wood" x="-0.7" y="-1.9200000000000004" rotation="0" />
<Block type="SquareTiny" material="wood" x="-0.2" y="-1.9200000000000004" rotation="0" />
<Block type="SquareTiny" material="wood" x="0.2" y="-1.9200000000000004" rotation="0" />
<Block type="SquareTiny" material="stone" x="0.7" y="-1.9200000000000004" rotation="0" />
<Block type="SquareTiny" material="wood" x="1.1" y="-1.9200000000000004" rotation="0" />
<Block type="SquareTiny" material="wood" x="1.6" y="-1.9200000000000004" rotation="0" />
<Block type="SquareTiny" material="wood" x="2.1" y="-1.9200000000000004" rotation="0" />
<Block type="SquareTiny" material="wood" x="2.5" y="-1.9200000000000004" rotation="0" />
<Block type="SquareTiny" material="wood" x="3.0" y="-1.9200000000000004" rotation="0" />
<Block type="SquareTiny" material="ice" x="3.4" y="-1.9200000000000004" rotation="0" />
<Block type="SquareTiny" material="wood" x="3.9" y="-1.9200000000000004" rotation="0" />
<Block type="SquareTiny" material="stone" x="4.5" y="-1.9200000000000004" rotation="0" />
<Block type="SquareTiny" material="stone" x="4.9" y="-1.9200000000000004" rotation="0" />
<Block type="RectTiny" material="wood" x="-1.7" y="-1.5450000000000002" rotation="90" />
<Block type="RectTiny" material="wood" x="-1.3" y="-1.5450000000000002" rotation="90" />
<Block type="RectTiny" material="stone" x="-0.7" y="-1.5450000000000002" rotation="90" />
<Block type="RectTiny" material="stone" x="-0.2" y="-1.5450000000000002" rotation="90" />
<Block type="RectTiny" material="wood" x="0.2" y="-1.5450000000000002" rotation="90" />
<Block type="RectTiny" material="wood" x="0.7" y="-1.5450000000000002" rotation="90" />
<Block type="RectTiny" material="wood" x="1.1" y="-1.5450000000000002" rotation="90" />
<Block type="RectTiny" material="wood" x="1.6" y="-1.5450000000000002" rotation="90" />
<Block type="RectTiny" material="wood" x="2.1" y="-1.5450000000000002" rotation="90" />
<Block type="RectTiny" material="stone" x="2.5" y="-1.5450000000000002" rotation="90" />
<Block type="RectTiny" material="ice" x="3.0" y="-1.5450000000000002" rotation="90" />
<Block type="RectTiny" material="ice" x="3.4" y="-1.5450000000000002" rotation="90" />
<Block type="RectTiny" material="wood" x="3.9" y="-1.5450000000000002" rotation="90" />
<Block type="RectTiny" material="stone" x="4.5" y="-1.5450000000000002" rotation="90" />
<Block type="RectTiny" material="stone" x="4.9" y="-1.5450000000000002" rotation="90" />
<Block type="SquareTiny" material="wood" x="-1.7" y="-1.17" rotation="0" />
<Block type="SquareTiny" material="ice" x="-1.3" y="-1.17" rotation="0" />
<Block type="SquareTiny" material="ice" x="-0.7" y="-1.17" rotation="0" />
<Block type="SquareTiny" material="ice" x="-0.2" y="-1.17" rotation="0" />
<Block type="SquareTiny" material="ice" x="0.2" y="-1.17" rotation="0" />
<Block type="SquareTiny" material="wood" x="0.7" y="-1.17" rotation="0" />
<Block type="SquareTiny" material="ice" x="1.1" y="-1.17" rotation="0" />
<Block type="SquareTiny" material="wood" x="1.6" y="-1.17" rotation="0" />
<Block type="SquareTiny" material="wood" x="2.1" y="-1.17" rotation="0" />
<Block type="SquareTiny" material="wood" x="2.5" y="-1.17" rotation="0" />
<Block type="SquareTiny" material="ice" x="3.0" y="-1.17" rotation="0" />
<Block type="SquareTiny" material="ice" x="3.4" y="-1.17" rotation="0" />
<Block type="SquareTiny" material="ice" x="3.9" y="-1.17" rotation="0" />
<Block type="SquareTiny" material="stone" x="4.5" y="-1.17" rotation="0" />
<Block type="SquareTiny" material="wood" x="4.9" y="-1.17" rotation="0" />
<Block type="RectTiny" material="wood" x="-1.7" y="-0.7949999999999998" rotation="90" />
<Block type="RectTiny" material="stone" x="-1.3" y="-0.7949999999999998" rotation="90" />
<Block type="RectTiny" material="stone" x="-0.7" y="-0.7949999999999998" rotation="90" />
<Block type="RectTiny" material="stone" x="-0.2" y="-0.7949999999999998" rotation="90" />
<Block type="RectTiny" material="ice" x="0.2" y="-0.7949999999999998" rotation="90" />
<Block type="RectTiny" material="wood" x="0.7" y="-0.7949999999999998" rotation="90" />
<Block type="RectTiny" material="wood" x="1.1" y="-0.7949999999999998" rotation="90" />
<Block type="RectTiny" material="wood" x="1.6" y="-0.7949999999999998" rotation="90" />
<Block type="RectTiny" material="wood" x="2.1" y="-0.7949999999999998" rotation="90" />
<Block type="RectTiny" material="stone" x="2.5" y="-0.7949999999999998" rotation="90" />
<Block type="RectTiny" material="stone" x="3.0" y="-0.7949999999999998" rotation="90" />
<Block type="RectTiny" material="stone" x="3.4" y="-0.7949999999999998" rotation="90" />
<Block type="RectTiny" material="wood" x="3.9" y="-0.7949999999999998" rotation="90" />
<Block type="RectTiny" material="wood" x="4.5" y="-0.7949999999999998" rotation="90" />
<Block type="RectTiny" material="wood" x="4.9" y="-0.7949999999999998" rotation="90" />
<Block type="RectBig" material="stone" x="-0.7" y="-0.4199999999999999" rotation="0" />
<Block type="RectBig" material="wood" x="1.6" y="-0.4199999999999999" rotation="0" />
<Block type="RectBig" material="wood" x="3.9" y="-0.4199999999999999" rotation="0" />
<Pig type="BasicSmall" material="" x="-1.4" y="-0.03499999999999988" rotation="0" />
<Block type="SquareTiny" material="wood" x="-0.7" y="-0.1499999999999999" rotation="0" />
<Block type="SquareTiny" material="wood" x="-0.4" y="-0.1499999999999999" rotation="0" />
<Block type="SquareTiny" material="wood" x="-0.1" y="-0.1499999999999999" rotation="0" />
<Block type="SquareTiny" material="wood" x="0.7" y="-0.1499999999999999" rotation="0" />
<Block type="SquareTiny" material="wood" x="1.0" y="-0.1499999999999999" rotation="0" />
<Block type="SquareTiny" material="wood" x="1.3" y="-0.1499999999999999" rotation="0" />
<Block type="SquareTiny" material="wood" x="1.9" y="-0.1499999999999999" rotation="0" />
<Block type="SquareTiny" material="wood" x="2.2" y="-0.1499999999999999" rotation="0" />
<Block type="SquareTiny" material="stone" x="2.5" y="-0.1499999999999999" rotation="0" />
<Block type="SquareTiny" material="stone" x="3.3" y="-0.1499999999999999" rotation="0" />
<Block type="SquareTiny" material="stone" x="3.6" y="-0.1499999999999999" rotation="0" />
<Block type="SquareTiny" material="wood" x="3.9" y="-0.1499999999999999" rotation="0" />
<Block type="TriangleHole" material="ice" x="4.6" y="0.15000000000000008" rotation="0" />
<Block type="RectFat" material="wood" x="-0.4" y="0.2250000000000001" rotation="0" />
<Block type="RectFat" material="ice" x="1.0" y="0.2250000000000001" rotation="0" />
<Block type="RectFat" material="wood" x="2.2" y="0.2250000000000001" rotation="0" />
<Block type="RectFat" material="wood" x="3.6" y="0.2250000000000001" rotation="0" />
<Block type="RectTiny" material="wood" x="-0.6" y="0.6000000000000001" rotation="0" />
<Block type="SquareTiny" material="wood" x="-0.2" y="0.6000000000000001" rotation="0" />
<Block type="RectTiny" material="ice" x="0.8" y="0.6000000000000001" rotation="0" />
<Block type="SquareTiny" material="ice" x="1.2" y="0.6000000000000001" rotation="0" />
<Block type="RectTiny" material="ice" x="2.0" y="0.6000000000000001" rotation="0" />
<Block type="SquareTiny" material="ice" x="2.4" y="0.6000000000000001" rotation="0" />
<Block type="SquareTiny" material="wood" x="3.4" y="0.6000000000000001" rotation="0" />
<Block type="SquareTiny" material="wood" x="3.8" y="0.6000000000000001" rotation="0" />
<Block type="RectBig" material="ice" x="0.3" y="0.8700000000000001" rotation="0" />
<Block type="RectBig" material="wood" x="2.9" y="0.8700000000000001" rotation="0" />
<Block type="SquareTiny" material="wood" x="-0.3" y="1.1400000000000001" rotation="0" />
<Block type="RectSmall" material="ice" x="0.9" y="1.1400000000000001" rotation="0" />
<Block type="RectSmall" material="wood" x="2.3" y="1.1400000000000001" rotation="0" />
<Block type="SquareTiny" material="stone" x="3.5" y="1.1400000000000001" rotation="0" />
<Block type="Circle" material="stone" x="-0.3" y="1.7000000000000004" rotation="0" />
<Block type="Triangle" material="ice" x="0.6" y="1.7100000000000002" rotation="0" />
<Block type="Triangle" material="ice" x="2.6" y="1.7100000000000002" rotation="90" />
<Block type="TriangleHole" material="stone" x="3.5" y="1.7100000000000002" rotation="0" />
</GameObjects>
</Level>
