<?xml version="1.0" encoding="utf-16"?>
<Level width ="2">
<Camera x="0" y="2" minWidth="20" maxWidth="30">
<Birds>
<Bird type="BirdBlue"/>
<Bird type="BirdRed"/>
<Bird type="BirdYellow"/>
<Bird type="BirdBlue"/>
<Bird type="BirdBlue"/>
<Bird type="BirdBlue"/>
<Bird type="BirdRed"/>
</Birds>
<Slingshot x="-8" y="-2.5">
<GameObjects>
<Block type="RectTiny" material="stone" x="-1.4" y="-3.3850000000000002" rotation="90" />
<Block type="RectTiny" material="stone" x="-1.0" y="-3.3850000000000002" rotation="90" />
<Block type="RectTiny" material="stone" x="-0.5" y="-3.3850000000000002" rotation="90" />
<Block type="RectTiny" material="stone" x="0.0" y="-3.3850000000000002" rotation="90" />
<Block type="RectTiny" material="stone" x="0.5" y="-3.3850000000000002" rotation="90" />
<Block type="RectTiny" material="stone" x="0.7" y="-3.3850000000000002" rotation="90" />
<Block type="RectTiny" material="stone" x="1.1" y="-3.3850000000000002" rotation="90" />
<Block type="RectTiny" material="stone" x="1.6" y="-3.3850000000000002" rotation="90" />
<Block type="RectTiny" material="stone" x="2.1" y="-3.3850000000000002" rotation="90" />
<Block type="RectTiny" material="stone" x="2.5" y="-3.3850000000000002" rotation="90" />
<Block type="RectTiny" material="stone" x="2.8" y="-3.3850000000000002" rotation="90" />
<Block type="RectTiny" material="stone" x="3.2" y="-3.3850000000000002" rotation="90" />
<Block type="RectTiny" material="stone" x="3.7" y="-3.3850000000000002" rotation="90" />
<Block type="RectTiny" material="stone" x="4.2" y="-3.3850000000000002" rotation="90" />
<Block type="RectTiny" material="stone" x="4.6" y="-3.3850000000000002" rotation="90" />
<Block type="RectTiny" material="wood" x="-1.4" y="-2.9050000000000007" rotation="90" />
<Block type="RectTiny" material="wood" x="-1.0" y="-2.9050000000000007" rotation="90" />
<Block type="RectTiny" material="wood" x="-0.5" y="-2.9050000000000007" rotation="90" />
<Block type="RectTiny" material="wood" x="0.0" y="-2.9050000000000007" rotation="90" />
<Block type="RectTiny" material="wood" x="0.5" y="-2.9050000000000007" rotation="90" />
<Block type="RectTiny" material="wood" x="0.7" y="-2.9050000000000007" rotation="90" />
<Block type="RectTiny" material="wood" x="1.1" y="-2.9050000000000007" rotation="90" />
<Block type="RectTiny" material="wood" x="1.6" y="-2.9050000000000007" rotation="90" />
<Block type="RectTiny" material="wood" x="2.1" y="-2.9050000000000007" rotation="90" />
<Block type="RectTiny" material="wood" x="2.5" y="-2.9050000000000007" rotation="90" />
<Block type="RectTiny" material="wood" x="2.8" y="-2.9050000000000007" rotation="90" />
<Block type="RectTiny" material="wood" x="3.2" y="-2.9050000000000007" rotation="90" />
<Block type="RectTiny" material="wood" x="3.7" y="-2.9050000000000007" rotation="90" />
<Block type="RectTiny" material="wood" x="4.2" y="-2.9050000000000007" rotation="90" />
<Block type="RectTiny" material="wood" x="4.6" y="-2.9050000000000007" rotation="90" />
<Block type="RectSmall" material="wood" x="-1.4" y="-2.215000000000001" rotation="90" />
<Block type="RectSmall" material="wood" x="-1.0" y="-2.215000000000001" rotation="90" />
<Block type="RectSmall" material="wood" x="-0.5" y="-2.215000000000001" rotation="90" />
<Block type="RectSmall" material="wood" x="0.0" y="-2.215000000000001" rotation="90" />
<Block type="RectSmall" material="wood" x="0.5" y="-2.215000000000001" rotation="90" />
<Block type="RectSmall" material="wood" x="0.7" y="-2.215000000000001" rotation="90" />
<Block type="RectSmall" material="wood" x="1.1" y="-2.215000000000001" rotation="90" />
<Block type="RectSmall" material="wood" x="1.6" y="-2.215000000000001" rotation="90" />
<Block type="RectSmall" material="wood" x="2.1" y="-2.215000000000001" rotation="90" />
<Block type="RectSmall" material="wood" x="2.5" y="-2.215000000000001" rotation="90" />
<Block type="RectSmall" material="wood" x="2.8" y="-2.215000000000001" rotation="90" />
<Block type="RectSmall" material="wood" x="3.2" y="-2.215000000000001" rotation="90" />
<Block type="RectSmall" material="wood" x="3.7" y="-2.215000000000001" rotation="90" />
<Block type="RectSmall" material="wood" x="4.2" y="-2.215000000000001" rotation="90" />
<Block type="RectSmall" material="wood" x="4.6" y="-2.215000000000001" rotation="90" />
<Block type="RectTiny" material="wood" x="-1.4" y="-1.525000000000001" rotation="90" />
<Block type="RectTiny" material="wood" x="-1.0" y="-1.525000000000001" rotation="90" />
<Block type="RectTiny" material="wood" x="-0.5" y="-1.525000000000001" rotation="90" />
<Block type="RectTiny" material="wood" x="0.0" y="-1.525000000000001" rotation="90" />
<Block type="RectTiny" material="wood" x="0.5" y="-1.525000000000001" rotation="90" />
<Block type="RectTiny" material="wood" x="0.7" y="-1.525000000000001" rotation="90" />
<Block type="RectTiny" material="wood" x="1.1" y="-1.525000000000001" rotation="90" />
<Block type="RectTiny" material="wood" x="1.6" y="-1.525000000000001" rotation="90" />
<Block type="RectTiny" material="wood" x="2.1" y="-1.525000000000001" rotation="90" />
<Block type="RectTiny" material="wood" x="2.5" y="-1.525000000000001" rotation="90" />
<Block type="RectTiny" material="wood" x="2.8" y="-1.525000000000001" rotation="90" />
<Block type="RectTiny" material="wood" x="3.2" y="-1.525000000000001" rotation="90" />
<Block type="RectTiny" material="wood" x="3.7" y="-1.525000000000001" rotation="90" />
<Block type="RectTiny" material="wood" x="4.2" y="-1.525000000000001" rotation="90" />
<Block type="RectTiny" material="wood" x="4.6" y="-1.525000000000001" rotation="90" />
<Block type="RectBig" material="ice" x="-0.5" y="-1.1500000000000008" rotation="0" />
<Block type="RectBig" material="ice" x="1.6" y="-1.1500000000000008" rotation="0" />
<Block type="RectBig" material="ice" x="3.7" y="-1.1500000000000008" rotation="0" />
<Block type="CircleSmall" material="wood" x="-1.2" y="-0.7650000000000007" rotation="0" />
<Block type="RectFat" material="stone" x="-0.4" y="-0.5650000000000006" rotation="90" />
<Block type="RectFat" material="ice" x="0.2" y="-0.5650000000000006" rotation="90" />
<Pig type="BasicSmall" material="" x="0.9" y="-0.7650000000000007" rotation="0" />
<Block type="RectSmall" material="ice" x="1.3" y="-0.5650000000000006" rotation="90" />
<Block type="RectSmall" material="ice" x="1.9" y="-0.5650000000000006" rotation="90" />
<Pig type="BasicSmall" material="" x="2.3" y="-0.7650000000000007" rotation="0" />
<Block type="RectFat" material="ice" x="3.0" y="-0.5650000000000006" rotation="90" />
<Block type="RectFat" material="stone" x="3.6" y="-0.5650000000000006" rotation="90" />
<Block type="Triangle" material="wood" x="4.4" y="-0.5800000000000007" rotation="0" />
<Block type="RectFat" material="ice" x="-0.1" y="0.12499999999999938" rotation="0" />
<Block type="RectFat" material="wood" x="1.6" y="0.12499999999999938" rotation="0" />
<Block type="RectFat" material="wood" x="3.3" y="0.12499999999999938" rotation="0" />
<Block type="RectBig" material="stone" x="0.6" y="0.49999999999999933" rotation="0" />
<Block type="RectMedium" material="stone" x="2.6" y="0.49999999999999933" rotation="0" />
<Block type="CircleSmall" material="stone" x="-0.1" y="0.8849999999999993" rotation="0" />
<Block type="Triangle" material="wood" x="0.6" y="1.0699999999999994" rotation="90" />
<Block type="CircleSmall" material="wood" x="1.3" y="0.8849999999999993" rotation="0" />
<Block type="Triangle" material="wood" x="2.0" y="1.0699999999999994" rotation="90" />
<Block type="CircleSmall" material="wood" x="3.1" y="0.8849999999999993" rotation="0" />
</GameObjects>
</Level>
