<?xml version="1.0" encoding="utf-16"?>
<Level width ="2">
<Camera x="0" y="2" minWidth="20" maxWidth="30">
<Birds>
<Bird type="BirdBlue"/>
<Bird type="BirdRed"/>
<Bird type="BirdYellow"/>
<Bird type="BirdBlue"/>
<Bird type="BirdBlue"/>
<Bird type="BirdBlue"/>
<Bird type="BirdRed"/>
</Birds>
<Slingshot x="-8" y="-2.5">
<GameObjects>
<Block type="RectMedium" material="stone" x="-0.5" y="-3.49" rotation="0" />
<Block type="RectMedium" material="wood" x="1.5" y="-3.49" rotation="0" />
<Block type="RectMedium" material="stone" x="3.5" y="-3.49" rotation="0" />
<Block type="RectMedium" material="stone" x="-0.5" y="-3.2200000000000006" rotation="0" />
<Block type="RectMedium" material="wood" x="1.5" y="-3.2200000000000006" rotation="0" />
<Block type="RectMedium" material="stone" x="3.5" y="-3.2200000000000006" rotation="0" />
<Block type="RectMedium" material="wood" x="-0.5" y="-2.950000000000001" rotation="0" />
<Block type="CircleSmall" material="stone" x="0.9" y="-2.835000000000001" rotation="0" />
<Block type="RectTiny" material="wood" x="1.5" y="-2.950000000000001" rotation="0" />
<Block type="CircleSmall" material="wood" x="2.1" y="-2.835000000000001" rotation="0" />
<Block type="RectSmall" material="stone" x="3.5" y="-2.950000000000001" rotation="0" />
<Block type="CircleSmall" material="ice" x="-1.0" y="-2.5650000000000013" rotation="0" />
<Block type="RectTiny" material="ice" x="-0.5" y="-2.6800000000000015" rotation="0" />
<Pig type="BasicSmall" material="" x="0.1" y="-2.5650000000000013" rotation="0" />
<Block type="RectTiny" material="wood" x="1.5" y="-2.6800000000000015" rotation="0" />
<Block type="RectTiny" material="stone" x="3.5" y="-2.6800000000000015" rotation="0" />
<TNT type="" x="4.0" y="-2.5150000000000015" rotation="0" />
<Block type="RectTiny" material="ice" x="-0.5" y="-2.305000000000002" rotation="90" />
<Block type="RectTiny" material="wood" x="1.5" y="-2.305000000000002" rotation="90" />
<Block type="SquareSmall" material="stone" x="3.5" y="-2.305000000000002" rotation="0" />
<Block type="RectTiny" material="ice" x="-0.5" y="-1.825000000000002" rotation="90" />
<Block type="RectTiny" material="wood" x="1.5" y="-1.825000000000002" rotation="90" />
<Block type="RectTiny" material="stone" x="3.5" y="-1.825000000000002" rotation="90" />
<Block type="RectBig" material="ice" x="0.5" y="-1.4500000000000017" rotation="0" />
<Block type="RectBig" material="wood" x="2.5" y="-1.4500000000000017" rotation="0" />
<Block type="RectBig" material="wood" x="0.5" y="-1.1800000000000015" rotation="0" />
<Block type="RectBig" material="ice" x="2.5" y="-1.1800000000000015" rotation="0" />
<Block type="Triangle" material="ice" x="-0.2" y="-0.6100000000000014" rotation="0" />
<Block type="RectSmall" material="ice" x="0.8" y="-0.9100000000000014" rotation="0" />
<Block type="RectMedium" material="wood" x="2.2" y="-0.9100000000000014" rotation="0" />
<Block type="RectBig" material="wood" x="1.5" y="-0.6400000000000013" rotation="0" />
<Block type="CircleSmall" material="wood" x="2.8" y="-0.5250000000000014" rotation="0" />
<Block type="RectFat" material="ice" x="1.0" y="-0.05500000000000137" rotation="90" />
<Block type="RectFat" material="stone" x="1.5" y="-0.05500000000000137" rotation="90" />
<Block type="RectSmall" material="wood" x="2.0" y="-0.05500000000000137" rotation="90" />
<Block type="RectTiny" material="ice" x="1.0" y="0.5299999999999986" rotation="0" />
<Block type="RectTiny" material="ice" x="1.5" y="0.5299999999999986" rotation="0" />
<Block type="SquareTiny" material="ice" x="2.0" y="0.5299999999999986" rotation="0" />
<Block type="CircleSmall" material="ice" x="1.0" y="0.9149999999999986" rotation="0" />
<Block type="CircleSmall" material="stone" x="1.5" y="0.9149999999999986" rotation="0" />
<Block type="CircleSmall" material="wood" x="2.0" y="0.9149999999999986" rotation="0" />
</GameObjects>
</Level>
