<?xml version="1.0" encoding="utf-16"?>
<Level width ="2">
<Camera x="0" y="2" minWidth="20" maxWidth="30">
<Birds>
<Bird type="BirdBlue"/>
<Bird type="BirdRed"/>
<Bird type="BirdYellow"/>
<Bird type="BirdBlue"/>
<Bird type="BirdBlue"/>
<Bird type="BirdBlue"/>
<Bird type="BirdRed"/>
</Birds>
<Slingshot x="-8" y="-2.5">
<GameObjects>
<Platform type="Platform" material="" x="-0.9" y="-3.29" rotation="0" />
<Platform type="Platform" material="" x="-0.3" y="-3.29" rotation="0" />
<Platform type="Platform" material="" x="0.3" y="-3.29" rotation="0" />
<Platform type="Platform" material="" x="0.9" y="-3.29" rotation="0" />
<Platform type="Platform" material="" x="1.5" y="-3.29" rotation="0" />
<Platform type="Platform" material="" x="2.1" y="-3.29" rotation="0" />
<Platform type="Platform" material="" x="2.7" y="-3.29" rotation="0" />
<Platform type="Platform" material="" x="3.4" y="-3.29" rotation="0" />
<Platform type="Platform" material="" x="4.0" y="-3.29" rotation="0" />
<Block type="RectTiny" material="ice" x="-1.1" y="-2.7150000000000003" rotation="90" />
<Block type="RectTiny" material="ice" x="-0.7" y="-2.7150000000000003" rotation="90" />
<Pig type="BasicSmall" material="" x="-0.3" y="-2.705" rotation="0" />
<Block type="RectTiny" material="wood" x="0.1" y="-2.7150000000000003" rotation="90" />
<Block type="RectTiny" material="wood" x="0.4" y="-2.7150000000000003" rotation="90" />
<Block type="RectTiny" material="wood" x="0.8" y="-2.7150000000000003" rotation="90" />
<Block type="RectTiny" material="wood" x="1.1" y="-2.7150000000000003" rotation="90" />
<TNT type="" x="1.5" y="-2.6550000000000002" rotation="0" />
<Block type="RectTiny" material="wood" x="1.9" y="-2.7150000000000003" rotation="90" />
<Block type="RectTiny" material="wood" x="2.2" y="-2.7150000000000003" rotation="90" />
<Block type="RectTiny" material="wood" x="2.6" y="-2.7150000000000003" rotation="90" />
<Block type="RectTiny" material="wood" x="2.9" y="-2.7150000000000003" rotation="90" />
<Pig type="BasicSmall" material="" x="3.4" y="-2.705" rotation="0" />
<Block type="RectTiny" material="wood" x="3.8" y="-2.7150000000000003" rotation="90" />
<Block type="RectTiny" material="wood" x="4.1" y="-2.7150000000000003" rotation="90" />
<Block type="RectBig" material="ice" x="-1.1" y="-1.4200000000000004" rotation="90" />
<Block type="RectBig" material="wood" x="-0.7" y="-1.4200000000000004" rotation="90" />
<Block type="RectBig" material="wood" x="0.1" y="-1.4200000000000004" rotation="90" />
<Block type="RectBig" material="wood" x="0.4" y="-1.4200000000000004" rotation="90" />
<Block type="RectBig" material="wood" x="0.8" y="-1.4200000000000004" rotation="90" />
<Block type="RectBig" material="wood" x="1.1" y="-1.4200000000000004" rotation="90" />
<Block type="RectBig" material="wood" x="1.9" y="-1.4200000000000004" rotation="90" />
<Block type="RectBig" material="wood" x="2.2" y="-1.4200000000000004" rotation="90" />
<Block type="RectBig" material="wood" x="2.6" y="-1.4200000000000004" rotation="90" />
<Block type="RectBig" material="stone" x="2.9" y="-1.4200000000000004" rotation="90" />
<Block type="RectBig" material="stone" x="3.7" y="-1.4200000000000004" rotation="90" />
<Block type="RectBig" material="stone" x="4.1" y="-1.4200000000000004" rotation="90" />
<Block type="RectMedium" material="stone" x="-0.3" y="-0.23000000000000037" rotation="0" />
<Block type="RectMedium" material="stone" x="1.5" y="-0.23000000000000037" rotation="0" />
<Block type="RectMedium" material="stone" x="3.3" y="-0.23000000000000037" rotation="0" />
<Block type="CircleSmall" material="wood" x="-0.9" y="0.15499999999999964" rotation="0" />
<Block type="CircleSmall" material="wood" x="-0.3" y="0.15499999999999964" rotation="0" />
<Block type="CircleSmall" material="wood" x="0.2" y="0.15499999999999964" rotation="0" />
<Block type="TriangleHole" material="stone" x="0.9" y="0.3399999999999996" rotation="0" />
<Block type="TriangleHole" material="stone" x="2.1" y="0.3399999999999996" rotation="0" />
<Block type="CircleSmall" material="ice" x="2.8" y="0.15499999999999964" rotation="0" />
<Block type="TriangleHole" material="ice" x="3.9" y="0.3399999999999996" rotation="0" />
</GameObjects>
</Level>
