<?xml version="1.0" encoding="utf-16"?>
<Level width ="2">
<Camera x="0" y="2" minWidth="20" maxWidth="30">
<Birds>
<Bird type="BirdBlue"/>
<Bird type="BirdRed"/>
<Bird type="BirdYellow"/>
<Bird type="BirdBlue"/>
<Bird type="BirdBlue"/>
<Bird type="BirdBlue"/>
<Bird type="BirdRed"/>
</Birds>
<Slingshot x="-8" y="-2.5">
<GameObjects>
<Block type="SquareSmall" material="stone" x="-1.1" y="-3.3850000000000002" rotation="0" />
<Block type="SquareSmall" material="stone" x="-0.4" y="-3.3850000000000002" rotation="0" />
<Block type="SquareSmall" material="stone" x="0.3" y="-3.3850000000000002" rotation="0" />
<Block type="SquareSmall" material="stone" x="0.8" y="-3.3850000000000002" rotation="0" />
<Block type="SquareSmall" material="stone" x="1.5" y="-3.3850000000000002" rotation="0" />
<Block type="SquareSmall" material="stone" x="2.2" y="-3.3850000000000002" rotation="0" />
<Block type="SquareSmall" material="stone" x="2.7" y="-3.3850000000000002" rotation="0" />
<Block type="SquareSmall" material="stone" x="3.4" y="-3.3850000000000002" rotation="0" />
<Block type="SquareSmall" material="stone" x="4.1" y="-3.3850000000000002" rotation="0" />
<Block type="SquareSmall" material="ice" x="-1.1" y="-2.9050000000000007" rotation="0" />
<Block type="SquareSmall" material="ice" x="-0.4" y="-2.9050000000000007" rotation="0" />
<Block type="SquareSmall" material="ice" x="0.3" y="-2.9050000000000007" rotation="0" />
<Block type="SquareSmall" material="ice" x="0.8" y="-2.9050000000000007" rotation="0" />
<Block type="SquareSmall" material="ice" x="1.5" y="-2.9050000000000007" rotation="0" />
<Block type="SquareSmall" material="ice" x="2.2" y="-2.9050000000000007" rotation="0" />
<Block type="SquareSmall" material="ice" x="2.7" y="-2.9050000000000007" rotation="0" />
<Block type="SquareSmall" material="ice" x="3.4" y="-2.9050000000000007" rotation="0" />
<Block type="SquareSmall" material="ice" x="4.1" y="-2.9050000000000007" rotation="0" />
<Block type="RectTiny" material="stone" x="-1.1" y="-2.530000000000001" rotation="0" />
<Block type="RectTiny" material="stone" x="-0.4" y="-2.530000000000001" rotation="0" />
<Block type="RectTiny" material="stone" x="0.3" y="-2.530000000000001" rotation="0" />
<Block type="RectTiny" material="stone" x="0.8" y="-2.530000000000001" rotation="0" />
<Block type="RectTiny" material="stone" x="1.5" y="-2.530000000000001" rotation="0" />
<Block type="RectTiny" material="stone" x="2.2" y="-2.530000000000001" rotation="0" />
<Block type="RectTiny" material="stone" x="2.7" y="-2.530000000000001" rotation="0" />
<Block type="RectTiny" material="stone" x="3.4" y="-2.530000000000001" rotation="0" />
<Block type="RectTiny" material="stone" x="4.1" y="-2.530000000000001" rotation="0" />
<Block type="RectTiny" material="stone" x="-1.1" y="-2.2600000000000016" rotation="0" />
<Block type="RectTiny" material="stone" x="-0.4" y="-2.2600000000000016" rotation="0" />
<Block type="RectTiny" material="stone" x="0.3" y="-2.2600000000000016" rotation="0" />
<Block type="SquareTiny" material="stone" x="0.8" y="-2.2600000000000016" rotation="0" />
<Block type="SquareTiny" material="stone" x="1.5" y="-2.2600000000000016" rotation="0" />
<Block type="SquareTiny" material="stone" x="2.2" y="-2.2600000000000016" rotation="0" />
<Block type="SquareTiny" material="stone" x="2.7" y="-2.2600000000000016" rotation="0" />
<Block type="RectTiny" material="stone" x="3.4" y="-2.2600000000000016" rotation="0" />
<Block type="SquareTiny" material="stone" x="4.1" y="-2.2600000000000016" rotation="0" />
<Block type="RectMedium" material="wood" x="-0.4" y="-1.9900000000000018" rotation="0" />
<Block type="RectMedium" material="wood" x="1.5" y="-1.9900000000000018" rotation="0" />
<Block type="RectMedium" material="wood" x="3.4" y="-1.9900000000000018" rotation="0" />
<Pig type="BasicSmall" material="" x="-1.0" y="-1.6050000000000015" rotation="0" />
<Block type="RectBig" material="ice" x="0.3" y="-1.7200000000000015" rotation="0" />
<TNT type="" x="1.6" y="-1.5550000000000017" rotation="0" />
<Block type="RectMedium" material="ice" x="2.7" y="-1.7200000000000015" rotation="0" />
<Pig type="BasicSmall" material="" x="4.0" y="-1.6050000000000015" rotation="0" />
<Block type="RectFat" material="stone" x="-0.4" y="-1.1350000000000013" rotation="90" />
<Block type="RectSmall" material="stone" x="0.2" y="-1.1350000000000013" rotation="90" />
<Block type="RectSmall" material="stone" x="0.5" y="-1.1350000000000013" rotation="90" />
<Block type="RectSmall" material="stone" x="1.1" y="-1.1350000000000013" rotation="90" />
<Block type="RectSmall" material="stone" x="1.9" y="-1.1350000000000013" rotation="90" />
<Block type="RectSmall" material="stone" x="2.5" y="-1.1350000000000013" rotation="90" />
<Block type="RectSmall" material="stone" x="2.8" y="-1.1350000000000013" rotation="90" />
<Block type="RectSmall" material="stone" x="3.4" y="-1.1350000000000013" rotation="90" />
<Block type="RectSmall" material="wood" x="-0.1" y="-0.5500000000000013" rotation="0" />
<Block type="RectSmall" material="wood" x="0.8" y="-0.5500000000000013" rotation="0" />
<Block type="RectSmall" material="wood" x="2.2" y="-0.5500000000000013" rotation="0" />
<Block type="RectSmall" material="wood" x="3.1" y="-0.5500000000000013" rotation="0" />
<Block type="RectFat" material="wood" x="-0.1" y="0.03499999999999871" rotation="90" />
<Block type="RectFat" material="wood" x="0.8" y="0.03499999999999871" rotation="90" />
<Block type="RectSmall" material="wood" x="2.2" y="0.03499999999999871" rotation="90" />
<Block type="RectSmall" material="wood" x="3.1" y="0.03499999999999871" rotation="90" />
<Block type="TriangleHole" material="stone" x="-0.1" y="0.9199999999999987" rotation="0" />
<Block type="TriangleHole" material="wood" x="0.8" y="0.9199999999999987" rotation="0" />
<Block type="Circle" material="stone" x="2.2" y="0.9099999999999988" rotation="0" />
<Block type="Circle" material="ice" x="3.1" y="0.9099999999999988" rotation="0" />
</GameObjects>
</Level>
