<?xml version="1.0" encoding="utf-16"?>
<Level width ="2">
<Camera x="0" y="2" minWidth="20" maxWidth="30">
<Birds>
<Bird type="BirdBlue"/>
<Bird type="BirdRed"/>
<Bird type="BirdYellow"/>
<Bird type="BirdBlue"/>
<Bird type="BirdBlue"/>
<Bird type="BirdBlue"/>
<Bird type="BirdRed"/>
</Birds>
<Slingshot x="-8" y="-2.5">
<GameObjects>
<Platform type="Platform" material="" x="-1.3" y="-3.29" rotation="0" />
<Platform type="Platform" material="" x="-0.7" y="-3.29" rotation="0" />
<Platform type="Platform" material="" x="-0.1" y="-3.29" rotation="0" />
<Platform type="Platform" material="" x="0.5" y="-3.29" rotation="0" />
<Platform type="Platform" material="" x="1.1" y="-3.29" rotation="0" />
<Platform type="Platform" material="" x="1.7" y="-3.29" rotation="0" />
<Platform type="Platform" material="" x="2.3" y="-3.29" rotation="0" />
<Platform type="Platform" material="" x="2.9" y="-3.29" rotation="0" />
<Platform type="Platform" material="" x="3.5" y="-3.29" rotation="0" />
<Platform type="Platform" material="" x="4.1" y="-3.29" rotation="0" />
<Platform type="Platform" material="" x="4.7" y="-3.29" rotation="0" />
<Block type="SquareTiny" material="ice" x="-1.5" y="-2.8200000000000003" rotation="0" />
<Block type="SquareTiny" material="stone" x="-0.6" y="-2.8200000000000003" rotation="0" />
<Block type="SquareTiny" material="wood" x="0.4" y="-2.8200000000000003" rotation="0" />
<Block type="SquareTiny" material="wood" x="0.7" y="-2.8200000000000003" rotation="0" />
<Block type="SquareTiny" material="ice" x="1.6" y="-2.8200000000000003" rotation="0" />
<Block type="SquareTiny" material="stone" x="2.5" y="-2.8200000000000003" rotation="0" />
<Block type="SquareTiny" material="stone" x="2.8" y="-2.8200000000000003" rotation="0" />
<Block type="SquareTiny" material="stone" x="3.8" y="-2.8200000000000003" rotation="0" />
<Block type="SquareTiny" material="ice" x="4.7" y="-2.8200000000000003" rotation="0" />
<Block type="RectBig" material="stone" x="-0.6" y="-2.5500000000000007" rotation="0" />
<Block type="RectBig" material="stone" x="1.6" y="-2.5500000000000007" rotation="0" />
<Block type="RectBig" material="stone" x="3.8" y="-2.5500000000000007" rotation="0" />
<Pig type="BasicSmall" material="" x="-1.2" y="-2.165000000000001" rotation="0" />
<Block type="RectFat" material="ice" x="-0.5" y="-2.175000000000001" rotation="0" />
<Block type="RectFat" material="stone" x="0.5" y="-2.175000000000001" rotation="0" />
<Block type="SquareSmall" material="ice" x="1.6" y="-2.175000000000001" rotation="0" />
<Block type="SquareSmall" material="ice" x="3.6" y="-2.175000000000001" rotation="0" />
<Pig type="BasicSmall" material="" x="4.4" y="-2.165000000000001" rotation="0" />
<Block type="RectBig" material="stone" x="0.5" y="-1.800000000000001" rotation="0" />
<Block type="RectBig" material="ice" x="2.7" y="-1.800000000000001" rotation="0" />
<Block type="Triangle" material="stone" x="-0.2" y="-1.2300000000000009" rotation="90" />
<Block type="SquareHole" material="ice" x="0.7" y="-1.2200000000000009" rotation="0" />
<Block type="SquareHole" material="ice" x="1.6" y="-1.2200000000000009" rotation="0" />
<Block type="SquareHole" material="ice" x="2.5" y="-1.2200000000000009" rotation="0" />
<Block type="CircleSmall" material="ice" x="3.4" y="-1.4150000000000007" rotation="0" />
<Block type="SquareHole" material="wood" x="0.7" y="-0.33000000000000096" rotation="0" />
<Block type="SquareHole" material="wood" x="1.6" y="-0.33000000000000096" rotation="0" />
<Block type="SquareHole" material="stone" x="2.5" y="-0.33000000000000096" rotation="0" />
<Block type="RectFat" material="wood" x="0.7" y="0.35499999999999904" rotation="0" />
<Block type="SquareSmall" material="wood" x="1.6" y="0.35499999999999904" rotation="0" />
<Block type="SquareSmall" material="wood" x="2.5" y="0.35499999999999904" rotation="0" />
<Block type="RectBig" material="stone" x="1.6" y="0.7299999999999991" rotation="0" />
<Block type="RectTiny" material="wood" x="0.9" y="0.9999999999999991" rotation="0" />
<Block type="RectTiny" material="ice" x="1.6" y="0.9999999999999991" rotation="0" />
<Block type="SquareTiny" material="wood" x="2.3" y="0.9999999999999991" rotation="0" />
<Pig type="BasicSmall" material="" x="0.9" y="1.3849999999999993" rotation="0" />
<Block type="TriangleHole" material="wood" x="1.6" y="1.5699999999999992" rotation="0" />
<Block type="CircleSmall" material="stone" x="2.3" y="1.3849999999999993" rotation="0" />
</GameObjects>
</Level>
