<?xml version="1.0" encoding="utf-16"?>
<Level width ="2">
<Camera x="0" y="2" minWidth="20" maxWidth="30">
<Birds>
<Bird type="BirdBlue"/>
<Bird type="BirdRed"/>
<Bird type="BirdYellow"/>
<Bird type="BirdBlue"/>
<Bird type="BirdBlue"/>
<Bird type="BirdBlue"/>
<Bird type="BirdRed"/>
</Birds>
<Slingshot x="-8" y="-2.5">
<GameObjects>
<Block type="RectTiny" material="wood" x="-0.7" y="-3.3850000000000002" rotation="90" />
<Block type="RectSmall" material="stone" x="0.3" y="-3.49" rotation="0" />
<Block type="RectSmall" material="wood" x="1.2" y="-3.49" rotation="0" />
<Block type="RectSmall" material="wood" x="2.1" y="-3.49" rotation="0" />
<Block type="SquareHole" material="wood" x="0.3" y="-2.9100000000000006" rotation="0" />
<Block type="SquareHole" material="wood" x="1.2" y="-2.9100000000000006" rotation="0" />
<Block type="SquareHole" material="wood" x="2.1" y="-2.9100000000000006" rotation="0" />
<Block type="RectSmall" material="wood" x="0.3" y="-2.330000000000001" rotation="0" />
<Block type="RectSmall" material="wood" x="1.2" y="-2.330000000000001" rotation="0" />
<Block type="RectSmall" material="wood" x="2.1" y="-2.330000000000001" rotation="0" />
<Block type="SquareHole" material="wood" x="0.3" y="-1.750000000000001" rotation="0" />
<Block type="SquareHole" material="wood" x="1.2" y="-1.750000000000001" rotation="0" />
<Block type="SquareHole" material="wood" x="2.1" y="-1.750000000000001" rotation="0" />
<Block type="SquareHole" material="wood" x="0.3" y="-0.8600000000000012" rotation="0" />
<Block type="SquareHole" material="wood" x="1.2" y="-0.8600000000000012" rotation="0" />
<Block type="SquareHole" material="wood" x="2.1" y="-0.8600000000000012" rotation="0" />
<Block type="SquareHole" material="wood" x="0.6" y="0.029999999999998764" rotation="0" />
<Block type="SquareHole" material="wood" x="1.8" y="0.029999999999998764" rotation="0" />
<Pig type="BasicSmall" material="" x="0.6" y="0.7249999999999988" rotation="0" />
<Block type="CircleSmall" material="ice" x="1.5" y="0.7249999999999988" rotation="0" />
<Pig type="BasicSmall" material="" x="2.0" y="0.7249999999999988" rotation="0" />
</GameObjects>
</Level>
