<?xml version="1.0" encoding="utf-16"?>
<Level width ="2">
<Camera x="0" y="2" minWidth="20" maxWidth="30">
<Birds>
<Bird type="BirdBlue"/>
<Bird type="BirdRed"/>
<Bird type="BirdYellow"/>
<Bird type="BirdBlue"/>
<Bird type="BirdBlue"/>
<Bird type="BirdBlue"/>
<Bird type="BirdRed"/>
</Birds>
<Slingshot x="-8" y="-2.5">
<GameObjects>
<Block type="RectSmall" material="stone" x="-0.2" y="-3.49" rotation="0" />
<Block type="RectSmall" material="ice" x="0.7" y="-3.49" rotation="0" />
<Block type="RectSmall" material="ice" x="1.9" y="-3.49" rotation="0" />
<Block type="RectSmall" material="ice" x="2.8" y="-3.49" rotation="0" />
<Block type="RectSmall" material="stone" x="-0.2" y="-3.2200000000000006" rotation="0" />
<Block type="RectSmall" material="stone" x="0.7" y="-3.2200000000000006" rotation="0" />
<Block type="RectSmall" material="stone" x="1.9" y="-3.2200000000000006" rotation="0" />
<Block type="RectSmall" material="stone" x="2.8" y="-3.2200000000000006" rotation="0" />
<Block type="SquareSmall" material="wood" x="-0.2" y="-2.845000000000001" rotation="0" />
<Block type="RectTiny" material="wood" x="0.4" y="-2.845000000000001" rotation="90" />
<Block type="RectTiny" material="wood" x="1.0" y="-2.845000000000001" rotation="90" />
<Block type="RectTiny" material="wood" x="1.6" y="-2.845000000000001" rotation="90" />
<Block type="RectFat" material="wood" x="2.2" y="-2.845000000000001" rotation="0" />
<Block type="RectTiny" material="wood" x="2.8" y="-2.845000000000001" rotation="90" />
<Block type="RectBig" material="stone" x="-0.2" y="-1.5500000000000012" rotation="90" />
<Block type="RectBig" material="stone" x="0.4" y="-1.5500000000000012" rotation="90" />
<Block type="RectBig" material="stone" x="1.0" y="-1.5500000000000012" rotation="90" />
<Block type="RectBig" material="stone" x="1.6" y="-1.5500000000000012" rotation="90" />
<Block type="RectBig" material="stone" x="2.2" y="-1.5500000000000012" rotation="90" />
<Block type="RectBig" material="stone" x="2.8" y="-1.5500000000000012" rotation="90" />
<Block type="RectTiny" material="wood" x="-0.2" y="-0.25500000000000117" rotation="90" />
<Block type="RectTiny" material="wood" x="0.4" y="-0.25500000000000117" rotation="90" />
<Block type="RectTiny" material="wood" x="1.0" y="-0.25500000000000117" rotation="90" />
<Block type="RectTiny" material="wood" x="1.6" y="-0.25500000000000117" rotation="90" />
<Block type="RectTiny" material="wood" x="2.2" y="-0.25500000000000117" rotation="90" />
<Block type="RectTiny" material="wood" x="2.8" y="-0.25500000000000117" rotation="90" />
<Block type="RectFat" material="stone" x="0.1" y="0.2249999999999988" rotation="0" />
<Block type="RectFat" material="stone" x="1.3" y="0.2249999999999988" rotation="0" />
<Block type="RectFat" material="ice" x="2.5" y="0.2249999999999988" rotation="0" />
<Pig type="BasicSmall" material="" x="0.1" y="0.7149999999999989" rotation="0" />
<Block type="CircleSmall" material="stone" x="1.0" y="0.7149999999999989" rotation="0" />
<Pig type="BasicSmall" material="" x="1.6" y="0.7149999999999989" rotation="0" />
<Block type="CircleSmall" material="wood" x="2.2" y="0.7149999999999989" rotation="0" />
<Pig type="BasicSmall" material="" x="2.8" y="0.7149999999999989" rotation="0" />
</GameObjects>
</Level>
