<?xml version="1.0" encoding="utf-16"?>
<Level width ="2">
<Camera x="0" y="2" minWidth="20" maxWidth="30">
<Birds>
<Bird type="BirdBlue"/>
<Bird type="BirdRed"/>
<Bird type="BirdYellow"/>
<Bird type="BirdBlue"/>
<Bird type="BirdBlue"/>
<Bird type="BirdBlue"/>
<Bird type="BirdRed"/>
</Birds>
<Slingshot x="-8" y="-2.5">
<GameObjects>
<Block type="RectSmall" material="wood" x="-0.6" y="-3.1750000000000003" rotation="90" />
<Block type="RectSmall" material="stone" x="0.4" y="-3.49" rotation="0" />
<Block type="RectSmall" material="stone" x="1.3" y="-3.49" rotation="0" />
<Block type="RectSmall" material="ice" x="2.2" y="-3.49" rotation="0" />
<Block type="SquareHole" material="stone" x="0.4" y="-2.9100000000000006" rotation="0" />
<Block type="SquareHole" material="stone" x="1.3" y="-2.9100000000000006" rotation="0" />
<Block type="SquareHole" material="ice" x="2.2" y="-2.9100000000000006" rotation="0" />
<Block type="RectFat" material="wood" x="-0.6" y="-2.4850000000000008" rotation="0" />
<Block type="RectFat" material="stone" x="0.4" y="-2.225000000000001" rotation="0" />
<Block type="RectFat" material="stone" x="1.3" y="-2.225000000000001" rotation="0" />
<Block type="RectFat" material="stone" x="2.2" y="-2.225000000000001" rotation="0" />
<Block type="SquareHole" material="wood" x="-0.6" y="-1.800000000000001" rotation="0" />
<Block type="RectSmall" material="ice" x="0.6" y="-1.850000000000001" rotation="0" />
<Pig type="BasicSmall" material="" x="1.3" y="-1.735000000000001" rotation="0" />
<Block type="RectSmall" material="stone" x="2.0" y="-1.850000000000001" rotation="0" />
<Block type="SquareTiny" material="stone" x="0.3" y="-1.5800000000000007" rotation="0" />
<Block type="SquareTiny" material="stone" x="0.9" y="-1.5800000000000007" rotation="0" />
<Block type="SquareTiny" material="stone" x="1.7" y="-1.5800000000000007" rotation="0" />
<Block type="SquareTiny" material="stone" x="2.3" y="-1.5800000000000007" rotation="0" />
<Block type="SquareHole" material="stone" x="0.6" y="-1.0000000000000007" rotation="0" />
<Block type="SquareHole" material="stone" x="2.0" y="-1.0000000000000007" rotation="0" />
<Block type="SquareTiny" material="stone" x="0.3" y="-0.42000000000000076" rotation="0" />
<Block type="SquareTiny" material="stone" x="0.6" y="-0.42000000000000076" rotation="0" />
<Block type="SquareTiny" material="stone" x="0.9" y="-0.42000000000000076" rotation="0" />
<Block type="SquareTiny" material="ice" x="1.7" y="-0.42000000000000076" rotation="0" />
<Block type="SquareTiny" material="stone" x="2.0" y="-0.42000000000000076" rotation="0" />
<Block type="SquareTiny" material="stone" x="2.3" y="-0.42000000000000076" rotation="0" />
<Block type="RectFat" material="stone" x="0.6" y="-0.045000000000000775" rotation="0" />
<Block type="RectFat" material="stone" x="2.0" y="-0.045000000000000775" rotation="0" />
<Block type="RectTiny" material="stone" x="0.6" y="0.3299999999999992" rotation="0" />
<Block type="RectTiny" material="wood" x="2.0" y="0.3299999999999992" rotation="0" />
<Block type="RectMedium" material="stone" x="1.3" y="0.5999999999999992" rotation="0" />
<Pig type="BasicSmall" material="" x="0.7" y="0.9849999999999992" rotation="0" />
<Block type="CircleSmall" material="ice" x="1.3" y="0.9849999999999992" rotation="0" />
<Pig type="BasicSmall" material="" x="1.9" y="0.9849999999999992" rotation="0" />
</GameObjects>
</Level>
