<?xml version="1.0" encoding="utf-16"?>
<Level width ="2">
<Camera x="0" y="2" minWidth="20" maxWidth="30">
<Birds>
<Bird type="BirdBlue"/>
<Bird type="BirdRed"/>
<Bird type="BirdYellow"/>
<Bird type="BirdBlue"/>
<Bird type="BirdBlue"/>
<Bird type="BirdBlue"/>
<Bird type="BirdRed"/>
</Birds>
<Slingshot x="-8" y="-2.5">
<GameObjects>
<Block type="RectBig" material="wood" x="-1.1" y="-2.5700000000000003" rotation="90" />
<TNT type="" x="-0.7" y="-3.325" rotation="0" />
<Block type="RectBig" material="wood" x="-0.3" y="-2.5700000000000003" rotation="90" />
<Pig type="BasicSmall" material="" x="0.1" y="-3.375" rotation="0" />
<Block type="RectBig" material="wood" x="0.5" y="-2.5700000000000003" rotation="90" />
<Block type="RectBig" material="wood" x="0.8" y="-2.5700000000000003" rotation="90" />
<Pig type="BasicSmall" material="" x="1.2" y="-3.375" rotation="0" />
<Block type="RectBig" material="wood" x="1.6" y="-2.5700000000000003" rotation="90" />
<Pig type="BasicSmall" material="" x="2.0" y="-3.375" rotation="0" />
<Block type="RectBig" material="stone" x="2.6" y="-2.5700000000000003" rotation="90" />
<Pig type="BasicSmall" material="" x="3.0" y="-3.375" rotation="0" />
<Block type="RectBig" material="stone" x="3.4" y="-2.5700000000000003" rotation="90" />
<TNT type="" x="3.8" y="-3.325" rotation="0" />
<Block type="RectBig" material="stone" x="4.2" y="-2.5700000000000003" rotation="90" />
<Block type="RectTiny" material="ice" x="-1.1" y="-1.2750000000000001" rotation="90" />
<Block type="RectTiny" material="ice" x="-0.4" y="-1.2750000000000001" rotation="90" />
<Block type="RectTiny" material="ice" x="0.4" y="-1.2750000000000001" rotation="90" />
<Block type="RectTiny" material="wood" x="0.8" y="-1.2750000000000001" rotation="90" />
<Block type="RectTiny" material="wood" x="1.5" y="-1.2750000000000001" rotation="90" />
<Block type="RectTiny" material="ice" x="2.2" y="-2.8850000000000002" rotation="90" />
<Block type="RectTiny" material="ice" x="2.6" y="-1.2750000000000001" rotation="90" />
<Block type="RectTiny" material="ice" x="3.3" y="-1.2750000000000001" rotation="90" />
<Block type="RectTiny" material="stone" x="4.1" y="-1.2750000000000001" rotation="90" />
<Block type="RectMedium" material="ice" x="-0.4" y="-0.9" rotation="0" />
<Block type="RectMedium" material="ice" x="1.5" y="-2.5100000000000007" rotation="0" />
<Block type="RectMedium" material="ice" x="3.3" y="-0.9" rotation="0" />
<Block type="RectMedium" material="ice" x="-0.4" y="-0.63" rotation="0" />
<Block type="RectMedium" material="ice" x="1.5" y="-2.240000000000001" rotation="0" />
<Block type="RectMedium" material="ice" x="3.3" y="-0.63" rotation="0" />
<Block type="Circle" material="stone" x="-0.4" y="-0.06999999999999999" rotation="0" />
<Block type="CircleSmall" material="wood" x="0.9" y="-1.855000000000001" rotation="0" />
<Block type="CircleSmall" material="ice" x="1.5" y="-1.855000000000001" rotation="0" />
<Block type="CircleSmall" material="ice" x="2.1" y="-1.855000000000001" rotation="0" />
<Block type="CircleSmall" material="wood" x="2.8" y="-0.24500000000000005" rotation="0" />
<Block type="CircleSmall" material="wood" x="3.3" y="-0.24500000000000005" rotation="0" />
<Block type="CircleSmall" material="ice" x="3.9" y="-0.24500000000000005" rotation="0" />
</GameObjects>
</Level>
