<?xml version="1.0" encoding="utf-16"?>
<Level width ="2">
<Camera x="0" y="2" minWidth="20" maxWidth="30">
<Birds>
<Bird type="BirdBlue"/>
<Bird type="BirdRed"/>
<Bird type="BirdYellow"/>
<Bird type="BirdBlue"/>
<Bird type="BirdBlue"/>
<Bird type="BirdBlue"/>
<Bird type="BirdRed"/>
</Birds>
<Slingshot x="-8" y="-2.5">
<GameObjects>
<Block type="RectMedium" material="ice" x="-1.0" y="-2.7600000000000002" rotation="90" />
<TNT type="" x="0.0" y="-3.325" rotation="0" />
<Block type="RectMedium" material="ice" x="0.4" y="-2.7600000000000002" rotation="90" />
<Block type="RectMedium" material="ice" x="0.7" y="-2.7600000000000002" rotation="90" />
<Pig type="BasicSmall" material="" x="1.1" y="-3.375" rotation="0" />
<Pig type="BasicSmall" material="" x="1.8" y="-3.375" rotation="0" />
<Block type="RectMedium" material="ice" x="2.2" y="-2.7600000000000002" rotation="90" />
<Block type="RectMedium" material="ice" x="2.4" y="-2.7600000000000002" rotation="90" />
<Block type="RectMedium" material="wood" x="3.8" y="-2.7600000000000002" rotation="90" />
<Block type="RectTiny" material="ice" x="-1.0" y="-1.6550000000000002" rotation="90" />
<Block type="RectTiny" material="stone" x="0.4" y="-1.6550000000000002" rotation="90" />
<Block type="RectTiny" material="ice" x="0.7" y="-1.6550000000000002" rotation="90" />
<Block type="RectTiny" material="wood" x="2.1" y="-1.6550000000000002" rotation="90" />
<Block type="RectTiny" material="ice" x="2.4" y="-1.6550000000000002" rotation="90" />
<Block type="RectTiny" material="ice" x="3.8" y="-1.6550000000000002" rotation="90" />
<Block type="RectMedium" material="stone" x="-0.3" y="-1.28" rotation="0" />
<Block type="RectMedium" material="ice" x="1.4" y="-1.28" rotation="0" />
<Block type="RectMedium" material="stone" x="3.1" y="-1.28" rotation="0" />
<Block type="CircleSmall" material="ice" x="-0.9" y="-0.8949999999999999" rotation="0" />
<Block type="SquareHole" material="ice" x="0.0" y="-0.7" rotation="0" />
<Block type="SquareHole" material="ice" x="1.4" y="-0.7" rotation="0" />
<Block type="SquareHole" material="ice" x="2.8" y="-0.7" rotation="0" />
<Block type="CircleSmall" material="ice" x="3.7" y="-0.8949999999999999" rotation="0" />
<Block type="RectMedium" material="wood" x="0.4" y="-0.11999999999999998" rotation="0" />
<Block type="RectMedium" material="stone" x="2.4" y="-0.11999999999999998" rotation="0" />
<Block type="Triangle" material="stone" x="-0.1" y="0.45" rotation="90" />
<Block type="TriangleHole" material="stone" x="1.0" y="0.45" rotation="0" />
<Block type="Triangle" material="wood" x="1.8" y="0.45" rotation="90" />
<Block type="Triangle" material="ice" x="2.9" y="0.45" rotation="90" />
</GameObjects>
</Level>
