<?xml version="1.0" encoding="utf-16"?>
<Level width ="2">
<Camera x="0" y="2" minWidth="20" maxWidth="30">
<Birds>
<Bird type="BirdBlue"/>
<Bird type="BirdRed"/>
<Bird type="BirdYellow"/>
<Bird type="BirdBlue"/>
<Bird type="BirdBlue"/>
<Bird type="BirdBlue"/>
<Bird type="BirdRed"/>
</Birds>
<Slingshot x="-8" y="-2.5">
<GameObjects>
<Block type="RectFat" material="wood" x="-0.6" y="-3.3850000000000002" rotation="0" />
<Block type="SquareTiny" material="wood" x="-1.1" y="-3.49" rotation="0" />
<Block type="SquareTiny" material="wood" x="-0.8" y="-3.0100000000000007" rotation="0" />
<Block type="SquareTiny" material="ice" x="-0.4" y="-3.0100000000000007" rotation="0" />
<Block type="SquareTiny" material="stone" x="0.0" y="-3.49" rotation="0" />
<Block type="SquareTiny" material="stone" x="0.3" y="-3.49" rotation="0" />
<Block type="SquareTiny" material="wood" x="0.8" y="-3.49" rotation="0" />
<Block type="SquareTiny" material="wood" x="1.1" y="-3.49" rotation="0" />
<Block type="SquareTiny" material="ice" x="1.5" y="-3.49" rotation="0" />
<Block type="SquareTiny" material="ice" x="1.9" y="-3.49" rotation="0" />
<Block type="SquareTiny" material="wood" x="2.2" y="-3.49" rotation="0" />
<Block type="SquareTiny" material="ice" x="2.7" y="-3.49" rotation="0" />
<Block type="SquareTiny" material="ice" x="3.0" y="-3.49" rotation="0" />
<Block type="SquareTiny" material="wood" x="3.4" y="-3.49" rotation="0" />
<Block type="SquareTiny" material="wood" x="3.8" y="-3.49" rotation="0" />
<Block type="SquareTiny" material="wood" x="4.1" y="-3.49" rotation="0" />
<Block type="RectTiny" material="wood" x="-1.1" y="-3.1150000000000007" rotation="90" />
<Block type="RectTiny" material="wood" x="-0.8" y="-2.635000000000001" rotation="90" />
<Block type="RectTiny" material="ice" x="-0.4" y="-2.635000000000001" rotation="90" />
<Block type="RectTiny" material="stone" x="0.0" y="-3.1150000000000007" rotation="90" />
<Block type="RectTiny" material="stone" x="0.3" y="-3.1150000000000007" rotation="90" />
<Block type="RectTiny" material="stone" x="0.8" y="-3.1150000000000007" rotation="90" />
<Block type="RectTiny" material="stone" x="1.1" y="-3.1150000000000007" rotation="90" />
<Block type="RectTiny" material="stone" x="1.5" y="-3.1150000000000007" rotation="90" />
<Block type="RectTiny" material="wood" x="1.9" y="-3.1150000000000007" rotation="90" />
<Block type="RectTiny" material="wood" x="2.2" y="-3.1150000000000007" rotation="90" />
<Block type="RectTiny" material="ice" x="2.7" y="-3.1150000000000007" rotation="90" />
<Block type="RectTiny" material="wood" x="3.0" y="-3.1150000000000007" rotation="90" />
<Block type="RectTiny" material="wood" x="3.4" y="-3.1150000000000007" rotation="90" />
<Block type="RectTiny" material="wood" x="3.8" y="-3.1150000000000007" rotation="90" />
<Block type="RectTiny" material="wood" x="4.1" y="-3.1150000000000007" rotation="90" />
<Block type="RectTiny" material="wood" x="-1.1" y="-2.635000000000001" rotation="90" />
<Block type="RectTiny" material="wood" x="-0.8" y="-2.1550000000000016" rotation="90" />
<Block type="RectTiny" material="wood" x="-0.4" y="-2.1550000000000016" rotation="90" />
<Block type="RectTiny" material="wood" x="0.0" y="-2.635000000000001" rotation="90" />
<Block type="RectTiny" material="stone" x="0.3" y="-2.635000000000001" rotation="90" />
<Block type="RectTiny" material="wood" x="0.8" y="-2.635000000000001" rotation="90" />
<Block type="RectTiny" material="wood" x="1.1" y="-2.635000000000001" rotation="90" />
<Block type="RectTiny" material="wood" x="1.5" y="-2.635000000000001" rotation="90" />
<Block type="RectTiny" material="wood" x="1.9" y="-2.635000000000001" rotation="90" />
<Block type="RectTiny" material="ice" x="2.2" y="-2.635000000000001" rotation="90" />
<Block type="RectTiny" material="wood" x="2.7" y="-2.635000000000001" rotation="90" />
<Block type="RectTiny" material="wood" x="3.0" y="-2.635000000000001" rotation="90" />
<Block type="RectTiny" material="stone" x="3.4" y="-2.635000000000001" rotation="90" />
<Block type="RectTiny" material="stone" x="3.8" y="-2.635000000000001" rotation="90" />
<Block type="RectTiny" material="wood" x="4.1" y="-2.635000000000001" rotation="90" />
<Block type="SquareTiny" material="wood" x="-1.1" y="-2.2600000000000016" rotation="0" />
<Block type="SquareTiny" material="wood" x="-0.8" y="-1.7800000000000014" rotation="0" />
<Block type="SquareTiny" material="wood" x="-0.4" y="-1.7800000000000014" rotation="0" />
<Block type="SquareTiny" material="ice" x="0.0" y="-2.2600000000000016" rotation="0" />
<Block type="SquareTiny" material="wood" x="0.3" y="-2.2600000000000016" rotation="0" />
<Block type="SquareTiny" material="wood" x="0.8" y="-2.2600000000000016" rotation="0" />
<Block type="SquareTiny" material="wood" x="1.1" y="-2.2600000000000016" rotation="0" />
<Block type="SquareTiny" material="wood" x="1.5" y="-2.2600000000000016" rotation="0" />
<Block type="SquareTiny" material="ice" x="1.9" y="-2.2600000000000016" rotation="0" />
<Block type="SquareTiny" material="ice" x="2.2" y="-2.2600000000000016" rotation="0" />
<Block type="SquareTiny" material="wood" x="2.7" y="-2.2600000000000016" rotation="0" />
<Block type="SquareTiny" material="wood" x="3.0" y="-2.2600000000000016" rotation="0" />
<Block type="SquareTiny" material="stone" x="3.4" y="-2.2600000000000016" rotation="0" />
<Block type="SquareTiny" material="stone" x="3.8" y="-2.2600000000000016" rotation="0" />
<Block type="SquareTiny" material="ice" x="4.1" y="-2.2600000000000016" rotation="0" />
<Block type="RectTiny" material="wood" x="-1.1" y="-1.8850000000000016" rotation="90" />
<Block type="RectTiny" material="wood" x="-0.8" y="-1.4050000000000011" rotation="90" />
<Block type="RectTiny" material="wood" x="-0.4" y="-1.4050000000000011" rotation="90" />
<Block type="RectTiny" material="wood" x="0.0" y="-1.8850000000000016" rotation="90" />
<Block type="RectTiny" material="wood" x="0.3" y="-1.8850000000000016" rotation="90" />
<Block type="RectTiny" material="stone" x="0.8" y="-1.8850000000000016" rotation="90" />
<Block type="RectTiny" material="stone" x="1.1" y="-1.8850000000000016" rotation="90" />
<Block type="RectTiny" material="stone" x="1.5" y="-1.8850000000000016" rotation="90" />
<Block type="RectTiny" material="stone" x="1.9" y="-1.8850000000000016" rotation="90" />
<Block type="RectTiny" material="ice" x="2.2" y="-1.8850000000000016" rotation="90" />
<Block type="RectTiny" material="wood" x="2.7" y="-1.8850000000000016" rotation="90" />
<Block type="RectTiny" material="stone" x="3.0" y="-1.8850000000000016" rotation="90" />
<Block type="RectTiny" material="stone" x="3.4" y="-1.8850000000000016" rotation="90" />
<Block type="RectTiny" material="ice" x="3.8" y="-1.8850000000000016" rotation="90" />
<Block type="RectTiny" material="ice" x="4.1" y="-1.8850000000000016" rotation="90" />
<Block type="SquareTiny" material="wood" x="-1.1" y="-1.5100000000000013" rotation="0" />
<Block type="SquareTiny" material="wood" x="-0.8" y="-1.030000000000001" rotation="0" />
<Block type="SquareTiny" material="wood" x="-0.4" y="-1.030000000000001" rotation="0" />
<Block type="SquareTiny" material="wood" x="0.0" y="-1.5100000000000013" rotation="0" />
<Block type="SquareTiny" material="wood" x="0.3" y="-1.5100000000000013" rotation="0" />
<Block type="SquareTiny" material="wood" x="0.8" y="-1.5100000000000013" rotation="0" />
<Block type="SquareTiny" material="stone" x="1.1" y="-1.5100000000000013" rotation="0" />
<Block type="SquareTiny" material="stone" x="1.5" y="-1.5100000000000013" rotation="0" />
<Block type="SquareTiny" material="stone" x="1.9" y="-1.5100000000000013" rotation="0" />
<Block type="SquareTiny" material="stone" x="2.2" y="-1.5100000000000013" rotation="0" />
<Block type="SquareTiny" material="stone" x="2.7" y="-1.5100000000000013" rotation="0" />
<Block type="SquareTiny" material="stone" x="3.0" y="-1.5100000000000013" rotation="0" />
<Block type="SquareTiny" material="stone" x="3.4" y="-1.5100000000000013" rotation="0" />
<Block type="SquareTiny" material="wood" x="3.8" y="-1.5100000000000013" rotation="0" />
<Block type="SquareTiny" material="wood" x="4.1" y="-1.5100000000000013" rotation="0" />
<Block type="RectMedium" material="stone" x="-1.1" y="-0.5100000000000012" rotation="90" />
<Block type="RectMedium" material="wood" x="-0.8" y="-0.030000000000000956" rotation="90" />
<Block type="RectMedium" material="wood" x="-0.4" y="-0.030000000000000956" rotation="90" />
<Block type="RectMedium" material="stone" x="0.0" y="-0.5100000000000012" rotation="90" />
<Block type="RectMedium" material="stone" x="0.3" y="-0.5100000000000012" rotation="90" />
<Block type="RectMedium" material="wood" x="0.8" y="-0.5100000000000012" rotation="90" />
<Block type="RectMedium" material="wood" x="1.1" y="-0.5100000000000012" rotation="90" />
<Block type="RectMedium" material="wood" x="1.5" y="-0.5100000000000012" rotation="90" />
<Block type="RectMedium" material="wood" x="1.9" y="-0.5100000000000012" rotation="90" />
<Block type="RectMedium" material="wood" x="2.2" y="-0.5100000000000012" rotation="90" />
<Block type="RectMedium" material="stone" x="2.7" y="-0.5100000000000012" rotation="90" />
<Block type="RectMedium" material="ice" x="3.0" y="-0.5100000000000012" rotation="90" />
<Block type="RectMedium" material="ice" x="3.4" y="-0.5100000000000012" rotation="90" />
<Block type="RectMedium" material="ice" x="3.8" y="-0.5100000000000012" rotation="90" />
<Block type="RectMedium" material="wood" x="4.1" y="-0.5100000000000012" rotation="90" />
<Block type="CircleSmall" material="wood" x="-1.1" y="0.6049999999999988" rotation="0" />
<Block type="SquareTiny" material="stone" x="-0.4" y="0.9699999999999991" rotation="0" />
<Block type="Circle" material="ice" x="0.8" y="0.7799999999999988" rotation="0" />
<Block type="SquareTiny" material="ice" x="1.5" y="0.4899999999999987" rotation="0" />
<Block type="TriangleHole" material="ice" x="2.7" y="0.7899999999999987" rotation="0" />
<Block type="SquareTiny" material="ice" x="3.4" y="0.4899999999999987" rotation="0" />
<Block type="TriangleHole" material="ice" x="4.1" y="0.7899999999999987" rotation="0" />
<Pig type="BasicSmall" material="" x="-0.4" y="1.3549999999999993" rotation="0" />
<Block type="CircleSmall" material="ice" x="1.5" y="0.8749999999999988" rotation="0" />
<Block type="CircleSmall" material="wood" x="3.4" y="0.8749999999999988" rotation="0" />
</GameObjects>
</Level>
