<?xml version="1.0" encoding="utf-16"?>
<Level width ="2">
<Camera x="0" y="2" minWidth="20" maxWidth="30">
<Birds>
<Bird type="BirdBlue"/>
<Bird type="BirdRed"/>
<Bird type="BirdYellow"/>
<Bird type="BirdBlue"/>
<Bird type="BirdBlue"/>
<Bird type="BirdBlue"/>
<Bird type="BirdRed"/>
</Birds>
<Slingshot x="-8" y="-2.5">
<GameObjects>
<Block type="SquareSmall" material="ice" x="-1.7" y="-3.3850000000000002" rotation="0" />
<Block type="SquareSmall" material="ice" x="-0.8" y="-3.3850000000000002" rotation="0" />
<Block type="SquareSmall" material="ice" x="0.1" y="-3.3850000000000002" rotation="0" />
<Block type="SquareSmall" material="ice" x="0.7" y="-3.3850000000000002" rotation="0" />
<Block type="SquareSmall" material="wood" x="1.6" y="-3.3850000000000002" rotation="0" />
<Block type="SquareSmall" material="wood" x="2.5" y="-3.3850000000000002" rotation="0" />
<Block type="SquareSmall" material="ice" x="3.1" y="-3.3850000000000002" rotation="0" />
<Block type="SquareSmall" material="stone" x="4.0" y="-3.3850000000000002" rotation="0" />
<Block type="SquareSmall" material="stone" x="4.9" y="-3.3850000000000002" rotation="0" />
<Block type="RectSmall" material="stone" x="-1.7" y="-2.6950000000000007" rotation="90" />
<Block type="RectFat" material="ice" x="-0.8" y="-2.6950000000000007" rotation="90" />
<Block type="RectFat" material="stone" x="0.1" y="-2.6950000000000007" rotation="90" />
<Block type="RectFat" material="ice" x="0.7" y="-2.6950000000000007" rotation="90" />
<Block type="RectFat" material="ice" x="1.6" y="-2.6950000000000007" rotation="90" />
<Block type="RectSmall" material="wood" x="2.5" y="-2.6950000000000007" rotation="90" />
<Block type="RectFat" material="ice" x="3.1" y="-2.6950000000000007" rotation="90" />
<Block type="RectSmall" material="stone" x="4.0" y="-2.6950000000000007" rotation="90" />
<Block type="RectSmall" material="stone" x="4.9" y="-2.6950000000000007" rotation="90" />
<Block type="RectBig" material="stone" x="-0.8" y="-2.110000000000001" rotation="0" />
<Block type="RectBig" material="stone" x="1.6" y="-2.110000000000001" rotation="0" />
<Block type="RectBig" material="wood" x="4.0" y="-2.110000000000001" rotation="0" />
<Block type="SquareTiny" material="stone" x="-1.7" y="-1.8400000000000012" rotation="0" />
<Block type="RectTiny" material="wood" x="-1.3" y="-1.8400000000000012" rotation="0" />
<Block type="SquareTiny" material="stone" x="-0.8" y="-1.8400000000000012" rotation="0" />
<Block type="RectTiny" material="stone" x="-0.3" y="-1.8400000000000012" rotation="0" />
<Block type="SquareTiny" material="wood" x="0.1" y="-1.8400000000000012" rotation="0" />
<Block type="SquareTiny" material="stone" x="0.7" y="-1.8400000000000012" rotation="0" />
<Block type="SquareTiny" material="wood" x="1.1" y="-1.8400000000000012" rotation="0" />
<Block type="SquareTiny" material="stone" x="1.6" y="-1.8400000000000012" rotation="0" />
<Block type="SquareTiny" material="ice" x="2.1" y="-1.8400000000000012" rotation="0" />
<Block type="SquareTiny" material="ice" x="2.5" y="-1.8400000000000012" rotation="0" />
<Block type="SquareTiny" material="ice" x="3.1" y="-1.8400000000000012" rotation="0" />
<Block type="RectTiny" material="ice" x="3.5" y="-1.8400000000000012" rotation="0" />
<Block type="RectTiny" material="wood" x="4.0" y="-1.8400000000000012" rotation="0" />
<Block type="SquareTiny" material="wood" x="4.5" y="-1.8400000000000012" rotation="0" />
<Block type="SquareTiny" material="wood" x="4.9" y="-1.8400000000000012" rotation="0" />
<Block type="RectBig" material="stone" x="-0.8" y="-1.570000000000001" rotation="0" />
<Block type="RectBig" material="wood" x="1.6" y="-1.570000000000001" rotation="0" />
<Block type="RectBig" material="wood" x="4.0" y="-1.570000000000001" rotation="0" />
<Pig type="BasicSmall" material="" x="-1.5" y="-1.1850000000000007" rotation="0" />
<Block type="SquareHole" material="stone" x="-0.6" y="-0.9900000000000009" rotation="0" />
<Block type="SquareHole" material="wood" x="0.5" y="-0.9900000000000009" rotation="0" />
<Block type="SquareHole" material="wood" x="1.6" y="-0.9900000000000009" rotation="0" />
<Block type="SquareHole" material="wood" x="2.7" y="-0.9900000000000009" rotation="0" />
<Block type="SquareHole" material="wood" x="3.8" y="-0.9900000000000009" rotation="0" />
<Pig type="BasicSmall" material="" x="4.7" y="-1.1850000000000007" rotation="0" />
<Block type="RectSmall" material="stone" x="-0.9" y="-0.09500000000000096" rotation="90" />
<Block type="RectSmall" material="stone" x="-0.6" y="-0.09500000000000096" rotation="90" />
<Block type="RectSmall" material="stone" x="-0.3" y="-0.09500000000000096" rotation="90" />
<Block type="RectSmall" material="wood" x="0.2" y="-0.09500000000000096" rotation="90" />
<Block type="RectSmall" material="stone" x="0.5" y="-0.09500000000000096" rotation="90" />
<Block type="RectSmall" material="wood" x="0.8" y="-0.09500000000000096" rotation="90" />
<Block type="RectSmall" material="wood" x="1.3" y="-0.09500000000000096" rotation="90" />
<Block type="RectSmall" material="wood" x="1.6" y="-0.09500000000000096" rotation="90" />
<Block type="RectSmall" material="wood" x="1.9" y="-0.09500000000000096" rotation="90" />
<Block type="RectSmall" material="wood" x="2.4" y="-0.09500000000000096" rotation="90" />
<Block type="RectSmall" material="wood" x="2.7" y="-0.09500000000000096" rotation="90" />
<Block type="RectSmall" material="ice" x="3.0" y="-0.09500000000000096" rotation="90" />
<Block type="RectSmall" material="ice" x="3.5" y="-0.09500000000000096" rotation="90" />
<Block type="RectSmall" material="wood" x="3.8" y="-0.09500000000000096" rotation="90" />
<Block type="RectSmall" material="wood" x="4.1" y="-0.09500000000000096" rotation="90" />
<Block type="RectSmall" material="stone" x="-0.6" y="0.489999999999999" rotation="0" />
<Block type="SquareTiny" material="stone" x="0.5" y="0.489999999999999" rotation="0" />
<Block type="RectSmall" material="wood" x="1.6" y="0.489999999999999" rotation="0" />
<Block type="RectSmall" material="wood" x="2.7" y="0.489999999999999" rotation="0" />
<Block type="RectSmall" material="ice" x="3.8" y="0.489999999999999" rotation="0" />
<Pig type="BasicSmall" material="" x="-0.9" y="0.874999999999999" rotation="0" />
<Block type="CircleSmall" material="stone" x="-0.3" y="0.874999999999999" rotation="0" />
<Block type="CircleSmall" material="ice" x="0.5" y="0.874999999999999" rotation="0" />
<Pig type="BasicSmall" material="" x="1.6" y="0.874999999999999" rotation="0" />
<Block type="Circle" material="stone" x="2.7" y="1.049999999999999" rotation="0" />
<Block type="TriangleHole" material="wood" x="3.5" y="1.059999999999999" rotation="0" />
</GameObjects>
</Level>
