<?xml version="1.0" encoding="utf-16"?>
<Level width ="2">
<Camera x="0" y="2" minWidth="20" maxWidth="30">
<Birds>
<Bird type="BirdBlue"/>
<Bird type="BirdRed"/>
<Bird type="BirdYellow"/>
<Bird type="BirdBlue"/>
<Bird type="BirdBlue"/>
<Bird type="BirdBlue"/>
<Bird type="BirdRed"/>
</Birds>
<Slingshot x="-8" y="-2.5">
<GameObjects>
<Pig type="BasicSmall" material="" x="5.1" y="-3.375" rotation="0" />
<Block type="SquareHole" material="stone" x="0.4" y="-3.18" rotation="0" />
<Block type="SquareHole" material="stone" x="1.4" y="-3.18" rotation="0" />
<Block type="SquareHole" material="stone" x="2.4" y="-3.18" rotation="0" />
<Block type="SquareSmall" material="stone" x="0.5" y="-2.4950000000000006" rotation="0" />
<Pig type="BasicSmall" material="" x="1.4" y="-2.4850000000000003" rotation="0" />
<Block type="SquareSmall" material="ice" x="2.3" y="-2.4950000000000006" rotation="0" />
<Block type="RectTiny" material="wood" x="0.5" y="-2.120000000000001" rotation="0" />
<Block type="RectTiny" material="wood" x="2.3" y="-2.120000000000001" rotation="0" />
<Block type="RectTiny" material="stone" x="0.5" y="-1.850000000000001" rotation="0" />
<Block type="RectTiny" material="stone" x="2.3" y="-1.850000000000001" rotation="0" />
<Block type="RectBig" material="stone" x="1.4" y="-1.5800000000000007" rotation="0" />
<Block type="RectMedium" material="stone" x="1.4" y="-1.3100000000000005" rotation="0" />
<Block type="SquareSmall" material="wood" x="0.8" y="-0.9350000000000004" rotation="0" />
<Block type="SquareSmall" material="wood" x="1.4" y="-0.9350000000000004" rotation="0" />
<Block type="SquareSmall" material="wood" x="2.0" y="-0.9350000000000004" rotation="0" />
<Block type="SquareHole" material="wood" x="1.0" y="-0.25000000000000044" rotation="0" />
<Block type="SquareHole" material="wood" x="1.8" y="-0.25000000000000044" rotation="0" />
<Block type="RectMedium" material="stone" x="1.4" y="0.3299999999999995" rotation="0" />
<Pig type="BasicSmall" material="" x="0.8" y="0.7149999999999995" rotation="0" />
<Block type="SquareTiny" material="wood" x="1.4" y="0.5999999999999995" rotation="0" />
<Pig type="BasicSmall" material="" x="2.0" y="0.7149999999999995" rotation="0" />
<Pig type="BasicSmall" material="" x="1.4" y="0.9849999999999995" rotation="0" />
</GameObjects>
</Level>
