<?xml version="1.0" encoding="utf-16"?>
<Level width ="2">
<Camera x="0" y="2" minWidth="20" maxWidth="30">
<Birds>
<Bird type="BirdBlue"/>
<Bird type="BirdRed"/>
<Bird type="BirdYellow"/>
<Bird type="BirdBlue"/>
<Bird type="BirdBlue"/>
<Bird type="BirdBlue"/>
<Bird type="BirdRed"/>
</Birds>
<Slingshot x="-8" y="-2.5">
<GameObjects>
<Block type="SquareTiny" material="stone" x="-0.3" y="-3.49" rotation="0" />
<Block type="SquareTiny" material="stone" x="0.0" y="-3.49" rotation="0" />
<Block type="SquareTiny" material="stone" x="0.4" y="-3.49" rotation="0" />
<Block type="SquareTiny" material="stone" x="0.8" y="-3.49" rotation="0" />
<Block type="SquareTiny" material="stone" x="1.1" y="-3.49" rotation="0" />
<Block type="SquareTiny" material="stone" x="1.5" y="-3.49" rotation="0" />
<Block type="SquareTiny" material="stone" x="1.8" y="-3.49" rotation="0" />
<Block type="SquareTiny" material="ice" x="2.2" y="-3.49" rotation="0" />
<Block type="SquareTiny" material="ice" x="2.6" y="-3.49" rotation="0" />
<Block type="SquareTiny" material="ice" x="3.0" y="-3.49" rotation="0" />
<Block type="RectSmall" material="stone" x="-0.3" y="-2.9050000000000007" rotation="90" />
<Block type="RectSmall" material="wood" x="0.0" y="-2.9050000000000007" rotation="90" />
<Block type="RectSmall" material="stone" x="0.4" y="-2.9050000000000007" rotation="90" />
<Block type="RectSmall" material="stone" x="0.8" y="-2.9050000000000007" rotation="90" />
<Block type="RectSmall" material="stone" x="1.1" y="-2.9050000000000007" rotation="90" />
<Block type="RectSmall" material="stone" x="1.5" y="-2.9050000000000007" rotation="90" />
<Block type="RectSmall" material="stone" x="1.8" y="-2.9050000000000007" rotation="90" />
<Block type="RectSmall" material="ice" x="2.2" y="-2.9050000000000007" rotation="90" />
<Block type="RectSmall" material="ice" x="2.6" y="-2.9050000000000007" rotation="90" />
<Block type="RectSmall" material="ice" x="3.0" y="-2.9050000000000007" rotation="90" />
<Block type="SquareTiny" material="stone" x="-0.3" y="-2.320000000000001" rotation="0" />
<Block type="SquareTiny" material="ice" x="0.0" y="-2.320000000000001" rotation="0" />
<Block type="SquareTiny" material="wood" x="0.4" y="-2.320000000000001" rotation="0" />
<Block type="SquareTiny" material="stone" x="0.8" y="-2.320000000000001" rotation="0" />
<Block type="SquareTiny" material="ice" x="1.1" y="-2.320000000000001" rotation="0" />
<Block type="SquareTiny" material="wood" x="1.5" y="-2.320000000000001" rotation="0" />
<Block type="SquareTiny" material="ice" x="1.8" y="-2.320000000000001" rotation="0" />
<Block type="SquareTiny" material="wood" x="2.2" y="-2.320000000000001" rotation="0" />
<Block type="SquareTiny" material="wood" x="2.6" y="-2.320000000000001" rotation="0" />
<Block type="SquareTiny" material="wood" x="3.0" y="-2.320000000000001" rotation="0" />
<Block type="RectMedium" material="stone" x="0.4" y="-2.0500000000000016" rotation="0" />
<Block type="SquareTiny" material="wood" x="2.2" y="-2.0500000000000016" rotation="0" />
<Block type="CircleSmall" material="ice" x="3.0" y="-1.9350000000000012" rotation="0" />
<Pig type="BasicSmall" material="" x="-0.2" y="-1.6650000000000014" rotation="0" />
<Block type="RectBig" material="wood" x="1.3" y="-1.7800000000000014" rotation="0" />
<Block type="RectMedium" material="ice" x="1.3" y="-1.5100000000000011" rotation="0" />
<Block type="RectMedium" material="ice" x="1.3" y="-1.2400000000000009" rotation="0" />
<Block type="RectMedium" material="ice" x="1.3" y="-0.9700000000000006" rotation="0" />
<Block type="CircleSmall" material="stone" x="0.7" y="-0.5850000000000006" rotation="0" />
<Block type="SquareSmall" material="ice" x="1.3" y="-0.5950000000000006" rotation="0" />
<Block type="CircleSmall" material="stone" x="1.9" y="-0.5850000000000006" rotation="0" />
<Block type="CircleSmall" material="stone" x="1.3" y="-0.10500000000000066" rotation="0" />
</GameObjects>
</Level>
