<?xml version="1.0" encoding="utf-16"?>
<Level width ="2">
<Camera x="0" y="2" minWidth="20" maxWidth="30">
<Birds>
<Bird type="BirdBlue"/>
<Bird type="BirdRed"/>
<Bird type="BirdYellow"/>
<Bird type="BirdBlue"/>
<Bird type="BirdBlue"/>
<Bird type="BirdBlue"/>
<Bird type="BirdRed"/>
</Birds>
<Slingshot x="-8" y="-2.5">
<GameObjects>
<Block type="SquareTiny" material="ice" x="0.4" y="-3.49" rotation="0" />
<Block type="SquareTiny" material="ice" x="1.0" y="-3.49" rotation="0" />
<Block type="SquareTiny" material="wood" x="2.0" y="-3.49" rotation="0" />
<Block type="SquareTiny" material="stone" x="2.6" y="-3.49" rotation="0" />
<Block type="RectTiny" material="stone" x="-1.5" y="-3.3850000000000002" rotation="90" />
<Block type="RectTiny" material="ice" x="-1.1" y="-3.3850000000000002" rotation="90" />
<TNT type="" x="-0.7" y="-3.325" rotation="0" />
<Block type="RectTiny" material="wood" x="-0.1" y="-3.3850000000000002" rotation="90" />
<Block type="RectTiny" material="ice" x="0.3" y="-3.1150000000000007" rotation="90" />
<Block type="RectTiny" material="ice" x="0.7" y="-3.3850000000000002" rotation="90" />
<Block type="RectTiny" material="ice" x="1.1" y="-3.1150000000000007" rotation="90" />
<Pig type="BasicSmall" material="" x="1.5" y="-3.375" rotation="0" />
<Block type="RectTiny" material="stone" x="2.1" y="-3.1150000000000007" rotation="90" />
<Block type="RectTiny" material="stone" x="2.5" y="-3.1150000000000007" rotation="90" />
<Block type="RectTiny" material="stone" x="2.9" y="-3.3850000000000002" rotation="90" />
<Block type="RectTiny" material="wood" x="3.3" y="-3.3850000000000002" rotation="90" />
<Pig type="BasicSmall" material="" x="3.9" y="-3.375" rotation="0" />
<Block type="RectTiny" material="wood" x="4.3" y="-3.3850000000000002" rotation="90" />
<Block type="RectTiny" material="stone" x="4.7" y="-3.3850000000000002" rotation="90" />
<Block type="RectSmall" material="stone" x="-1.5" y="-2.6950000000000007" rotation="90" />
<Block type="RectSmall" material="ice" x="-1.1" y="-2.6950000000000007" rotation="90" />
<Block type="RectSmall" material="stone" x="-0.1" y="-2.6950000000000007" rotation="90" />
<Block type="RectSmall" material="ice" x="0.3" y="-2.425000000000001" rotation="90" />
<Block type="RectSmall" material="stone" x="0.7" y="-2.6950000000000007" rotation="90" />
<Block type="RectSmall" material="ice" x="1.1" y="-2.425000000000001" rotation="90" />
<Block type="RectSmall" material="stone" x="2.1" y="-2.425000000000001" rotation="90" />
<Block type="RectSmall" material="stone" x="2.5" y="-2.425000000000001" rotation="90" />
<Block type="RectSmall" material="wood" x="2.9" y="-2.6950000000000007" rotation="90" />
<Block type="RectSmall" material="wood" x="3.3" y="-2.6950000000000007" rotation="90" />
<Block type="RectSmall" material="wood" x="4.3" y="-2.6950000000000007" rotation="90" />
<Block type="RectSmall" material="ice" x="4.7" y="-2.6950000000000007" rotation="90" />
<Block type="RectBig" material="wood" x="-0.6" y="-1.8400000000000012" rotation="0" />
<Block type="RectBig" material="wood" x="1.6" y="-1.8400000000000012" rotation="0" />
<Block type="RectBig" material="stone" x="3.8" y="-2.110000000000001" rotation="0" />
<Block type="TriangleHole" material="ice" x="-1.3" y="-1.2700000000000011" rotation="0" />
<Block type="RectTiny" material="wood" x="-0.6" y="-1.465000000000001" rotation="90" />
<Block type="RectTiny" material="stone" x="0.0" y="-1.465000000000001" rotation="90" />
<Block type="RectTiny" material="ice" x="0.3" y="-1.465000000000001" rotation="90" />
<Block type="RectTiny" material="stone" x="1.0" y="-1.465000000000001" rotation="90" />
<Block type="RectTiny" material="wood" x="1.3" y="-1.465000000000001" rotation="90" />
<Block type="RectTiny" material="ice" x="1.9" y="-1.465000000000001" rotation="90" />
<Block type="RectTiny" material="ice" x="2.2" y="-1.465000000000001" rotation="90" />
<Block type="RectTiny" material="wood" x="2.9" y="-1.7350000000000012" rotation="90" />
<Block type="RectTiny" material="wood" x="3.2" y="-1.7350000000000012" rotation="90" />
<Block type="RectTiny" material="ice" x="3.8" y="-1.7350000000000012" rotation="90" />
<Block type="TriangleHole" material="wood" x="4.5" y="-1.5400000000000014" rotation="0" />
<Block type="RectFat" material="stone" x="-0.3" y="-0.9850000000000008" rotation="0" />
<Block type="RectFat" material="wood" x="0.6" y="-0.9850000000000008" rotation="0" />
<Block type="RectFat" material="wood" x="1.6" y="-0.9850000000000008" rotation="0" />
<Block type="RectFat" material="wood" x="2.6" y="-1.255000000000001" rotation="0" />
<Block type="RectFat" material="ice" x="3.5" y="-1.255000000000001" rotation="0" />
<Block type="SquareHole" material="wood" x="-0.3" y="-0.3000000000000008" rotation="0" />
<Block type="SquareHole" material="wood" x="0.6" y="-0.3000000000000008" rotation="0" />
<Block type="SquareHole" material="wood" x="1.6" y="-0.3000000000000008" rotation="0" />
<Block type="SquareHole" material="ice" x="2.6" y="-0.570000000000001" rotation="0" />
<Block type="SquareHole" material="stone" x="3.5" y="-0.570000000000001" rotation="0" />
<Block type="CircleSmall" material="wood" x="-0.6" y="0.3949999999999992" rotation="0" />
<Block type="CircleSmall" material="ice" x="0.0" y="0.3949999999999992" rotation="0" />
<Block type="Circle" material="wood" x="0.6" y="0.5699999999999992" rotation="0" />
<Block type="CircleSmall" material="wood" x="1.3" y="0.3949999999999992" rotation="0" />
<Block type="CircleSmall" material="stone" x="2.3" y="0.12499999999999904" rotation="0" />
<Block type="TriangleHole" material="ice" x="3.2" y="0.309999999999999" rotation="0" />
</GameObjects>
</Level>
