<?xml version="1.0" encoding="utf-16"?>
<Level width ="2">
<Camera x="0" y="2" minWidth="20" maxWidth="30">
<Birds>
<Bird type="BirdBlue"/>
<Bird type="BirdRed"/>
<Bird type="BirdYellow"/>
<Bird type="BirdBlue"/>
<Bird type="BirdBlue"/>
<Bird type="BirdBlue"/>
<Bird type="BirdRed"/>
</Birds>
<Slingshot x="-8" y="-2.5">
<GameObjects>
<Platform type="Platform" material="" x="-0.4" y="-3.29" rotation="0" />
<Platform type="Platform" material="" x="0.2" y="-3.29" rotation="0" />
<Platform type="Platform" material="" x="0.8" y="-3.29" rotation="0" />
<Platform type="Platform" material="" x="1.4" y="-3.29" rotation="0" />
<Platform type="Platform" material="" x="2.0" y="-3.29" rotation="0" />
<Platform type="Platform" material="" x="2.6" y="-3.29" rotation="0" />
<Platform type="Platform" material="" x="3.2" y="-3.29" rotation="0" />
<Block type="RectSmall" material="wood" x="-1.3" y="-3.1750000000000003" rotation="90" />
<Block type="RectSmall" material="ice" x="-0.3" y="-2.8200000000000003" rotation="0" />
<Block type="RectSmall" material="ice" x="0.8" y="-2.8200000000000003" rotation="0" />
<Block type="RectSmall" material="ice" x="2.0" y="-2.8200000000000003" rotation="0" />
<Block type="RectSmall" material="stone" x="3.1" y="-2.8200000000000003" rotation="0" />
<Block type="SquareHole" material="ice" x="-0.3" y="-2.2400000000000007" rotation="0" />
<Block type="SquareHole" material="ice" x="0.8" y="-2.2400000000000007" rotation="0" />
<Block type="SquareHole" material="ice" x="2.0" y="-2.2400000000000007" rotation="0" />
<Block type="SquareHole" material="ice" x="3.1" y="-2.2400000000000007" rotation="0" />
<Block type="RectSmall" material="stone" x="-1.3" y="-2.275000000000001" rotation="90" />
<Block type="RectMedium" material="wood" x="-0.6" y="-0.9300000000000007" rotation="90" />
<Block type="RectMedium" material="wood" x="-0.3" y="-0.9300000000000007" rotation="90" />
<Block type="RectMedium" material="ice" x="0.0" y="-0.9300000000000007" rotation="90" />
<Block type="RectMedium" material="wood" x="0.4" y="-0.9300000000000007" rotation="90" />
<Block type="RectMedium" material="stone" x="0.8" y="-0.9300000000000007" rotation="90" />
<Block type="RectMedium" material="stone" x="1.1" y="-0.9300000000000007" rotation="90" />
<Block type="RectMedium" material="stone" x="1.7" y="-0.9300000000000007" rotation="90" />
<Block type="RectMedium" material="stone" x="2.0" y="-0.9300000000000007" rotation="90" />
<Block type="RectMedium" material="stone" x="2.4" y="-0.9300000000000007" rotation="90" />
<Block type="RectMedium" material="stone" x="2.8" y="-0.9300000000000007" rotation="90" />
<Block type="RectMedium" material="stone" x="3.1" y="-0.9300000000000007" rotation="90" />
<Block type="RectMedium" material="stone" x="3.4" y="-0.9300000000000007" rotation="90" />
<Block type="SquareTiny" material="stone" x="-0.3" y="0.06999999999999926" rotation="0" />
<Block type="RectSmall" material="ice" x="0.8" y="0.06999999999999926" rotation="0" />
<Block type="RectSmall" material="wood" x="2.0" y="0.06999999999999926" rotation="0" />
<Block type="RectSmall" material="ice" x="3.1" y="0.06999999999999926" rotation="0" />
<Pig type="BasicSmall" material="" x="-0.3" y="0.45499999999999924" rotation="0" />
<Pig type="BasicSmall" material="" x="0.5" y="0.45499999999999924" rotation="0" />
<Block type="CircleSmall" material="wood" x="1.0" y="0.45499999999999924" rotation="0" />
<Pig type="BasicSmall" material="" x="1.8" y="0.45499999999999924" rotation="0" />
<Block type="CircleSmall" material="ice" x="2.3" y="0.45499999999999924" rotation="0" />
<Block type="CircleSmall" material="wood" x="2.8" y="0.45499999999999924" rotation="0" />
<Pig type="BasicSmall" material="" x="3.4" y="0.45499999999999924" rotation="0" />
</GameObjects>
</Level>
