<?xml version="1.0" encoding="utf-16"?>
<Level width ="2">
<Camera x="0" y="2" minWidth="20" maxWidth="30">
<Birds>
<Bird type="BirdBlue"/>
<Bird type="BirdRed"/>
<Bird type="BirdYellow"/>
<Bird type="BirdBlue"/>
<Bird type="BirdBlue"/>
<Bird type="BirdBlue"/>
<Bird type="BirdRed"/>
</Birds>
<Slingshot x="-8" y="-2.5">
<GameObjects>
<Platform type="Platform" material="" x="0.1" y="-3.29" rotation="0" />
<Platform type="Platform" material="" x="0.7" y="-3.29" rotation="0" />
<Platform type="Platform" material="" x="1.3" y="-3.29" rotation="0" />
<Platform type="Platform" material="" x="1.9" y="-3.29" rotation="0" />
<Platform type="Platform" material="" x="2.5" y="-3.29" rotation="0" />
<Block type="RectFat" material="wood" x="0.2" y="-2.7150000000000003" rotation="0" />
<Block type="RectFat" material="wood" x="1.2" y="-2.7150000000000003" rotation="0" />
<Block type="RectFat" material="wood" x="2.2" y="-2.7150000000000003" rotation="0" />
<Block type="SquareHole" material="stone" x="0.2" y="-2.0300000000000007" rotation="0" />
<Block type="SquareHole" material="wood" x="1.2" y="-2.0300000000000007" rotation="0" />
<Block type="SquareHole" material="wood" x="2.2" y="-2.0300000000000007" rotation="0" />
<Block type="RectTiny" material="stone" x="-0.1" y="-1.3450000000000006" rotation="90" />
<Block type="RectTiny" material="wood" x="0.2" y="-1.3450000000000006" rotation="90" />
<Block type="RectTiny" material="stone" x="0.5" y="-1.3450000000000006" rotation="90" />
<Block type="RectTiny" material="stone" x="0.9" y="-1.3450000000000006" rotation="90" />
<Block type="RectTiny" material="ice" x="1.2" y="-1.3450000000000006" rotation="90" />
<Block type="RectTiny" material="ice" x="1.5" y="-1.3450000000000006" rotation="90" />
<Block type="RectTiny" material="wood" x="1.9" y="-1.3450000000000006" rotation="90" />
<Block type="RectTiny" material="wood" x="2.2" y="-1.3450000000000006" rotation="90" />
<Block type="RectTiny" material="ice" x="2.5" y="-1.3450000000000006" rotation="90" />
<Block type="RectTiny" material="stone" x="-0.1" y="-0.8650000000000005" rotation="90" />
<Block type="RectTiny" material="stone" x="0.2" y="-0.8650000000000005" rotation="90" />
<Block type="RectTiny" material="stone" x="0.5" y="-0.8650000000000005" rotation="90" />
<Block type="RectTiny" material="ice" x="0.9" y="-0.8650000000000005" rotation="90" />
<Block type="RectTiny" material="ice" x="1.2" y="-0.8650000000000005" rotation="90" />
<Block type="RectTiny" material="ice" x="1.5" y="-0.8650000000000005" rotation="90" />
<Block type="RectTiny" material="wood" x="1.9" y="-0.8650000000000005" rotation="90" />
<Block type="RectTiny" material="ice" x="2.2" y="-0.8650000000000005" rotation="90" />
<Block type="RectTiny" material="ice" x="2.5" y="-0.8650000000000005" rotation="90" />
<Block type="SquareHole" material="ice" x="0.2" y="-0.1800000000000006" rotation="0" />
<Block type="SquareHole" material="stone" x="1.2" y="-0.1800000000000006" rotation="0" />
<Block type="SquareHole" material="wood" x="2.2" y="-0.1800000000000006" rotation="0" />
<Block type="RectFat" material="ice" x="0.2" y="0.5049999999999994" rotation="0" />
<Block type="RectFat" material="ice" x="1.2" y="0.5049999999999994" rotation="0" />
<Block type="RectFat" material="ice" x="2.2" y="0.5049999999999994" rotation="0" />
<Block type="RectTiny" material="ice" x="0.2" y="0.8799999999999994" rotation="0" />
<Block type="SquareTiny" material="ice" x="1.2" y="0.8799999999999994" rotation="0" />
<Block type="RectSmall" material="ice" x="2.2" y="0.8799999999999994" rotation="0" />
<Pig type="BasicSmall" material="" x="0.2" y="1.2649999999999995" rotation="0" />
<Pig type="BasicSmall" material="" x="1.2" y="1.2649999999999995" rotation="0" />
<Pig type="BasicSmall" material="" x="1.9" y="1.2649999999999995" rotation="0" />
<Pig type="BasicSmall" material="" x="2.5" y="1.2649999999999995" rotation="0" />
</GameObjects>
</Level>
