<?xml version="1.0" encoding="utf-16"?>
<Level width ="2">
<Camera x="0" y="2" minWidth="20" maxWidth="30">
<Birds>
<Bird type="BirdBlue"/>
<Bird type="BirdRed"/>
<Bird type="BirdYellow"/>
<Bird type="BirdBlue"/>
<Bird type="BirdBlue"/>
<Bird type="BirdBlue"/>
<Bird type="BirdRed"/>
</Birds>
<Slingshot x="-8" y="-2.5">
<GameObjects>
<Block type="SquareTiny" material="wood" x="-1.2" y="-3.49" rotation="0" />
<Block type="SquareTiny" material="wood" x="-0.9" y="-3.49" rotation="0" />
<Block type="SquareTiny" material="stone" x="-0.5" y="-3.49" rotation="0" />
<Block type="SquareTiny" material="stone" x="-0.1" y="-3.49" rotation="0" />
<Block type="SquareTiny" material="wood" x="0.2" y="-3.49" rotation="0" />
<Block type="SquareTiny" material="wood" x="0.8" y="-3.49" rotation="0" />
<Block type="SquareTiny" material="wood" x="1.1" y="-3.49" rotation="0" />
<Block type="SquareTiny" material="stone" x="1.5" y="-3.49" rotation="0" />
<Block type="SquareTiny" material="stone" x="1.9" y="-3.49" rotation="0" />
<Block type="SquareTiny" material="stone" x="2.2" y="-3.49" rotation="0" />
<Block type="SquareTiny" material="stone" x="2.8" y="-3.49" rotation="0" />
<Block type="SquareTiny" material="stone" x="3.1" y="-3.49" rotation="0" />
<Block type="SquareTiny" material="stone" x="3.5" y="-3.49" rotation="0" />
<Block type="SquareTiny" material="ice" x="3.9" y="-3.49" rotation="0" />
<Block type="SquareTiny" material="ice" x="4.2" y="-3.49" rotation="0" />
<Block type="RectTiny" material="wood" x="-1.2" y="-3.1150000000000007" rotation="90" />
<Block type="RectTiny" material="stone" x="-0.9" y="-3.1150000000000007" rotation="90" />
<Block type="RectTiny" material="stone" x="-0.5" y="-3.1150000000000007" rotation="90" />
<Block type="RectTiny" material="stone" x="-0.1" y="-3.1150000000000007" rotation="90" />
<Block type="RectTiny" material="stone" x="0.2" y="-3.1150000000000007" rotation="90" />
<Block type="RectTiny" material="ice" x="0.8" y="-3.1150000000000007" rotation="90" />
<Block type="RectTiny" material="stone" x="1.1" y="-3.1150000000000007" rotation="90" />
<Block type="RectTiny" material="stone" x="1.5" y="-3.1150000000000007" rotation="90" />
<Block type="RectTiny" material="stone" x="1.9" y="-3.1150000000000007" rotation="90" />
<Block type="RectTiny" material="stone" x="2.2" y="-3.1150000000000007" rotation="90" />
<Block type="RectTiny" material="stone" x="2.8" y="-3.1150000000000007" rotation="90" />
<Block type="RectTiny" material="stone" x="3.1" y="-3.1150000000000007" rotation="90" />
<Block type="RectTiny" material="wood" x="3.5" y="-3.1150000000000007" rotation="90" />
<Block type="RectTiny" material="stone" x="3.9" y="-3.1150000000000007" rotation="90" />
<Block type="RectTiny" material="wood" x="4.2" y="-3.1150000000000007" rotation="90" />
<Block type="RectMedium" material="stone" x="-0.5" y="-2.740000000000001" rotation="0" />
<Block type="RectMedium" material="stone" x="1.5" y="-2.740000000000001" rotation="0" />
<Block type="RectMedium" material="stone" x="3.5" y="-2.740000000000001" rotation="0" />
<Block type="RectTiny" material="wood" x="-0.8" y="-2.3650000000000015" rotation="90" />
<Block type="RectTiny" material="stone" x="-0.5" y="-2.3650000000000015" rotation="90" />
<Block type="RectTiny" material="stone" x="-0.2" y="-2.3650000000000015" rotation="90" />
<Block type="SquareSmall" material="stone" x="1.2" y="-2.3650000000000015" rotation="0" />
<Block type="RectTiny" material="stone" x="1.8" y="-2.3650000000000015" rotation="90" />
<Block type="SquareSmall" material="wood" x="3.2" y="-2.3650000000000015" rotation="0" />
<Block type="RectTiny" material="stone" x="3.8" y="-2.3650000000000015" rotation="90" />
<Block type="SquareHole" material="stone" x="-0.5" y="-1.6800000000000017" rotation="0" />
<Block type="SquareHole" material="stone" x="1.5" y="-1.6800000000000017" rotation="0" />
<Block type="SquareHole" material="stone" x="3.5" y="-1.6800000000000017" rotation="0" />
<Block type="RectBig" material="stone" x="0.4" y="-1.1000000000000016" rotation="0" />
<Block type="RectMedium" material="stone" x="2.6" y="-1.1000000000000016" rotation="0" />
<Block type="CircleSmall" material="stone" x="3.8" y="-0.9850000000000017" rotation="0" />
<Pig type="BasicSmall" material="" x="-0.3" y="-0.7150000000000016" rotation="0" />
<Block type="RectTiny" material="ice" x="0.4" y="-0.7250000000000016" rotation="90" />
<Block type="RectTiny" material="ice" x="0.7" y="-0.7250000000000016" rotation="90" />
<Block type="RectTiny" material="stone" x="1.0" y="-0.7250000000000016" rotation="90" />
<Block type="RectTiny" material="stone" x="2.0" y="-0.7250000000000016" rotation="90" />
<Block type="RectTiny" material="stone" x="2.3" y="-0.7250000000000016" rotation="90" />
<Block type="RectTiny" material="ice" x="2.6" y="-0.7250000000000016" rotation="90" />
<Pig type="BasicSmall" material="" x="3.3" y="-0.7150000000000016" rotation="0" />
<Block type="SquareTiny" material="stone" x="0.4" y="-0.3500000000000017" rotation="0" />
<Block type="SquareTiny" material="stone" x="0.7" y="-0.3500000000000017" rotation="0" />
<Block type="SquareTiny" material="stone" x="1.0" y="-0.3500000000000017" rotation="0" />
<Block type="SquareTiny" material="ice" x="2.0" y="-0.3500000000000017" rotation="0" />
<Block type="SquareTiny" material="ice" x="2.3" y="-0.3500000000000017" rotation="0" />
<Block type="SquareTiny" material="ice" x="2.6" y="-0.3500000000000017" rotation="0" />
<Block type="SquareTiny" material="ice" x="0.4" y="-0.08000000000000172" rotation="0" />
<Block type="SquareTiny" material="ice" x="1.0" y="-0.08000000000000172" rotation="0" />
<Block type="SquareTiny" material="wood" x="2.0" y="-0.08000000000000172" rotation="0" />
<Block type="SquareTiny" material="stone" x="2.6" y="-0.08000000000000172" rotation="0" />
<Pig type="BasicSmall" material="" x="0.4" y="0.3049999999999983" rotation="0" />
<Pig type="BasicSmall" material="" x="1.0" y="0.3049999999999983" rotation="0" />
<Block type="CircleSmall" material="ice" x="2.0" y="0.3049999999999983" rotation="0" />
<Pig type="BasicSmall" material="" x="2.6" y="0.3049999999999983" rotation="0" />
</GameObjects>
</Level>
