<?xml version="1.0" encoding="utf-16"?>
<Level width ="2">
<Camera x="0" y="2" minWidth="20" maxWidth="30">
<Birds>
<Bird type="BirdBlue"/>
<Bird type="BirdRed"/>
<Bird type="BirdYellow"/>
<Bird type="BirdBlue"/>
<Bird type="BirdBlue"/>
<Bird type="BirdBlue"/>
<Bird type="BirdRed"/>
</Birds>
<Slingshot x="-8" y="-2.5">
<GameObjects>
<Pig type="BasicSmall" material="" x="-1.6" y="-3.375" rotation="0" />
<Pig type="BasicSmall" material="" x="3.0" y="-3.375" rotation="0" />
<Block type="SquareSmall" material="wood" x="-0.3" y="-3.3850000000000002" rotation="0" />
<Block type="RectTiny" material="wood" x="0.5" y="-3.3850000000000002" rotation="90" />
<Block type="RectTiny" material="ice" x="2.3" y="-3.3850000000000002" rotation="90" />
<Block type="SquareHole" material="ice" x="-0.3" y="-2.7000000000000006" rotation="0" />
<Block type="RectBig" material="ice" x="1.4" y="-3.0100000000000007" rotation="0" />
<Block type="RectTiny" material="ice" x="0.5" y="-2.635000000000001" rotation="90" />
<Block type="RectTiny" material="ice" x="0.9" y="-2.635000000000001" rotation="90" />
<Block type="RectTiny" material="stone" x="1.9" y="-2.635000000000001" rotation="90" />
<Block type="RectTiny" material="stone" x="2.3" y="-2.635000000000001" rotation="90" />
<Block type="RectBig" material="stone" x="1.4" y="-2.2600000000000016" rotation="0" />
<Block type="RectTiny" material="ice" x="-0.3" y="-2.120000000000001" rotation="0" />
<Block type="RectTiny" material="ice" x="0.5" y="-1.8850000000000016" rotation="90" />
<Block type="RectTiny" material="stone" x="1.4" y="-1.8850000000000016" rotation="90" />
<Block type="RectTiny" material="stone" x="2.3" y="-1.8850000000000016" rotation="90" />
<Block type="SquareHole" material="wood" x="-0.3" y="-1.5400000000000011" rotation="0" />
<Block type="RectBig" material="stone" x="1.4" y="-1.5100000000000013" rotation="0" />
<Block type="RectFat" material="stone" x="1.1" y="-0.9250000000000012" rotation="90" />
<Block type="RectFat" material="stone" x="1.7" y="-0.9250000000000012" rotation="90" />
<Block type="SquareSmall" material="ice" x="1.1" y="-0.23500000000000115" rotation="0" />
<Block type="SquareSmall" material="stone" x="1.7" y="-0.23500000000000115" rotation="0" />
<Block type="RectFat" material="stone" x="1.4" y="0.24499999999999883" rotation="0" />
<Block type="RectTiny" material="ice" x="1.4" y="0.6199999999999989" rotation="0" />
<Pig type="BasicSmall" material="" x="1.4" y="1.0049999999999988" rotation="0" />
</GameObjects>
</Level>
