<?xml version="1.0" encoding="utf-16"?>
<Level width ="2">
<Camera x="0" y="2" minWidth="20" maxWidth="30">
<Birds>
<Bird type="BirdBlue"/>
<Bird type="BirdRed"/>
<Bird type="BirdYellow"/>
<Bird type="BirdBlue"/>
<Bird type="BirdBlue"/>
<Bird type="BirdBlue"/>
<Bird type="BirdRed"/>
</Birds>
<Slingshot x="-8" y="-2.5">
<GameObjects>
<Block type="RectBig" material="stone" x="-0.7" y="-3.49" rotation="0" />
<Block type="RectBig" material="ice" x="1.5" y="-3.49" rotation="0" />
<Block type="RectBig" material="ice" x="3.7" y="-3.49" rotation="0" />
<Block type="RectBig" material="stone" x="-0.7" y="-3.2200000000000006" rotation="0" />
<Block type="RectBig" material="stone" x="1.5" y="-3.2200000000000006" rotation="0" />
<Block type="RectBig" material="stone" x="3.7" y="-3.2200000000000006" rotation="0" />
<Block type="RectBig" material="stone" x="-0.7" y="-2.950000000000001" rotation="0" />
<Block type="RectMedium" material="wood" x="1.5" y="-2.950000000000001" rotation="0" />
<Block type="RectBig" material="wood" x="3.7" y="-2.950000000000001" rotation="0" />
<Block type="CircleSmall" material="ice" x="-1.4" y="-2.5650000000000013" rotation="0" />
<Block type="RectTiny" material="wood" x="-1.0" y="-2.5750000000000015" rotation="90" />
<Block type="RectFat" material="wood" x="-0.4" y="-2.5750000000000015" rotation="0" />
<Block type="RectTiny" material="wood" x="1.2" y="-2.5750000000000015" rotation="90" />
<Block type="RectFat" material="wood" x="1.8" y="-2.5750000000000015" rotation="0" />
<Block type="SquareSmall" material="wood" x="3.4" y="-2.5750000000000015" rotation="0" />
<Block type="SquareSmall" material="wood" x="4.0" y="-2.5750000000000015" rotation="0" />
<Block type="SquareHole" material="stone" x="-0.7" y="-1.8900000000000017" rotation="0" />
<Block type="SquareHole" material="stone" x="1.5" y="-1.8900000000000017" rotation="0" />
<Block type="SquareHole" material="stone" x="3.7" y="-1.8900000000000017" rotation="0" />
<Block type="RectBig" material="stone" x="0.3" y="-1.3100000000000016" rotation="0" />
<Block type="RectBig" material="stone" x="2.7" y="-1.3100000000000016" rotation="0" />
<Block type="RectBig" material="stone" x="0.3" y="-1.0400000000000014" rotation="0" />
<Block type="RectBig" material="stone" x="2.7" y="-1.0400000000000014" rotation="0" />
<Block type="RectMedium" material="stone" x="0.3" y="-0.7700000000000014" rotation="0" />
<Block type="RectMedium" material="stone" x="2.7" y="-0.7700000000000014" rotation="0" />
<Pig type="BasicSmall" material="" x="-0.4" y="-0.3850000000000014" rotation="0" />
<Pig type="BasicSmall" material="" x="0.3" y="-0.3850000000000014" rotation="0" />
<Block type="CircleSmall" material="ice" x="0.8" y="-0.3850000000000014" rotation="0" />
<Pig type="BasicSmall" material="" x="2.1" y="-0.3850000000000014" rotation="0" />
<Block type="TriangleHole" material="wood" x="2.8" y="-0.2000000000000014" rotation="0" />
<Pig type="BasicSmall" material="" x="3.5" y="-0.3850000000000014" rotation="0" />
</GameObjects>
</Level>
