<?xml version="1.0" encoding="utf-16"?>
<Level width ="2">
<Camera x="0" y="2" minWidth="20" maxWidth="30">
<Birds>
<Bird type="BirdBlue"/>
<Bird type="BirdRed"/>
<Bird type="BirdYellow"/>
<Bird type="BirdBlue"/>
<Bird type="BirdBlue"/>
<Bird type="BirdBlue"/>
<Bird type="BirdRed"/>
</Birds>
<Slingshot x="-8" y="-2.5">
<GameObjects>
<Block type="SquareTiny" material="stone" x="-0.6" y="-3.49" rotation="0" />
<Block type="SquareTiny" material="stone" x="-0.2" y="-3.49" rotation="0" />
<Block type="SquareTiny" material="stone" x="0.4" y="-3.49" rotation="0" />
<Block type="SquareTiny" material="ice" x="0.9" y="-3.49" rotation="0" />
<Block type="SquareTiny" material="wood" x="1.3" y="-3.49" rotation="0" />
<Block type="SquareTiny" material="wood" x="1.5" y="-3.49" rotation="0" />
<Block type="SquareTiny" material="wood" x="1.9" y="-3.49" rotation="0" />
<Block type="SquareTiny" material="wood" x="2.4" y="-3.49" rotation="0" />
<Block type="SquareTiny" material="wood" x="3.0" y="-3.49" rotation="0" />
<Block type="SquareTiny" material="wood" x="3.4" y="-3.49" rotation="0" />
<Block type="SquareTiny" material="wood" x="-0.6" y="-3.2200000000000006" rotation="0" />
<Block type="SquareTiny" material="wood" x="-0.2" y="-3.2200000000000006" rotation="0" />
<Block type="SquareTiny" material="wood" x="0.4" y="-3.2200000000000006" rotation="0" />
<Block type="SquareTiny" material="ice" x="0.9" y="-3.2200000000000006" rotation="0" />
<Block type="SquareTiny" material="wood" x="1.3" y="-3.2200000000000006" rotation="0" />
<Block type="SquareTiny" material="wood" x="1.5" y="-3.2200000000000006" rotation="0" />
<Block type="SquareTiny" material="wood" x="1.9" y="-3.2200000000000006" rotation="0" />
<Block type="SquareTiny" material="wood" x="2.4" y="-3.2200000000000006" rotation="0" />
<Block type="SquareTiny" material="wood" x="3.0" y="-3.2200000000000006" rotation="0" />
<Block type="SquareTiny" material="wood" x="3.4" y="-3.2200000000000006" rotation="0" />
<Block type="SquareTiny" material="wood" x="-0.6" y="-2.950000000000001" rotation="0" />
<Block type="SquareTiny" material="wood" x="-0.2" y="-2.950000000000001" rotation="0" />
<Block type="SquareTiny" material="stone" x="0.4" y="-2.950000000000001" rotation="0" />
<Block type="SquareTiny" material="ice" x="0.9" y="-2.950000000000001" rotation="0" />
<Block type="SquareTiny" material="ice" x="1.3" y="-2.950000000000001" rotation="0" />
<Block type="SquareTiny" material="wood" x="1.5" y="-2.950000000000001" rotation="0" />
<Block type="SquareTiny" material="wood" x="1.9" y="-2.950000000000001" rotation="0" />
<Block type="SquareTiny" material="wood" x="2.4" y="-2.950000000000001" rotation="0" />
<Block type="SquareTiny" material="wood" x="3.0" y="-2.950000000000001" rotation="0" />
<Block type="SquareTiny" material="wood" x="3.4" y="-2.950000000000001" rotation="0" />
<Block type="RectTiny" material="wood" x="-0.6" y="-2.5750000000000015" rotation="90" />
<Block type="RectTiny" material="wood" x="-0.2" y="-2.5750000000000015" rotation="90" />
<Block type="RectTiny" material="stone" x="0.4" y="-2.5750000000000015" rotation="90" />
<Block type="RectTiny" material="ice" x="0.9" y="-2.5750000000000015" rotation="90" />
<Block type="RectTiny" material="wood" x="1.3" y="-2.5750000000000015" rotation="90" />
<Block type="RectTiny" material="wood" x="1.5" y="-2.5750000000000015" rotation="90" />
<Block type="RectTiny" material="wood" x="1.9" y="-2.5750000000000015" rotation="90" />
<Block type="RectTiny" material="wood" x="2.4" y="-2.5750000000000015" rotation="90" />
<Block type="RectTiny" material="stone" x="3.0" y="-2.5750000000000015" rotation="90" />
<Block type="RectTiny" material="wood" x="3.4" y="-2.5750000000000015" rotation="90" />
<Block type="RectBig" material="stone" x="0.4" y="-2.200000000000002" rotation="0" />
<Block type="RectBig" material="wood" x="2.4" y="-2.200000000000002" rotation="0" />
<Block type="RectMedium" material="stone" x="0.4" y="-1.930000000000002" rotation="0" />
<Block type="RectMedium" material="wood" x="2.4" y="-1.930000000000002" rotation="0" />
<Pig type="BasicSmall" material="" x="-0.3" y="-1.5450000000000017" rotation="0" />
<Block type="RectSmall" material="wood" x="0.7" y="-1.6600000000000017" rotation="0" />
<Block type="RectTiny" material="wood" x="2.1" y="-1.6600000000000017" rotation="0" />
<Pig type="BasicSmall" material="" x="3.1" y="-1.5450000000000017" rotation="0" />
<Block type="RectTiny" material="stone" x="0.7" y="-1.2850000000000015" rotation="90" />
<Block type="RectTiny" material="wood" x="2.1" y="-1.2850000000000015" rotation="90" />
<Block type="RectMedium" material="wood" x="1.4" y="-0.9100000000000014" rotation="0" />
<Block type="RectTiny" material="stone" x="1.1" y="-0.6400000000000013" rotation="0" />
<Block type="SquareTiny" material="wood" x="1.7" y="-0.6400000000000013" rotation="0" />
<Block type="RectFat" material="stone" x="1.4" y="-0.2650000000000014" rotation="0" />
<Block type="Triangle" material="ice" x="1.4" y="0.40999999999999853" rotation="0" />
</GameObjects>
</Level>
