<?xml version="1.0" encoding="utf-16"?>
<Level width ="2">
<Camera x="0" y="2" minWidth="20" maxWidth="30">
<Birds>
<Bird type="BirdBlue"/>
<Bird type="BirdRed"/>
<Bird type="BirdYellow"/>
<Bird type="BirdBlue"/>
<Bird type="BirdBlue"/>
<Bird type="BirdBlue"/>
<Bird type="BirdRed"/>
</Birds>
<Slingshot x="-8" y="-2.5">
<GameObjects>
<Block type="RectBig" material="ice" x="1.1" y="-3.49" rotation="0" />
<Pig type="BasicSmall" material="" x="0.4" y="-3.1050000000000004" rotation="0" />
<Block type="RectSmall" material="ice" x="1.1" y="-3.2200000000000006" rotation="0" />
<Pig type="BasicSmall" material="" x="1.8" y="-3.1050000000000004" rotation="0" />
<Block type="RectSmall" material="ice" x="0.8" y="-2.635000000000001" rotation="90" />
<Block type="RectSmall" material="stone" x="1.1" y="-2.635000000000001" rotation="90" />
<Block type="RectSmall" material="ice" x="1.4" y="-2.635000000000001" rotation="90" />
<Block type="RectSmall" material="stone" x="1.1" y="-2.0500000000000016" rotation="0" />
<Block type="SquareHole" material="stone" x="1.1" y="-1.4700000000000015" rotation="0" />
<Pig type="BasicSmall" material="" x="0.8" y="-0.7750000000000016" rotation="0" />
<Pig type="BasicSmall" material="" x="1.4" y="-0.7750000000000016" rotation="0" />
</GameObjects>
</Level>
