<?xml version="1.0" encoding="utf-16"?>
<Level width ="2">
<Camera x="0" y="2" minWidth="20" maxWidth="30">
<Birds>
<Bird type="BirdBlue"/>
<Bird type="BirdRed"/>
<Bird type="BirdYellow"/>
<Bird type="BirdBlue"/>
<Bird type="BirdBlue"/>
<Bird type="BirdBlue"/>
<Bird type="BirdRed"/>
</Birds>
<Slingshot x="-8" y="-2.5">
<GameObjects>
<Block type="RectFat" material="stone" x="-1.4" y="-3.3850000000000002" rotation="0" />
<Block type="RectBig" material="ice" x="0.6" y="-3.49" rotation="0" />
<Block type="RectBig" material="stone" x="3.0" y="-3.49" rotation="0" />
<Block type="RectFat" material="stone" x="1.4" y="-3.1150000000000007" rotation="0" />
<Block type="SquareSmall" material="ice" x="1.1" y="-2.635000000000001" rotation="0" />
<Block type="SquareSmall" material="ice" x="1.8" y="-2.635000000000001" rotation="0" />
<Block type="SquareSmall" material="stone" x="2.5" y="-3.1150000000000007" rotation="0" />
<Block type="RectSmall" material="wood" x="0.3" y="-2.9050000000000007" rotation="90" />
<Block type="RectSmall" material="wood" x="0.7" y="-2.9050000000000007" rotation="90" />
<Block type="RectSmall" material="wood" x="1.2" y="-1.9450000000000012" rotation="90" />
<Block type="RectSmall" material="wood" x="1.7" y="-1.9450000000000012" rotation="90" />
<Block type="RectSmall" material="wood" x="2.1" y="-2.9050000000000007" rotation="90" />
<Block type="RectSmall" material="wood" x="0.3" y="-2.0050000000000012" rotation="90" />
<Block type="RectSmall" material="wood" x="0.7" y="-2.0050000000000012" rotation="90" />
<Block type="RectSmall" material="wood" x="1.2" y="-1.045000000000001" rotation="90" />
<Block type="RectSmall" material="wood" x="1.7" y="-1.045000000000001" rotation="90" />
<Block type="RectSmall" material="wood" x="2.1" y="-2.0050000000000012" rotation="90" />
<Block type="RectSmall" material="ice" x="0.3" y="-1.105000000000001" rotation="90" />
<Block type="RectSmall" material="ice" x="0.7" y="-1.105000000000001" rotation="90" />
<Block type="RectSmall" material="ice" x="1.2" y="-0.14500000000000102" rotation="90" />
<Block type="RectSmall" material="ice" x="1.7" y="-0.14500000000000102" rotation="90" />
<Block type="RectSmall" material="ice" x="2.1" y="-1.105000000000001" rotation="90" />
<Block type="RectSmall" material="ice" x="0.3" y="-0.20500000000000107" rotation="90" />
<Block type="RectSmall" material="ice" x="0.7" y="-0.20500000000000107" rotation="90" />
<Block type="RectSmall" material="ice" x="1.2" y="0.754999999999999" rotation="90" />
<Block type="RectSmall" material="ice" x="1.7" y="0.754999999999999" rotation="90" />
<Block type="RectSmall" material="ice" x="2.1" y="-0.20500000000000107" rotation="90" />
<Block type="RectBig" material="stone" x="1.2" y="0.3799999999999989" rotation="0" />
<Block type="RectTiny" material="wood" x="0.7" y="0.6499999999999989" rotation="0" />
<Pig type="BasicSmall" material="" x="1.2" y="0.7649999999999989" rotation="0" />
<Block type="RectTiny" material="wood" x="1.7" y="0.6499999999999989" rotation="0" />
<Pig type="BasicSmall" material="" x="0.7" y="1.0349999999999988" rotation="0" />
<Pig type="BasicSmall" material="" x="1.7" y="1.0349999999999988" rotation="0" />
</GameObjects>
</Level>
