<?xml version="1.0" encoding="utf-16"?>
<Level width ="2">
<Camera x="0" y="2" minWidth="20" maxWidth="30">
<Birds>
<Bird type="BirdBlue"/>
<Bird type="BirdRed"/>
<Bird type="BirdYellow"/>
<Bird type="BirdBlue"/>
<Bird type="BirdBlue"/>
<Bird type="BirdBlue"/>
<Bird type="BirdRed"/>
</Birds>
<Slingshot x="-8" y="-2.5">
<GameObjects>
<Block type="RectBig" material="ice" x="-0.1" y="-2.5700000000000003" rotation="90" />
<Block type="RectBig" material="wood" x="0.5" y="-2.5700000000000003" rotation="90" />
<Block type="RectBig" material="ice" x="0.9" y="-2.5700000000000003" rotation="90" />
<Block type="RectBig" material="wood" x="1.5" y="-2.5700000000000003" rotation="90" />
<Block type="RectBig" material="stone" x="1.9" y="-2.5700000000000003" rotation="90" />
<Block type="RectBig" material="stone" x="2.5" y="-2.5700000000000003" rotation="90" />
<Block type="SquareTiny" material="stone" x="-0.1" y="-1.3800000000000001" rotation="0" />
<Block type="SquareTiny" material="stone" x="0.5" y="-1.3800000000000001" rotation="0" />
<Block type="SquareTiny" material="wood" x="0.9" y="-1.3800000000000001" rotation="0" />
<Block type="SquareTiny" material="wood" x="1.5" y="-1.3800000000000001" rotation="0" />
<Block type="SquareTiny" material="wood" x="1.9" y="-1.3800000000000001" rotation="0" />
<Block type="SquareTiny" material="wood" x="2.5" y="-1.3800000000000001" rotation="0" />
<Block type="RectFat" material="wood" x="0.2" y="-1.005" rotation="0" />
<Block type="RectFat" material="wood" x="1.2" y="-1.005" rotation="0" />
<Block type="RectFat" material="wood" x="2.2" y="-1.005" rotation="0" />
<Block type="RectSmall" material="wood" x="0.2" y="-0.6299999999999999" rotation="0" />
<Block type="RectSmall" material="wood" x="1.2" y="-0.6299999999999999" rotation="0" />
<Block type="RectSmall" material="ice" x="2.2" y="-0.6299999999999999" rotation="0" />
<Block type="SquareSmall" material="wood" x="0.2" y="-0.25499999999999995" rotation="0" />
<Block type="SquareSmall" material="wood" x="1.2" y="-0.25499999999999995" rotation="0" />
<Block type="RectFat" material="ice" x="2.2" y="-0.25499999999999995" rotation="0" />
<Pig type="BasicSmall" material="" x="0.2" y="0.23500000000000004" rotation="0" />
<Block type="Circle" material="wood" x="1.2" y="0.4100000000000001" rotation="0" />
<Block type="CircleSmall" material="stone" x="1.9" y="0.23500000000000004" rotation="0" />
<Pig type="BasicSmall" material="" x="2.5" y="0.23500000000000004" rotation="0" />
</GameObjects>
</Level>
