<?xml version="1.0" encoding="utf-16"?>
<Level width ="2">
<Camera x="0" y="2" minWidth="20" maxWidth="30">
<Birds>
<Bird type="BirdBlue"/>
<Bird type="BirdRed"/>
<Bird type="BirdYellow"/>
<Bird type="BirdBlue"/>
<Bird type="BirdBlue"/>
<Bird type="BirdBlue"/>
<Bird type="BirdRed"/>
</Birds>
<Slingshot x="-8" y="-2.5">
<GameObjects>
<Pig type="BasicSmall" material="" x="-0.1" y="-3.375" rotation="0" />
<Pig type="BasicSmall" material="" x="3.6" y="-3.375" rotation="0" />
<Pig type="BasicSmall" material="" x="5.4" y="-3.375" rotation="0" />
<Pig type="BasicSmall" material="" x="6.4" y="-3.375" rotation="0" />
<Block type="RectFat" material="ice" x="0.9" y="-3.1750000000000003" rotation="90" />
<Block type="RectFat" material="ice" x="1.6" y="-3.1750000000000003" rotation="90" />
<Block type="RectFat" material="ice" x="2.3" y="-3.1750000000000003" rotation="90" />
<Block type="RectTiny" material="ice" x="0.9" y="-2.4850000000000008" rotation="90" />
<Block type="RectTiny" material="wood" x="1.6" y="-2.4850000000000008" rotation="90" />
<Block type="RectTiny" material="wood" x="2.3" y="-2.4850000000000008" rotation="90" />
<Block type="RectMedium" material="stone" x="1.6" y="-2.110000000000001" rotation="0" />
<Block type="RectMedium" material="stone" x="1.6" y="-1.8400000000000012" rotation="0" />
<Block type="SquareTiny" material="wood" x="1.3" y="-1.570000000000001" rotation="0" />
<Block type="SquareTiny" material="ice" x="1.9" y="-1.570000000000001" rotation="0" />
<Block type="SquareTiny" material="ice" x="1.3" y="-1.3000000000000007" rotation="0" />
<Block type="SquareTiny" material="stone" x="1.9" y="-1.3000000000000007" rotation="0" />
<Block type="SquareHole" material="ice" x="1.6" y="-0.7200000000000006" rotation="0" />
<Block type="SquareSmall" material="stone" x="1.6" y="-0.035000000000000656" rotation="0" />
<Block type="SquareSmall" material="stone" x="1.6" y="0.44499999999999934" rotation="0" />
<Pig type="BasicSmall" material="" x="1.6" y="0.9349999999999994" rotation="0" />
</GameObjects>
</Level>
