<?xml version="1.0" encoding="utf-16"?>
<Level width ="2">
<Camera x="0" y="2" minWidth="20" maxWidth="30">
<Birds>
<Bird type="BirdBlue"/>
<Bird type="BirdRed"/>
<Bird type="BirdYellow"/>
<Bird type="BirdBlue"/>
<Bird type="BirdBlue"/>
<Bird type="BirdBlue"/>
<Bird type="BirdRed"/>
</Birds>
<Slingshot x="-8" y="-2.5">
<GameObjects>
<Platform type="Platform" material="" x="0.2" y="-3.29" rotation="0" />
<Platform type="Platform" material="" x="0.8" y="-3.29" rotation="0" />
<Platform type="Platform" material="" x="1.4" y="-3.29" rotation="0" />
<Platform type="Platform" material="" x="2.0" y="-3.29" rotation="0" />
<Platform type="Platform" material="" x="2.6" y="-3.29" rotation="0" />
<Block type="RectTiny" material="ice" x="0.0" y="-2.7150000000000003" rotation="90" />
<Block type="RectTiny" material="ice" x="0.3" y="-2.7150000000000003" rotation="90" />
<Block type="RectTiny" material="ice" x="0.6" y="-2.7150000000000003" rotation="90" />
<Block type="RectTiny" material="ice" x="0.9" y="-2.7150000000000003" rotation="90" />
<Block type="RectTiny" material="ice" x="1.2" y="-2.7150000000000003" rotation="90" />
<Block type="RectTiny" material="ice" x="1.5" y="-2.7150000000000003" rotation="90" />
<Block type="RectTiny" material="ice" x="1.8" y="-2.7150000000000003" rotation="90" />
<Block type="RectTiny" material="ice" x="2.1" y="-2.7150000000000003" rotation="90" />
<Block type="RectTiny" material="ice" x="2.4" y="-2.7150000000000003" rotation="90" />
<Block type="SquareTiny" material="ice" x="0.3" y="-2.3400000000000007" rotation="0" />
<Block type="RectSmall" material="ice" x="1.2" y="-2.3400000000000007" rotation="0" />
<Block type="RectSmall" material="ice" x="2.1" y="-2.3400000000000007" rotation="0" />
<Block type="RectBig" material="stone" x="1.2" y="-2.070000000000001" rotation="0" />
<Block type="CircleSmall" material="ice" x="0.5" y="-1.685000000000001" rotation="0" />
<Block type="SquareHole" material="wood" x="1.2" y="-1.490000000000001" rotation="0" />
<Pig type="BasicSmall" material="" x="1.9" y="-1.685000000000001" rotation="0" />
<Block type="RectSmall" material="stone" x="1.2" y="-0.9100000000000011" rotation="0" />
<Block type="SquareHole" material="stone" x="1.2" y="-0.3300000000000012" rotation="0" />
<Block type="TriangleHole" material="ice" x="0.9" y="0.5499999999999988" rotation="0" />
</GameObjects>
</Level>
