<?xml version="1.0" encoding="utf-16"?>
<Level width ="2">
<Camera x="0" y="2" minWidth="20" maxWidth="30">
<Birds>
<Bird type="BirdBlue"/>
<Bird type="BirdRed"/>
<Bird type="BirdYellow"/>
<Bird type="BirdBlue"/>
<Bird type="BirdBlue"/>
<Bird type="BirdBlue"/>
<Bird type="BirdRed"/>
</Birds>
<Slingshot x="-8" y="-2.5">
<GameObjects>
<Pig type="BasicSmall" material="" x="6.9" y="-3.375" rotation="0" />
<Block type="RectSmall" material="stone" x="0.4" y="-3.1750000000000003" rotation="90" />
<Block type="RectSmall" material="stone" x="0.7" y="-3.1750000000000003" rotation="90" />
<Block type="RectSmall" material="stone" x="1.0" y="-3.1750000000000003" rotation="90" />
<Block type="RectSmall" material="stone" x="1.4" y="-3.1750000000000003" rotation="90" />
<Block type="RectSmall" material="stone" x="1.7" y="-3.1750000000000003" rotation="90" />
<Block type="RectSmall" material="stone" x="2.0" y="-3.1750000000000003" rotation="90" />
<Block type="RectSmall" material="stone" x="2.4" y="-3.1750000000000003" rotation="90" />
<Block type="RectSmall" material="stone" x="2.7" y="-3.1750000000000003" rotation="90" />
<Block type="RectSmall" material="stone" x="3.0" y="-3.1750000000000003" rotation="90" />
<Block type="RectBig" material="wood" x="0.4" y="-1.6700000000000004" rotation="90" />
<Block type="RectBig" material="wood" x="0.7" y="-1.6700000000000004" rotation="90" />
<Block type="RectBig" material="wood" x="1.0" y="-1.6700000000000004" rotation="90" />
<Block type="RectBig" material="wood" x="1.4" y="-1.6700000000000004" rotation="90" />
<Block type="RectBig" material="wood" x="1.7" y="-1.6700000000000004" rotation="90" />
<Block type="RectBig" material="wood" x="2.0" y="-1.6700000000000004" rotation="90" />
<Block type="RectBig" material="wood" x="2.4" y="-1.6700000000000004" rotation="90" />
<Block type="RectBig" material="wood" x="2.7" y="-1.6700000000000004" rotation="90" />
<Block type="RectBig" material="wood" x="3.0" y="-1.6700000000000004" rotation="90" />
<Block type="SquareHole" material="wood" x="0.7" y="-0.17000000000000037" rotation="0" />
<Block type="SquareHole" material="wood" x="1.7" y="-0.17000000000000037" rotation="0" />
<Block type="SquareTiny" material="stone" x="0.4" y="0.4099999999999996" rotation="0" />
<Block type="SquareTiny" material="stone" x="0.8" y="0.4099999999999996" rotation="0" />
<Block type="SquareTiny" material="wood" x="1.8" y="0.4099999999999996" rotation="0" />
<Block type="SquareTiny" material="wood" x="2.2" y="-3.49" rotation="0" />
<Block type="RectBig" material="stone" x="1.7" y="-3.2200000000000006" rotation="0" />
<Block type="RectSmall" material="stone" x="1.4" y="-2.635000000000001" rotation="90" />
<Pig type="BasicSmall" material="" x="1.8" y="-2.835000000000001" rotation="0" />
<Block type="RectSmall" material="stone" x="2.2" y="-2.635000000000001" rotation="90" />
<Pig type="BasicSmall" material="" x="1.4" y="-1.9350000000000012" rotation="0" />
<Pig type="BasicSmall" material="" x="2.2" y="-1.9350000000000012" rotation="0" />
<Block type="Triangle" material="ice" x="-0.9" y="-3.19" rotation="0" />
<Block type="Triangle" material="ice" x="4.8" y="-3.19" rotation="0" />
<Block type="CircleSmall" material="wood" x="0.9" y="-2.835000000000001" rotation="0" />
<Block type="Triangle" material="ice" x="6.4" y="-2.69" rotation="0" />
<Block type="Triangle" material="ice" x="2.5" y="-1.250000000000001" rotation="0" />
<Block type="Triangle" material="ice" x="-1.3" y="-2.32" rotation="0" />
<Block type="CircleSmall" material="wood" x="0.2" y="0.7949999999999996" rotation="0" />
<Block type="CircleSmall" material="ice" x="0.8" y="-2.335000000000001" rotation="0" />
<Block type="Triangle" material="ice" x="5.8" y="-1.8199999999999998" rotation="0" />
<Block type="CircleSmall" material="wood" x="7.2" y="-2.875" rotation="0" />
<Block type="Triangle" material="ice" x="2.9" y="-0.3800000000000012" rotation="0" />
<Block type="Triangle" material="ice" x="-0.9" y="-1.45" rotation="0" />
<Block type="CircleSmall" material="wood" x="0.6" y="-1.8350000000000006" rotation="0" />
<Block type="CircleSmall" material="ice" x="1.2" y="-2.335000000000001" rotation="0" />
<Block type="Triangle" material="ice" x="6.1" y="-0.95" rotation="0" />
<Block type="CircleSmall" material="wood" x="-1.8" y="-1.6349999999999998" rotation="0" />
<Block type="Triangle" material="ice" x="3.3" y="0.4899999999999987" rotation="0" />
<Block type="CircleSmall" material="wood" x="4.8" y="-2.505" rotation="0" />
<Block type="CircleSmall" material="ice" x="5.3" y="-1.1349999999999998" rotation="0" />
<Block type="Triangle" material="ice" x="0.7" y="-1.6500000000000008" rotation="0" />
<Block type="CircleSmall" material="wood" x="2.2" y="-0.5650000000000012" rotation="0" />
<Block type="CircleSmall" material="ice" x="2.8" y="1.1749999999999987" rotation="0" />
<Block type="Triangle" material="ice" x="7.5" y="-2.19" rotation="0" />
<Block type="Triangle" material="ice" x="-1.6" y="-0.9499999999999997" rotation="0" />
<Block type="CircleSmall" material="wood" x="-0.4" y="-0.765" rotation="0" />
<Block type="CircleSmall" material="ice" x="0.2" y="-0.9650000000000007" rotation="0" />
<Block type="Triangle" material="ice" x="4.8" y="-0.44999999999999984" rotation="0" />
<Block type="CircleSmall" material="wood" x="6.3" y="-0.26500000000000007" rotation="0" />
<Block type="CircleSmall" material="ice" x="6.9" y="-2.375" rotation="0" />
<Block type="Triangle" material="ice" x="2.1" y="0.11999999999999879" rotation="0" />
<Block type="CircleSmall" material="wood" x="3.6" y="1.1749999999999987" rotation="0" />
<Block type="CircleSmall" material="ice" x="4.2" y="-3.375" rotation="0" />
<Block type="Triangle" material="ice" x="-0.6" y="-0.08000000000000006" rotation="0" />
<Block type="CircleSmall" material="wood" x="0.0" y="-0.4650000000000008" rotation="0" />
<Block type="CircleSmall" material="wood" x="0.6" y="-0.9650000000000007" rotation="0" />
<Block type="CircleSmall" material="ice" x="1.1" y="-0.9650000000000007" rotation="0" />
<Block type="CircleSmall" material="wood" x="2.0" y="0.8049999999999988" rotation="0" />
<Pig type="BasicSmall" material="" x="2.6" y="0.8049999999999988" rotation="0" />
<Block type="Triangle" material="ice" x="6.9" y="-1.69" rotation="0" />
<Block type="CircleSmall" material="wood" x="7.5" y="-1.505" rotation="0" />
<Block type="CircleSmall" material="wood" x="-1.8" y="-0.26499999999999985" rotation="0" />
<Block type="CircleSmall" material="wood" x="-1.4" y="-0.26499999999999985" rotation="0" />
<Block type="CircleSmall" material="ice" x="-0.9" y="0.605" rotation="0" />
<Block type="CircleSmall" material="wood" x="0.0" y="0.03499999999999921" rotation="0" />
<Pig type="BasicSmall" material="" x="0.6" y="-0.4650000000000008" rotation="0" />
<Block type="Triangle" material="ice" x="4.9" y="0.4200000000000001" rotation="0" />
<Block type="CircleSmall" material="wood" x="5.5" y="-0.6349999999999998" rotation="0" />
<Block type="CircleSmall" material="wood" x="6.0" y="0.23499999999999993" rotation="0" />
<Block type="CircleSmall" material="ice" x="6.5" y="-1.005" rotation="0" />
<Block type="CircleSmall" material="wood" x="7.5" y="-1.0049999999999997" rotation="0" />
<Block type="CircleSmall" material="wood" x="-1.8" y="0.23500000000000015" rotation="0" />
<Block type="TriangleHole" material="wood" x="-1.0" y="1.29" rotation="0" />
<Block type="Triangle" material="ice" x="3.3" y="1.8599999999999988" rotation="0" />
<Block type="CircleSmall" material="wood" x="4.7" y="1.1050000000000002" rotation="0" />
<Block type="CircleSmall" material="ice" x="5.3" y="-0.1349999999999998" rotation="0" />
<Block type="Triangle" material="ice" x="0.5" y="0.2199999999999992" rotation="0" />
<Block type="CircleSmall" material="wood" x="1.9" y="1.304999999999999" rotation="0" />
<Block type="TriangleHole" material="wood" x="2.7" y="2.7299999999999986" rotation="0" />
<Block type="Triangle" material="ice" x="7.4" y="-0.31999999999999973" rotation="0" />
<Block type="Triangle" material="ice" x="-1.6" y="2.1599999999999997" rotation="0" />
<Block type="CircleSmall" material="wood" x="-0.5" y="1.975" rotation="0" />
<Block type="CircleSmall" material="ice" x="0.1" y="0.9049999999999992" rotation="0" />
<Block type="Triangle" material="ice" x="4.8" y="0.5500000000000003" rotation="0" />
<Block type="CircleSmall" material="wood" x="6.3" y="-0.5049999999999999" rotation="0" />
<Block type="CircleSmall" material="ice" x="6.9" y="0.36500000000000027" rotation="0" />
<Block type="Triangle" material="ice" x="2.1" y="3.5999999999999988" rotation="0" />
<Block type="CircleSmall" material="wood" x="2.7" y="3.4149999999999987" rotation="0" />
<Block type="CircleSmall" material="wood" x="3.3" y="2.5449999999999986" rotation="0" />
<Block type="CircleSmall" material="ice" x="3.8" y="2.5449999999999986" rotation="0" />
<Block type="CircleSmall" material="wood" x="4.7" y="1.2350000000000003" rotation="0" />
<Pig type="BasicSmall" material="" x="5.3" y="1.2350000000000003" rotation="0" />
<Block type="Triangle" material="ice" x="0.2" y="1.5899999999999992" rotation="0" />
<Block type="CircleSmall" material="wood" x="0.8" y="0.9049999999999992" rotation="0" />
<Block type="CircleSmall" material="wood" x="1.3" y="-0.4650000000000008" rotation="0" />
<Block type="CircleSmall" material="ice" x="1.8" y="4.284999999999998" rotation="0" />
<Block type="CircleSmall" material="wood" x="2.7" y="3.9149999999999987" rotation="0" />
<Pig type="BasicSmall" material="" x="3.3" y="3.0449999999999986" rotation="0" />
<Block type="Triangle" material="ice" x="7.6" y="0.5500000000000003" rotation="0" />
<Block type="Triangle" material="ice" x="-1.6" y="3.03" rotation="0" />
<Block type="CircleSmall" material="wood" x="-1.0" y="1.975" rotation="0" />
<Block type="CircleSmall" material="wood" x="-0.6" y="2.475" rotation="0" />
<Block type="CircleSmall" material="ice" x="-0.2" y="2.274999999999999" rotation="0" />
<Block type="CircleSmall" material="wood" x="0.8" y="1.4049999999999994" rotation="0" />
<Block type="TriangleHole" material="wood" x="1.7" y="4.969999999999998" rotation="0" />
<Block type="Triangle" material="ice" x="6.0" y="0.18000000000000005" rotation="0" />
<Block type="CircleSmall" material="wood" x="7.4" y="1.2350000000000003" rotation="0" />
<Block type="CircleSmall" material="wood" x="-1.8" y="3.715" rotation="0" />
<Block type="CircleSmall" material="ice" x="-1.4" y="3.715" rotation="0" />
<Block type="Triangle" material="ice" x="3.2" y="3.7299999999999986" rotation="0" />
<Block type="CircleSmall" material="wood" x="4.6" y="1.7350000000000005" rotation="0" />
<Block type="TriangleHole" material="wood" x="5.4" y="1.05" rotation="0" />
<Block type="Triangle" material="ice" x="0.7" y="2.0899999999999994" rotation="0" />
<Block type="CircleSmall" material="wood" x="2.2" y="5.654999999999998" rotation="0" />
<Block type="CircleSmall" material="ice" x="2.8" y="4.414999999999998" rotation="0" />
<Block type="Triangle" material="ice" x="7.5" y="1.9200000000000004" rotation="0" />
<Block type="Triangle" material="ice" x="-1.6" y="4.3999999999999995" rotation="0" />
<Block type="CircleSmall" material="wood" x="-0.4" y="2.774999999999999" rotation="0" />
<Block type="CircleSmall" material="ice" x="0.2" y="2.7749999999999995" rotation="0" />
<Block type="Triangle" material="ice" x="4.8" y="1.92" rotation="0" />
<Block type="CircleSmall" material="wood" x="5.4" y="1.735" rotation="0" />
<Block type="CircleSmall" material="wood" x="6.0" y="0.8650000000000001" rotation="0" />
<Block type="CircleSmall" material="ice" x="6.5" y="0.8650000000000001" rotation="0" />
<Block type="CircleSmall" material="wood" x="7.4" y="2.6050000000000004" rotation="0" />
<Block type="CircleSmall" material="wood" x="-1.8" y="5.084999999999999" rotation="0" />
<Pig type="BasicSmall" material="" x="-1.3" y="5.084999999999999" rotation="0" />
<Block type="Triangle" material="ice" x="2.9" y="5.099999999999998" rotation="0" />
<Block type="CircleSmall" material="wood" x="3.5" y="4.414999999999998" rotation="0" />
<Block type="CircleSmall" material="wood" x="4.0" y="3.0449999999999986" rotation="0" />
<Block type="CircleSmall" material="ice" x="4.5" y="2.605" rotation="0" />
<Block type="CircleSmall" material="wood" x="5.4" y="2.235" rotation="0" />
<Pig type="BasicSmall" material="" x="6.0" y="1.3650000000000002" rotation="0" />
</GameObjects>
</Level>
