<?xml version="1.0" encoding="utf-16"?>
<Level width ="2">
<Camera x="0" y="2" minWidth="20" maxWidth="30">
<Birds>
<Bird type="BirdBlue"/>
<Bird type="BirdRed"/>
<Bird type="BirdYellow"/>
<Bird type="BirdBlue"/>
<Bird type="BirdBlue"/>
<Bird type="BirdBlue"/>
<Bird type="BirdRed"/>
</Birds>
<Slingshot x="-8" y="-2.5">
<GameObjects>
<Block type="RectSmall" material="ice" x="-1.9" y="-3.1750000000000003" rotation="90" />
<Block type="RectSmall" material="ice" x="-1.8" y="-2.275000000000001" rotation="90" />
<Block type="RectSmall" material="ice" x="-1.7" y="-1.3750000000000007" rotation="90" />
<Block type="RectSmall" material="ice" x="-1.6" y="-0.4750000000000006" rotation="90" />
<Block type="RectSmall" material="ice" x="-1.5" y="0.4249999999999994" rotation="90" />
<Block type="RectSmall" material="ice" x="-1.4" y="1.3249999999999995" rotation="90" />
<Block type="RectBig" material="wood" x="-1.3" y="2.829999999999999" rotation="90" />
<Block type="RectBig" material="wood" x="-1.2" y="4.9399999999999995" rotation="90" />
<TNT type="" x="-1.1" y="6.295" rotation="0" />
<Block type="RectMedium" material="ice" x="-1.0" y="7.46" rotation="90" />
<Block type="Triangle" material="stone" x="-0.9" y="8.760000000000002" rotation="0" />
<Block type="RectFat" material="stone" x="-0.5" y="9.435000000000002" rotation="0" />
</GameObjects>
</Level>
