<?xml version="1.0" encoding="utf-16"?>
<Level width ="2">
<Camera x="0" y="2" minWidth="20" maxWidth="30">
<Birds>
<Bird type="BirdBlue"/>
<Bird type="BirdRed"/>
<Bird type="BirdYellow"/>
<Bird type="BirdBlue"/>
<Bird type="BirdBlue"/>
<Bird type="BirdBlue"/>
<Bird type="BirdRed"/>
</Birds>
<Slingshot x="-8" y="-2.5">
<GameObjects>
<Block type="RectTiny" material="ice" x="-1.9" y="-3.3850000000000002" rotation="90" />
<Block type="TriangleHole" material="wood" x="-1.8" y="-2.7100000000000004" rotation="0" />
<Block type="TriangleHole" material="wood" x="-1.7" y="-1.8400000000000003" rotation="0" />
<Block type="Triangle" material="wood" x="-1.6" y="-0.9700000000000004" rotation="0" />
<Block type="TriangleHole" material="wood" x="-1.5" y="-0.10000000000000052" rotation="0" />
<Block type="RectTiny" material="stone" x="-1.4" y="0.5749999999999995" rotation="90" />
<Block type="RectTiny" material="stone" x="-1.3" y="1.0549999999999995" rotation="90" />
<Block type="RectTiny" material="stone" x="-1.2" y="1.5349999999999997" rotation="90" />
<Block type="RectTiny" material="stone" x="-1.1" y="2.0149999999999997" rotation="90" />
<Block type="RectFat" material="stone" x="-0.9" y="2.494999999999999" rotation="0" />
<Block type="TriangleHole" material="wood" x="-0.8" y="3.169999999999999" rotation="0" />
<Block type="RectTiny" material="stone" x="-0.7" y="3.844999999999999" rotation="90" />
<Block type="RectTiny" material="stone" x="-0.6" y="4.324999999999998" rotation="90" />
<Block type="RectFat" material="stone" x="-0.4" y="4.804999999999998" rotation="0" />
<Block type="RectFat" material="wood" x="-0.3" y="5.2849999999999975" rotation="0" />
</GameObjects>
</Level>
