<?xml version="1.0" encoding="utf-16"?>
<Level width ="2">
<Camera x="0" y="2" minWidth="20" maxWidth="30">
<Birds>
<Bird type="BirdBlue"/>
<Bird type="BirdRed"/>
<Bird type="BirdYellow"/>
<Bird type="BirdBlue"/>
<Bird type="BirdBlue"/>
<Bird type="BirdBlue"/>
<Bird type="BirdRed"/>
</Birds>
<Slingshot x="-8" y="-2.5">
<GameObjects>
<Pig type="BasicSmall" material="" x="-1.9" y="-3.375" rotation="0" />
<Block type="SquareHole" material="wood" x="-1.8" y="-2.68" rotation="0" />
<Block type="SquareHole" material="wood" x="-1.7" y="-1.7900000000000003" rotation="0" />
</GameObjects>
</Level>
