<?xml version="1.0" encoding="utf-16"?>
<Level width ="2">
<Camera x="0" y="2" minWidth="20" maxWidth="30">
<Birds>
<Bird type="BirdBlue"/>
<Bird type="BirdRed"/>
<Bird type="BirdYellow"/>
<Bird type="BirdBlue"/>
<Bird type="BirdBlue"/>
<Bird type="BirdBlue"/>
<Bird type="BirdRed"/>
</Birds>
<Slingshot x="-8" y="-2.5">
<GameObjects>
<Block type="RectBig" material="ice" x="-1.9" y="-2.5700000000000003" rotation="90" />
<Block type="Triangle" material="wood" x="-1.8" y="-1.0800000000000003" rotation="90" />
<Block type="RectFat" material="stone" x="-1.5" y="-0.4050000000000004" rotation="0" />
<Block type="RectFat" material="stone" x="-1.4" y="0.07499999999999958" rotation="0" />
</GameObjects>
</Level>
