<?xml version="1.0" encoding="utf-16"?>
<Level width ="2">
<Camera x="0" y="2" minWidth="20" maxWidth="30">
<Birds>
<Bird type="BirdBlue"/>
<Bird type="BirdRed"/>
<Bird type="BirdYellow"/>
<Bird type="BirdBlue"/>
<Bird type="BirdBlue"/>
<Bird type="BirdBlue"/>
<Bird type="BirdRed"/>
</Birds>
<Slingshot x="-8" y="-2.5">
<GameObjects>
<Block type="RectTiny" material="stone" x="-1.9" y="-3.3850000000000002" rotation="90" />
<Block type="RectTiny" material="stone" x="-1.8" y="-2.9050000000000007" rotation="90" />
<Block type="RectTiny" material="stone" x="-1.7" y="-2.425000000000001" rotation="90" />
<Block type="RectTiny" material="stone" x="-1.6" y="-1.9450000000000012" rotation="90" />
<Block type="RectTiny" material="stone" x="-1.5" y="-1.465000000000001" rotation="90" />
<Block type="RectFat" material="stone" x="-1.3" y="-0.9850000000000008" rotation="0" />
<Block type="Triangle" material="wood" x="-1.2" y="-0.31000000000000083" rotation="0" />
<Block type="RectFat" material="stone" x="-1.1" y="0.36499999999999916" rotation="0" />
<Block type="CircleSmall" material="wood" x="-1.0" y="0.8549999999999992" rotation="0" />
<Block type="RectFat" material="stone" x="-0.9" y="1.3449999999999993" rotation="0" />
</GameObjects>
</Level>
