<?xml version="1.0" encoding="utf-16"?>
<Level width ="2">
<Camera x="0" y="2" minWidth="20" maxWidth="30">
<Birds>
<Bird type="BirdBlue"/>
<Bird type="BirdRed"/>
<Bird type="BirdYellow"/>
<Bird type="BirdBlue"/>
<Bird type="BirdBlue"/>
<Bird type="BirdBlue"/>
<Bird type="BirdRed"/>
</Birds>
<Slingshot x="-8" y="-2.5">
<GameObjects>
<Block type="CircleSmall" material="wood" x="-1.9" y="-3.375" rotation="0" />
<Block type="CircleSmall" material="ice" x="-1.8" y="-2.875" rotation="0" />
<Block type="RectSmall" material="stone" x="-1.7" y="-2.1750000000000003" rotation="90" />
<Block type="RectFat" material="wood" x="-1.6" y="-1.485" rotation="0" />
<Block type="RectFat" material="wood" x="-1.5" y="-1.005" rotation="0" />
<Block type="RectFat" material="wood" x="-1.4" y="-0.5249999999999999" rotation="0" />
<Block type="RectFat" material="wood" x="-1.3" y="-0.04499999999999994" rotation="0" />
<Block type="RectFat" material="wood" x="-1.2" y="0.435" rotation="0" />
<Block type="RectFat" material="wood" x="-1.1" y="0.915" rotation="0" />
<Block type="RectFat" material="wood" x="-1.0" y="1.3950000000000002" rotation="0" />
<Block type="RectFat" material="wood" x="-0.9" y="1.8750000000000004" rotation="0" />
</GameObjects>
</Level>
