<?xml version="1.0" encoding="utf-16"?>
<Level width ="2">
<Camera x="0" y="2" minWidth="20" maxWidth="30">
<Birds>
<Bird type="BirdBlue"/>
<Bird type="BirdRed"/>
<Bird type="BirdYellow"/>
<Bird type="BirdBlue"/>
<Bird type="BirdBlue"/>
<Bird type="BirdBlue"/>
<Bird type="BirdRed"/>
</Birds>
<Slingshot x="-8" y="-2.5">
<GameObjects>
<Block type="RectTiny" material="wood" x="-1.9" y="-3.3850000000000002" rotation="90" />
<Block type="RectTiny" material="ice" x="-1.8" y="-2.9050000000000007" rotation="90" />
<Block type="CircleSmall" material="wood" x="-1.7" y="-2.415000000000001" rotation="0" />
<Block type="RectTiny" material="stone" x="-1.6" y="-1.9250000000000007" rotation="90" />
<Block type="RectTiny" material="stone" x="-1.5" y="-1.4450000000000005" rotation="90" />
<Block type="RectTiny" material="stone" x="-1.4" y="-0.9650000000000003" rotation="90" />
<Block type="RectTiny" material="stone" x="-1.3" y="-0.4850000000000004" rotation="90" />
<Block type="RectTiny" material="stone" x="-1.2" y="-0.005000000000000351" rotation="90" />
<Block type="RectFat" material="stone" x="-1.0" y="0.4749999999999996" rotation="0" />
<Block type="RectFat" material="stone" x="-0.9" y="0.9549999999999996" rotation="0" />
<Block type="RectFat" material="stone" x="-0.8" y="1.4349999999999998" rotation="0" />
</GameObjects>
</Level>
