<?xml version="1.0" encoding="utf-16"?>
<Level width ="2">
<Camera x="0" y="2" minWidth="20" maxWidth="30">
<Birds>
<Bird type="BirdBlue"/>
<Bird type="BirdRed"/>
<Bird type="BirdYellow"/>
<Bird type="BirdBlue"/>
<Bird type="BirdBlue"/>
<Bird type="BirdBlue"/>
<Bird type="BirdRed"/>
</Birds>
<Slingshot x="-8" y="-2.5">
<GameObjects>
<Block type="RectSmall" material="wood" x="-1.9" y="-3.1750000000000003" rotation="90" />
<Block type="RectSmall" material="wood" x="-1.8" y="-2.275000000000001" rotation="90" />
<Block type="RectSmall" material="wood" x="-1.7" y="-1.3750000000000007" rotation="90" />
<Block type="Circle" material="ice" x="-1.6" y="-0.5000000000000006" rotation="0" />
<Block type="RectTiny" material="wood" x="-1.5" y="0.16499999999999948" rotation="90" />
<Block type="RectTiny" material="wood" x="-1.4" y="0.6449999999999995" rotation="90" />
<Block type="RectTiny" material="wood" x="-1.3" y="1.1249999999999996" rotation="90" />
<Block type="RectTiny" material="wood" x="-1.2" y="1.6049999999999998" rotation="90" />
<Block type="RectTiny" material="wood" x="-1.1" y="2.0849999999999995" rotation="90" />
<Block type="RectTiny" material="wood" x="-0.9" y="-3.3850000000000002" rotation="90" />
</GameObjects>
</Level>
