<?xml version="1.0" encoding="utf-16"?>
<Level width ="2">
<Camera x="0" y="2" minWidth="20" maxWidth="30">
<Birds>
<Bird type="BirdBlue"/>
<Bird type="BirdRed"/>
<Bird type="BirdYellow"/>
<Bird type="BirdBlue"/>
<Bird type="BirdBlue"/>
<Bird type="BirdBlue"/>
<Bird type="BirdRed"/>
</Birds>
<Slingshot x="-8" y="-2.5">
<GameObjects>
<Block type="SquareTiny" material="stone" x="-1.9" y="-3.49" rotation="0" />
<Block type="SquareTiny" material="stone" x="-1.8" y="-3.2200000000000006" rotation="0" />
<Block type="SquareTiny" material="wood" x="-1.7" y="-2.950000000000001" rotation="0" />
<Block type="SquareTiny" material="wood" x="-1.6" y="-2.6800000000000015" rotation="0" />
<Block type="SquareTiny" material="wood" x="-1.5" y="-2.410000000000002" rotation="0" />
<Block type="SquareTiny" material="wood" x="-1.4" y="-2.1400000000000023" rotation="0" />
<Block type="SquareTiny" material="wood" x="-1.3" y="-1.8700000000000023" rotation="0" />
<Block type="SquareTiny" material="wood" x="-1.2" y="-1.600000000000002" rotation="0" />
<Block type="SquareTiny" material="wood" x="-1.0" y="-3.49" rotation="0" />
<Block type="SquareTiny" material="wood" x="-0.8" y="-3.49" rotation="0" />
</GameObjects>
</Level>
