<?xml version="1.0" encoding="utf-16"?>
<Level width ="2">
<Camera x="0" y="2" minWidth="20" maxWidth="30">
<Birds>
<Bird type="BirdBlue"/>
<Bird type="BirdRed"/>
<Bird type="BirdYellow"/>
<Bird type="BirdBlue"/>
<Bird type="BirdBlue"/>
<Bird type="BirdBlue"/>
<Bird type="BirdRed"/>
</Birds>
<Slingshot x="-8" y="-2.5">
<GameObjects>
<Block type="RectSmall" material="wood" x="-1.9" y="-3.1750000000000003" rotation="90" />
<Block type="Circle" material="ice" x="-1.8" y="-2.3000000000000007" rotation="0" />
<Block type="RectFat" material="stone" x="-1.7" y="-1.6350000000000007" rotation="0" />
</GameObjects>
</Level>
