<?xml version="1.0" encoding="utf-16"?>
<Level width ="2">
<Camera x="0" y="2" minWidth="20" maxWidth="30">
<Birds>
<Bird type="BirdBlue"/>
<Bird type="BirdRed"/>
<Bird type="BirdYellow"/>
<Bird type="BirdBlue"/>
<Bird type="BirdBlue"/>
<Bird type="BirdBlue"/>
<Bird type="BirdRed"/>
</Birds>
<Slingshot x="-8" y="-2.5">
<GameObjects>
<Block type="RectMedium" material="stone" x="-1.9" y="-2.7600000000000002" rotation="90" />
<Block type="RectMedium" material="stone" x="-1.8" y="-1.0300000000000005" rotation="90" />
<Block type="RectMedium" material="stone" x="-1.7" y="0.6999999999999995" rotation="90" />
<Block type="RectMedium" material="stone" x="-1.6" y="2.4299999999999993" rotation="90" />
<Block type="RectMedium" material="stone" x="-1.5" y="4.159999999999999" rotation="90" />
<Block type="RectMedium" material="stone" x="-1.4" y="5.889999999999999" rotation="90" />
<Block type="RectMedium" material="stone" x="-1.3" y="7.619999999999998" rotation="90" />
<Block type="RectMedium" material="stone" x="-1.2" y="9.35" rotation="90" />
<Block type="RectMedium" material="stone" x="-1.1" y="11.08" rotation="90" />
<Block type="RectMedium" material="stone" x="-1.0" y="12.81" rotation="90" />
<Block type="RectMedium" material="stone" x="-0.9" y="14.540000000000001" rotation="90" />
<Block type="RectMedium" material="stone" x="-0.8" y="16.270000000000003" rotation="90" />
<Block type="RectMedium" material="stone" x="-0.7" y="18.000000000000004" rotation="90" />
<Block type="RectMedium" material="stone" x="-0.5" y="-2.7600000000000002" rotation="90" />
<Block type="RectMedium" material="stone" x="-0.2" y="-2.7600000000000002" rotation="90" />
<Block type="RectMedium" material="stone" x="0.1" y="-2.7600000000000002" rotation="90" />
</GameObjects>
</Level>
