<?xml version="1.0" encoding="utf-16"?>
<Level width ="2">
<Camera x="0" y="2" minWidth="20" maxWidth="30">
<Birds>
<Bird type="BirdBlue"/>
<Bird type="BirdRed"/>
<Bird type="BirdYellow"/>
<Bird type="BirdBlue"/>
<Bird type="BirdBlue"/>
<Bird type="BirdBlue"/>
<Bird type="BirdRed"/>
</Birds>
<Slingshot x="-8" y="-2.5">
<GameObjects>
<Block type="SquareTiny" material="stone" x="-1.9" y="-3.49" rotation="0" />
<Block type="SquareTiny" material="stone" x="-1.8" y="-3.2200000000000006" rotation="0" />
<Block type="SquareTiny" material="stone" x="-1.6" y="-3.49" rotation="0" />
</GameObjects>
</Level>
