<?xml version="1.0" encoding="utf-16"?>
<Level width ="2">
<Camera x="0" y="2" minWidth="20" maxWidth="30">
<Birds>
<Bird type="BirdBlue"/>
<Bird type="BirdRed"/>
<Bird type="BirdYellow"/>
<Bird type="BirdBlue"/>
<Bird type="BirdBlue"/>
<Bird type="BirdBlue"/>
<Bird type="BirdRed"/>
</Birds>
<Slingshot x="-8" y="-2.5">
<GameObjects>
<Block type="RectSmall" material="stone" x="-1.9" y="-3.1750000000000003" rotation="90" />
<Block type="TriangleHole" material="wood" x="-1.8" y="-2.2900000000000005" rotation="0" />
<Block type="TriangleHole" material="wood" x="-1.7" y="-1.4200000000000006" rotation="0" />
<Block type="RectTiny" material="stone" x="-1.6" y="-0.7450000000000007" rotation="90" />
<Block type="RectTiny" material="stone" x="-1.5" y="-0.26500000000000073" rotation="90" />
<Block type="TriangleHole" material="wood" x="-1.3" y="0.4099999999999992" rotation="0" />
<Block type="RectTiny" material="stone" x="-1.2" y="1.0849999999999993" rotation="90" />
<Block type="RectTiny" material="stone" x="-1.1" y="1.5649999999999995" rotation="90" />
<Block type="RectTiny" material="stone" x="-1.0" y="2.0449999999999995" rotation="90" />
<Block type="RectFat" material="stone" x="-0.8" y="2.524999999999999" rotation="0" />
<Block type="RectFat" material="stone" x="-0.7" y="3.0049999999999986" rotation="0" />
<Block type="RectTiny" material="ice" x="-0.6" y="3.379999999999998" rotation="0" />
<Block type="RectFat" material="stone" x="-0.5" y="3.7549999999999977" rotation="0" />
</GameObjects>
</Level>
