<?xml version="1.0" encoding="utf-16"?>
<Level width ="2">
<Camera x="0" y="2" minWidth="20" maxWidth="30">
<Birds>
<Bird type="BirdBlue"/>
<Bird type="BirdRed"/>
<Bird type="BirdYellow"/>
<Bird type="BirdBlue"/>
<Bird type="BirdBlue"/>
<Bird type="BirdBlue"/>
<Bird type="BirdRed"/>
</Birds>
<Slingshot x="-8" y="-2.5">
<GameObjects>
<Pig type="BasicSmall" material="" x="-1.9" y="-3.375" rotation="0" />
<Block type="RectFat" material="stone" x="-1.8" y="-2.8850000000000002" rotation="0" />
<Block type="SquareTiny" material="wood" x="-1.7" y="-2.5100000000000007" rotation="0" />
<Block type="SquareTiny" material="wood" x="-1.6" y="-2.240000000000001" rotation="0" />
<Block type="SquareTiny" material="wood" x="-1.5" y="-1.9700000000000013" rotation="0" />
<Block type="SquareTiny" material="wood" x="-1.4" y="-1.700000000000001" rotation="0" />
<Block type="SquareTiny" material="wood" x="-1.3" y="-1.4300000000000008" rotation="0" />
<Block type="SquareTiny" material="wood" x="-1.2" y="-1.1600000000000006" rotation="0" />
<Block type="SquareTiny" material="wood" x="-1.1" y="-0.8900000000000005" rotation="0" />
<Block type="SquareTiny" material="wood" x="-1.0" y="-0.6200000000000004" rotation="0" />
<Block type="SquareTiny" material="wood" x="-0.9" y="-0.3500000000000005" rotation="0" />
<Block type="SquareTiny" material="wood" x="-0.8" y="-0.0800000000000005" rotation="0" />
<Block type="SquareTiny" material="wood" x="-0.7" y="0.1899999999999995" rotation="0" />
<Block type="SquareTiny" material="wood" x="-0.6" y="0.45999999999999946" rotation="0" />
<Block type="SquareTiny" material="wood" x="-0.5" y="0.7299999999999995" rotation="0" />
<Block type="SquareTiny" material="wood" x="-0.4" y="0.9999999999999996" rotation="0" />
<Block type="SquareTiny" material="stone" x="-0.3" y="1.2699999999999998" rotation="0" />
<Block type="SquareTiny" material="wood" x="-0.2" y="1.54" rotation="0" />
<Block type="SquareTiny" material="wood" x="-0.1" y="1.8100000000000003" rotation="0" />
<Block type="SquareTiny" material="wood" x="0.1" y="-3.49" rotation="0" />
</GameObjects>
</Level>
